metric,value,scope
cv.json.precision,0.5704685424336475,"coco8.yaml validation split; COCO8 is a tiny integration smoke dataset, not traffic-domain accuracy"
cv.json.recall,0.85,"coco8.yaml validation split; COCO8 is a tiny integration smoke dataset, not traffic-domain accuracy"
cv.json.map50,0.8461790945924886,"coco8.yaml validation split; COCO8 is a tiny integration smoke dataset, not traffic-domain accuracy"
cv.json.map50_95,0.6304297600978563,"coco8.yaml validation split; COCO8 is a tiny integration smoke dataset, not traffic-domain accuracy"
cv.json.speed_ms.preprocess,1.5798750100657344,"coco8.yaml validation split; COCO8 is a tiny integration smoke dataset, not traffic-domain accuracy"
cv.json.speed_ms.inference,32.76857500895858,"coco8.yaml validation split; COCO8 is a tiny integration smoke dataset, not traffic-domain accuracy"
cv.json.speed_ms.loss,0.00022497260943055153,"coco8.yaml validation split; COCO8 is a tiny integration smoke dataset, not traffic-domain accuracy"
cv.json.speed_ms.postprocess,3.6536750267259777,"coco8.yaml validation split; COCO8 is a tiny integration smoke dataset, not traffic-domain accuracy"
dependency-audit-npm.json.auditReportVersion,2,Known-advisory audit of locked npm packages after real-evaluation upgrade
dependency-audit-npm.json.metadata.vulnerabilities.info,0,Known-advisory audit of locked npm packages after real-evaluation upgrade
dependency-audit-npm.json.metadata.vulnerabilities.low,0,Known-advisory audit of locked npm packages after real-evaluation upgrade
dependency-audit-npm.json.metadata.vulnerabilities.moderate,0,Known-advisory audit of locked npm packages after real-evaluation upgrade
dependency-audit-npm.json.metadata.vulnerabilities.high,0,Known-advisory audit of locked npm packages after real-evaluation upgrade
dependency-audit-npm.json.metadata.vulnerabilities.critical,0,Known-advisory audit of locked npm packages after real-evaluation upgrade
dependency-audit-npm.json.metadata.vulnerabilities.total,0,Known-advisory audit of locked npm packages after real-evaluation upgrade
dependency-audit-npm.json.metadata.dependencies.prod,111,Known-advisory audit of locked npm packages after real-evaluation upgrade
dependency-audit-npm.json.metadata.dependencies.dev,254,Known-advisory audit of locked npm packages after real-evaluation upgrade
dependency-audit-npm.json.metadata.dependencies.optional,39,Known-advisory audit of locked npm packages after real-evaluation upgrade
dependency-audit-npm.json.metadata.dependencies.peer,19,Known-advisory audit of locked npm packages after real-evaluation upgrade
dependency-audit-npm.json.metadata.dependencies.peerOptional,0,Known-advisory audit of locked npm packages after real-evaluation upgrade
dependency-audit-npm.json.metadata.dependencies.total,414,Known-advisory audit of locked npm packages after real-evaluation upgrade
forecast.json.seed,4444,"Synthetic diurnal traffic series, 1-minute bins; these are experiment results, not forecasts for demo footage"
forecast.json.split.train_end,1728,"Synthetic diurnal traffic series, 1-minute bins; these are experiment results, not forecasts for demo footage"
forecast.json.split.validation_end,2304,"Synthetic diurnal traffic series, 1-minute bins; these are experiment results, not forecasts for demo footage"
forecast.json.split.test_start,2304,"Synthetic diurnal traffic series, 1-minute bins; these are experiment results, not forecasts for demo footage"
forecast.json.horizons.5.models.last_value.mae,2.705623544390823,"Synthetic diurnal traffic series, 1-minute bins; these are experiment results, not forecasts for demo footage"
forecast.json.horizons.5.models.last_value.rmse,3.3869094800588,"Synthetic diurnal traffic series, 1-minute bins; these are experiment results, not forecasts for demo footage"
forecast.json.horizons.5.models.last_value.mape_pct,34.650137688518434,"Synthetic diurnal traffic series, 1-minute bins; these are experiment results, not forecasts for demo footage"
forecast.json.horizons.5.models.last_value.mape_excludes_below,1,"Synthetic diurnal traffic series, 1-minute bins; these are experiment results, not forecasts for demo footage"
forecast.json.horizons.5.models.historical_mean.mae,6.327215706381028,"Synthetic diurnal traffic series, 1-minute bins; these are experiment results, not forecasts for demo footage"
forecast.json.horizons.5.models.historical_mean.rmse,7.160375309382598,"Synthetic diurnal traffic series, 1-minute bins; these are experiment results, not forecasts for demo footage"
forecast.json.horizons.5.models.historical_mean.mape_pct,101.83239729011828,"Synthetic diurnal traffic series, 1-minute bins; these are experiment results, not forecasts for demo footage"
forecast.json.horizons.5.models.historical_mean.mape_excludes_below,1,"Synthetic diurnal traffic series, 1-minute bins; these are experiment results, not forecasts for demo footage"
forecast.json.horizons.5.models.moving_average.mae,2.5651906154113786,"Synthetic diurnal traffic series, 1-minute bins; these are experiment results, not forecasts for demo footage"
forecast.json.horizons.5.models.moving_average.rmse,3.2141505834680033,"Synthetic diurnal traffic series, 1-minute bins; these are experiment results, not forecasts for demo footage"
forecast.json.horizons.5.models.moving_average.mape_pct,34.348209822480754,"Synthetic diurnal traffic series, 1-minute bins; these are experiment results, not forecasts for demo footage"
forecast.json.horizons.5.models.moving_average.mape_excludes_below,1,"Synthetic diurnal traffic series, 1-minute bins; these are experiment results, not forecasts for demo footage"
forecast.json.horizons.5.models.gradient_boosting.mae,2.466123707505823,"Synthetic diurnal traffic series, 1-minute bins; these are experiment results, not forecasts for demo footage"
forecast.json.horizons.5.models.gradient_boosting.rmse,3.085837821186586,"Synthetic diurnal traffic series, 1-minute bins; these are experiment results, not forecasts for demo footage"
forecast.json.horizons.5.models.gradient_boosting.mape_pct,32.70896326613714,"Synthetic diurnal traffic series, 1-minute bins; these are experiment results, not forecasts for demo footage"
forecast.json.horizons.5.models.gradient_boosting.mape_excludes_below,1,"Synthetic diurnal traffic series, 1-minute bins; these are experiment results, not forecasts for demo footage"
forecast.json.horizons.5.test_points,571,"Synthetic diurnal traffic series, 1-minute bins; these are experiment results, not forecasts for demo footage"
forecast.json.horizons.5.preview[0].minute,2304,"Synthetic diurnal traffic series, 1-minute bins; these are experiment results, not forecasts for demo footage"
forecast.json.horizons.5.preview[0].actual,11.859,"Synthetic diurnal traffic series, 1-minute bins; these are experiment results, not forecasts for demo footage"
forecast.json.horizons.5.preview[0].last_value,6.595,"Synthetic diurnal traffic series, 1-minute bins; these are experiment results, not forecasts for demo footage"
forecast.json.horizons.5.preview[0].historical_mean,15.616,"Synthetic diurnal traffic series, 1-minute bins; these are experiment results, not forecasts for demo footage"
forecast.json.horizons.5.preview[0].moving_average,9.367,"Synthetic diurnal traffic series, 1-minute bins; these are experiment results, not forecasts for demo footage"
forecast.json.horizons.5.preview[0].gradient_boosting,11.671,"Synthetic diurnal traffic series, 1-minute bins; these are experiment results, not forecasts for demo footage"
forecast.json.horizons.5.preview[1].minute,2307,"Synthetic diurnal traffic series, 1-minute bins; these are experiment results, not forecasts for demo footage"
forecast.json.horizons.5.preview[1].actual,10.859,"Synthetic diurnal traffic series, 1-minute bins; these are experiment results, not forecasts for demo footage"
forecast.json.horizons.5.preview[1].last_value,12.141,"Synthetic diurnal traffic series, 1-minute bins; these are experiment results, not forecasts for demo footage"
forecast.json.horizons.5.preview[1].historical_mean,15.616,"Synthetic diurnal traffic series, 1-minute bins; these are experiment results, not forecasts for demo footage"
forecast.json.horizons.5.preview[1].moving_average,9.298,"Synthetic diurnal traffic series, 1-minute bins; these are experiment results, not forecasts for demo footage"
forecast.json.horizons.5.preview[1].gradient_boosting,10.954,"Synthetic diurnal traffic series, 1-minute bins; these are experiment results, not forecasts for demo footage"
forecast.json.horizons.5.preview[2].minute,2310,"Synthetic diurnal traffic series, 1-minute bins; these are experiment results, not forecasts for demo footage"
forecast.json.horizons.5.preview[2].actual,8.697,"Synthetic diurnal traffic series, 1-minute bins; these are experiment results, not forecasts for demo footage"
forecast.json.horizons.5.preview[2].last_value,11.309,"Synthetic diurnal traffic series, 1-minute bins; these are experiment results, not forecasts for demo footage"
forecast.json.horizons.5.preview[2].historical_mean,15.616,"Synthetic diurnal traffic series, 1-minute bins; these are experiment results, not forecasts for demo footage"
forecast.json.horizons.5.preview[2].moving_average,11.682,"Synthetic diurnal traffic series, 1-minute bins; these are experiment results, not forecasts for demo footage"
forecast.json.horizons.5.preview[2].gradient_boosting,8.943,"Synthetic diurnal traffic series, 1-minute bins; these are experiment results, not forecasts for demo footage"
forecast.json.horizons.5.preview[3].minute,2313,"Synthetic diurnal traffic series, 1-minute bins; these are experiment results, not forecasts for demo footage"
forecast.json.horizons.5.preview[3].actual,6.77,"Synthetic diurnal traffic series, 1-minute bins; these are experiment results, not forecasts for demo footage"
forecast.json.horizons.5.preview[3].last_value,8.874,"Synthetic diurnal traffic series, 1-minute bins; these are experiment results, not forecasts for demo footage"
forecast.json.horizons.5.preview[3].historical_mean,15.616,"Synthetic diurnal traffic series, 1-minute bins; these are experiment results, not forecasts for demo footage"
forecast.json.horizons.5.preview[3].moving_average,11.085,"Synthetic diurnal traffic series, 1-minute bins; these are experiment results, not forecasts for demo footage"
forecast.json.horizons.5.preview[3].gradient_boosting,6.939,"Synthetic diurnal traffic series, 1-minute bins; these are experiment results, not forecasts for demo footage"
forecast.json.horizons.5.preview[4].minute,2316,"Synthetic diurnal traffic series, 1-minute bins; these are experiment results, not forecasts for demo footage"
forecast.json.horizons.5.preview[4].actual,8.22,"Synthetic diurnal traffic series, 1-minute bins; these are experiment results, not forecasts for demo footage"
forecast.json.horizons.5.preview[4].last_value,7.602,"Synthetic diurnal traffic series, 1-minute bins; these are experiment results, not forecasts for demo footage"
forecast.json.horizons.5.preview[4].historical_mean,15.616,"Synthetic diurnal traffic series, 1-minute bins; these are experiment results, not forecasts for demo footage"
forecast.json.horizons.5.preview[4].moving_average,9.126,"Synthetic diurnal traffic series, 1-minute bins; these are experiment results, not forecasts for demo footage"
forecast.json.horizons.5.preview[4].gradient_boosting,8.307,"Synthetic diurnal traffic series, 1-minute bins; these are experiment results, not forecasts for demo footage"
forecast.json.horizons.5.preview[5].minute,2319,"Synthetic diurnal traffic series, 1-minute bins; these are experiment results, not forecasts for demo footage"
forecast.json.horizons.5.preview[5].actual,7.791,"Synthetic diurnal traffic series, 1-minute bins; these are experiment results, not forecasts for demo footage"
forecast.json.horizons.5.preview[5].last_value,7.32,"Synthetic diurnal traffic series, 1-minute bins; these are experiment results, not forecasts for demo footage"
forecast.json.horizons.5.preview[5].historical_mean,15.616,"Synthetic diurnal traffic series, 1-minute bins; these are experiment results, not forecasts for demo footage"
forecast.json.horizons.5.preview[5].moving_average,7.87,"Synthetic diurnal traffic series, 1-minute bins; these are experiment results, not forecasts for demo footage"
forecast.json.horizons.5.preview[5].gradient_boosting,7.995,"Synthetic diurnal traffic series, 1-minute bins; these are experiment results, not forecasts for demo footage"
forecast.json.horizons.5.preview[6].minute,2322,"Synthetic diurnal traffic series, 1-minute bins; these are experiment results, not forecasts for demo footage"
forecast.json.horizons.5.preview[6].actual,7.81,"Synthetic diurnal traffic series, 1-minute bins; these are experiment results, not forecasts for demo footage"
forecast.json.horizons.5.preview[6].last_value,6.137,"Synthetic diurnal traffic series, 1-minute bins; these are experiment results, not forecasts for demo footage"
forecast.json.horizons.5.preview[6].historical_mean,15.616,"Synthetic diurnal traffic series, 1-minute bins; these are experiment results, not forecasts for demo footage"
forecast.json.horizons.5.preview[6].moving_average,7.283,"Synthetic diurnal traffic series, 1-minute bins; these are experiment results, not forecasts for demo footage"
forecast.json.horizons.5.preview[6].gradient_boosting,7.4,"Synthetic diurnal traffic series, 1-minute bins; these are experiment results, not forecasts for demo footage"
forecast.json.horizons.5.preview[7].minute,2325,"Synthetic diurnal traffic series, 1-minute bins; these are experiment results, not forecasts for demo footage"
forecast.json.horizons.5.preview[7].actual,5.531,"Synthetic diurnal traffic series, 1-minute bins; these are experiment results, not forecasts for demo footage"
forecast.json.horizons.5.preview[7].last_value,6.41,"Synthetic diurnal traffic series, 1-minute bins; these are experiment results, not forecasts for demo footage"
forecast.json.horizons.5.preview[7].historical_mean,15.616,"Synthetic diurnal traffic series, 1-minute bins; these are experiment results, not forecasts for demo footage"
forecast.json.horizons.5.preview[7].moving_average,7.623,"Synthetic diurnal traffic series, 1-minute bins; these are experiment results, not forecasts for demo footage"
forecast.json.horizons.5.preview[7].gradient_boosting,8.121,"Synthetic diurnal traffic series, 1-minute bins; these are experiment results, not forecasts for demo footage"
forecast.json.horizons.5.preview[8].minute,2328,"Synthetic diurnal traffic series, 1-minute bins; these are experiment results, not forecasts for demo footage"
forecast.json.horizons.5.preview[8].actual,6.559,"Synthetic diurnal traffic series, 1-minute bins; these are experiment results, not forecasts for demo footage"
forecast.json.horizons.5.preview[8].last_value,7.226,"Synthetic diurnal traffic series, 1-minute bins; these are experiment results, not forecasts for demo footage"
forecast.json.horizons.5.preview[8].historical_mean,15.616,"Synthetic diurnal traffic series, 1-minute bins; these are experiment results, not forecasts for demo footage"
forecast.json.horizons.5.preview[8].moving_average,7.339,"Synthetic diurnal traffic series, 1-minute bins; these are experiment results, not forecasts for demo footage"
forecast.json.horizons.5.preview[8].gradient_boosting,9.235,"Synthetic diurnal traffic series, 1-minute bins; these are experiment results, not forecasts for demo footage"
forecast.json.horizons.5.preview[9].minute,2331,"Synthetic diurnal traffic series, 1-minute bins; these are experiment results, not forecasts for demo footage"
forecast.json.horizons.5.preview[9].actual,5.185,"Synthetic diurnal traffic series, 1-minute bins; these are experiment results, not forecasts for demo footage"
forecast.json.horizons.5.preview[9].last_value,4.762,"Synthetic diurnal traffic series, 1-minute bins; these are experiment results, not forecasts for demo footage"
forecast.json.horizons.5.preview[9].historical_mean,15.616,"Synthetic diurnal traffic series, 1-minute bins; these are experiment results, not forecasts for demo footage"
forecast.json.horizons.5.preview[9].moving_average,6.234,"Synthetic diurnal traffic series, 1-minute bins; these are experiment results, not forecasts for demo footage"
forecast.json.horizons.5.preview[9].gradient_boosting,6.932,"Synthetic diurnal traffic series, 1-minute bins; these are experiment results, not forecasts for demo footage"
forecast.json.horizons.5.preview[10].minute,2334,"Synthetic diurnal traffic series, 1-minute bins; these are experiment results, not forecasts for demo footage"
forecast.json.horizons.5.preview[10].actual,7.985,"Synthetic diurnal traffic series, 1-minute bins; these are experiment results, not forecasts for demo footage"
forecast.json.horizons.5.preview[10].last_value,5.475,"Synthetic diurnal traffic series, 1-minute bins; these are experiment results, not forecasts for demo footage"
forecast.json.horizons.5.preview[10].historical_mean,15.616,"Synthetic diurnal traffic series, 1-minute bins; these are experiment results, not forecasts for demo footage"
forecast.json.horizons.5.preview[10].moving_average,5.341,"Synthetic diurnal traffic series, 1-minute bins; these are experiment results, not forecasts for demo footage"
forecast.json.horizons.5.preview[10].gradient_boosting,8.381,"Synthetic diurnal traffic series, 1-minute bins; these are experiment results, not forecasts for demo footage"
forecast.json.horizons.5.preview[11].minute,2337,"Synthetic diurnal traffic series, 1-minute bins; these are experiment results, not forecasts for demo footage"
forecast.json.horizons.5.preview[11].actual,8.002,"Synthetic diurnal traffic series, 1-minute bins; these are experiment results, not forecasts for demo footage"
forecast.json.horizons.5.preview[11].last_value,9.211,"Synthetic diurnal traffic series, 1-minute bins; these are experiment results, not forecasts for demo footage"
forecast.json.horizons.5.preview[11].historical_mean,15.616,"Synthetic diurnal traffic series, 1-minute bins; these are experiment results, not forecasts for demo footage"
forecast.json.horizons.5.preview[11].moving_average,6.278,"Synthetic diurnal traffic series, 1-minute bins; these are experiment results, not forecasts for demo footage"
forecast.json.horizons.5.preview[11].gradient_boosting,9.2,"Synthetic diurnal traffic series, 1-minute bins; these are experiment results, not forecasts for demo footage"
forecast.json.horizons.5.preview[12].minute,2340,"Synthetic diurnal traffic series, 1-minute bins; these are experiment results, not forecasts for demo footage"
forecast.json.horizons.5.preview[12].actual,7.648,"Synthetic diurnal traffic series, 1-minute bins; these are experiment results, not forecasts for demo footage"
forecast.json.horizons.5.preview[12].last_value,6.755,"Synthetic diurnal traffic series, 1-minute bins; these are experiment results, not forecasts for demo footage"
forecast.json.horizons.5.preview[12].historical_mean,15.616,"Synthetic diurnal traffic series, 1-minute bins; these are experiment results, not forecasts for demo footage"
forecast.json.horizons.5.preview[12].moving_average,7.242,"Synthetic diurnal traffic series, 1-minute bins; these are experiment results, not forecasts for demo footage"
forecast.json.horizons.5.preview[12].gradient_boosting,10.242,"Synthetic diurnal traffic series, 1-minute bins; these are experiment results, not forecasts for demo footage"
forecast.json.horizons.5.preview[13].minute,2343,"Synthetic diurnal traffic series, 1-minute bins; these are experiment results, not forecasts for demo footage"
forecast.json.horizons.5.preview[13].actual,7.515,"Synthetic diurnal traffic series, 1-minute bins; these are experiment results, not forecasts for demo footage"
forecast.json.horizons.5.preview[13].last_value,10.795,"Synthetic diurnal traffic series, 1-minute bins; these are experiment results, not forecasts for demo footage"
forecast.json.horizons.5.preview[13].historical_mean,15.616,"Synthetic diurnal traffic series, 1-minute bins; these are experiment results, not forecasts for demo footage"
forecast.json.horizons.5.preview[13].moving_average,8.658,"Synthetic diurnal traffic series, 1-minute bins; these are experiment results, not forecasts for demo footage"
forecast.json.horizons.5.preview[13].gradient_boosting,9.549,"Synthetic diurnal traffic series, 1-minute bins; these are experiment results, not forecasts for demo footage"
forecast.json.horizons.5.preview[14].minute,2346,"Synthetic diurnal traffic series, 1-minute bins; these are experiment results, not forecasts for demo footage"
forecast.json.horizons.5.preview[14].actual,11.234,"Synthetic diurnal traffic series, 1-minute bins; these are experiment results, not forecasts for demo footage"
forecast.json.horizons.5.preview[14].last_value,4.95,"Synthetic diurnal traffic series, 1-minute bins; these are experiment results, not forecasts for demo footage"
forecast.json.horizons.5.preview[14].historical_mean,15.616,"Synthetic diurnal traffic series, 1-minute bins; these are experiment results, not forecasts for demo footage"
forecast.json.horizons.5.preview[14].moving_average,7.635,"Synthetic diurnal traffic series, 1-minute bins; these are experiment results, not forecasts for demo footage"
forecast.json.horizons.5.preview[14].gradient_boosting,9.184,"Synthetic diurnal traffic series, 1-minute bins; these are experiment results, not forecasts for demo footage"
forecast.json.horizons.5.preview[15].minute,2349,"Synthetic diurnal traffic series, 1-minute bins; these are experiment results, not forecasts for demo footage"
forecast.json.horizons.5.preview[15].actual,10.952,"Synthetic diurnal traffic series, 1-minute bins; these are experiment results, not forecasts for demo footage"
forecast.json.horizons.5.preview[15].last_value,7.454,"Synthetic diurnal traffic series, 1-minute bins; these are experiment results, not forecasts for demo footage"
forecast.json.horizons.5.preview[15].historical_mean,15.616,"Synthetic diurnal traffic series, 1-minute bins; these are experiment results, not forecasts for demo footage"
forecast.json.horizons.5.preview[15].moving_average,6.797,"Synthetic diurnal traffic series, 1-minute bins; these are experiment results, not forecasts for demo footage"
forecast.json.horizons.5.preview[15].gradient_boosting,9.454,"Synthetic diurnal traffic series, 1-minute bins; these are experiment results, not forecasts for demo footage"
forecast.json.horizons.5.preview[16].minute,2352,"Synthetic diurnal traffic series, 1-minute bins; these are experiment results, not forecasts for demo footage"
forecast.json.horizons.5.preview[16].actual,11.156,"Synthetic diurnal traffic series, 1-minute bins; these are experiment results, not forecasts for demo footage"
forecast.json.horizons.5.preview[16].last_value,10.668,"Synthetic diurnal traffic series, 1-minute bins; these are experiment results, not forecasts for demo footage"
forecast.json.horizons.5.preview[16].historical_mean,15.616,"Synthetic diurnal traffic series, 1-minute bins; these are experiment results, not forecasts for demo footage"
forecast.json.horizons.5.preview[16].moving_average,8.958,"Synthetic diurnal traffic series, 1-minute bins; these are experiment results, not forecasts for demo footage"
forecast.json.horizons.5.preview[16].gradient_boosting,9.909,"Synthetic diurnal traffic series, 1-minute bins; these are experiment results, not forecasts for demo footage"
forecast.json.horizons.5.preview[17].minute,2355,"Synthetic diurnal traffic series, 1-minute bins; these are experiment results, not forecasts for demo footage"
forecast.json.horizons.5.preview[17].actual,11.249,"Synthetic diurnal traffic series, 1-minute bins; these are experiment results, not forecasts for demo footage"
forecast.json.horizons.5.preview[17].last_value,11.027,"Synthetic diurnal traffic series, 1-minute bins; these are experiment results, not forecasts for demo footage"
forecast.json.horizons.5.preview[17].historical_mean,15.616,"Synthetic diurnal traffic series, 1-minute bins; these are experiment results, not forecasts for demo footage"
forecast.json.horizons.5.preview[17].moving_average,11.081,"Synthetic diurnal traffic series, 1-minute bins; these are experiment results, not forecasts for demo footage"
forecast.json.horizons.5.preview[17].gradient_boosting,7.678,"Synthetic diurnal traffic series, 1-minute bins; these are experiment results, not forecasts for demo footage"
forecast.json.horizons.5.preview[18].minute,2358,"Synthetic diurnal traffic series, 1-minute bins; these are experiment results, not forecasts for demo footage"
forecast.json.horizons.5.preview[18].actual,8.484,"Synthetic diurnal traffic series, 1-minute bins; these are experiment results, not forecasts for demo footage"
forecast.json.horizons.5.preview[18].last_value,8.787,"Synthetic diurnal traffic series, 1-minute bins; these are experiment results, not forecasts for demo footage"
forecast.json.horizons.5.preview[18].historical_mean,15.616,"Synthetic diurnal traffic series, 1-minute bins; these are experiment results, not forecasts for demo footage"
forecast.json.horizons.5.preview[18].moving_average,10.934,"Synthetic diurnal traffic series, 1-minute bins; these are experiment results, not forecasts for demo footage"
forecast.json.horizons.5.preview[18].gradient_boosting,7.265,"Synthetic diurnal traffic series, 1-minute bins; these are experiment results, not forecasts for demo footage"
forecast.json.horizons.5.preview[19].minute,2361,"Synthetic diurnal traffic series, 1-minute bins; these are experiment results, not forecasts for demo footage"
forecast.json.horizons.5.preview[19].actual,8.394,"Synthetic diurnal traffic series, 1-minute bins; these are experiment results, not forecasts for demo footage"
forecast.json.horizons.5.preview[19].last_value,11.367,"Synthetic diurnal traffic series, 1-minute bins; these are experiment results, not forecasts for demo footage"
forecast.json.horizons.5.preview[19].historical_mean,15.616,"Synthetic diurnal traffic series, 1-minute bins; these are experiment results, not forecasts for demo footage"
forecast.json.horizons.5.preview[19].moving_average,9.965,"Synthetic diurnal traffic series, 1-minute bins; these are experiment results, not forecasts for demo footage"
forecast.json.horizons.5.preview[19].gradient_boosting,7.333,"Synthetic diurnal traffic series, 1-minute bins; these are experiment results, not forecasts for demo footage"
forecast.json.horizons.5.preview[20].minute,2364,"Synthetic diurnal traffic series, 1-minute bins; these are experiment results, not forecasts for demo footage"
forecast.json.horizons.5.preview[20].actual,6.35,"Synthetic diurnal traffic series, 1-minute bins; these are experiment results, not forecasts for demo footage"
forecast.json.horizons.5.preview[20].last_value,8.181,"Synthetic diurnal traffic series, 1-minute bins; these are experiment results, not forecasts for demo footage"
forecast.json.horizons.5.preview[20].historical_mean,15.616,"Synthetic diurnal traffic series, 1-minute bins; these are experiment results, not forecasts for demo footage"
forecast.json.horizons.5.preview[20].moving_average,9.578,"Synthetic diurnal traffic series, 1-minute bins; these are experiment results, not forecasts for demo footage"
forecast.json.horizons.5.preview[20].gradient_boosting,8.244,"Synthetic diurnal traffic series, 1-minute bins; these are experiment results, not forecasts for demo footage"
forecast.json.horizons.5.preview[21].minute,2367,"Synthetic diurnal traffic series, 1-minute bins; these are experiment results, not forecasts for demo footage"
forecast.json.horizons.5.preview[21].actual,5.39,"Synthetic diurnal traffic series, 1-minute bins; these are experiment results, not forecasts for demo footage"
forecast.json.horizons.5.preview[21].last_value,6.643,"Synthetic diurnal traffic series, 1-minute bins; these are experiment results, not forecasts for demo footage"
forecast.json.horizons.5.preview[21].historical_mean,15.616,"Synthetic diurnal traffic series, 1-minute bins; these are experiment results, not forecasts for demo footage"
forecast.json.horizons.5.preview[21].moving_average,7.973,"Synthetic diurnal traffic series, 1-minute bins; these are experiment results, not forecasts for demo footage"
forecast.json.horizons.5.preview[21].gradient_boosting,9.482,"Synthetic diurnal traffic series, 1-minute bins; these are experiment results, not forecasts for demo footage"
forecast.json.horizons.5.preview[22].minute,2370,"Synthetic diurnal traffic series, 1-minute bins; these are experiment results, not forecasts for demo footage"
forecast.json.horizons.5.preview[22].actual,5.98,"Synthetic diurnal traffic series, 1-minute bins; these are experiment results, not forecasts for demo footage"
forecast.json.horizons.5.preview[22].last_value,7.85,"Synthetic diurnal traffic series, 1-minute bins; these are experiment results, not forecasts for demo footage"
forecast.json.horizons.5.preview[22].historical_mean,15.616,"Synthetic diurnal traffic series, 1-minute bins; these are experiment results, not forecasts for demo footage"
forecast.json.horizons.5.preview[22].moving_average,7.232,"Synthetic diurnal traffic series, 1-minute bins; these are experiment results, not forecasts for demo footage"
forecast.json.horizons.5.preview[22].gradient_boosting,10.377,"Synthetic diurnal traffic series, 1-minute bins; these are experiment results, not forecasts for demo footage"
forecast.json.horizons.5.preview[23].minute,2373,"Synthetic diurnal traffic series, 1-minute bins; these are experiment results, not forecasts for demo footage"
forecast.json.horizons.5.preview[23].actual,9.46,"Synthetic diurnal traffic series, 1-minute bins; these are experiment results, not forecasts for demo footage"
forecast.json.horizons.5.preview[23].last_value,4.813,"Synthetic diurnal traffic series, 1-minute bins; these are experiment results, not forecasts for demo footage"
forecast.json.horizons.5.preview[23].historical_mean,15.616,"Synthetic diurnal traffic series, 1-minute bins; these are experiment results, not forecasts for demo footage"
forecast.json.horizons.5.preview[23].moving_average,6.196,"Synthetic diurnal traffic series, 1-minute bins; these are experiment results, not forecasts for demo footage"
forecast.json.horizons.5.preview[23].gradient_boosting,7.326,"Synthetic diurnal traffic series, 1-minute bins; these are experiment results, not forecasts for demo footage"
forecast.json.horizons.5.preview[24].minute,2376,"Synthetic diurnal traffic series, 1-minute bins; these are experiment results, not forecasts for demo footage"
forecast.json.horizons.5.preview[24].actual,9.942,"Synthetic diurnal traffic series, 1-minute bins; these are experiment results, not forecasts for demo footage"
forecast.json.horizons.5.preview[24].last_value,8.444,"Synthetic diurnal traffic series, 1-minute bins; these are experiment results, not forecasts for demo footage"
forecast.json.horizons.5.preview[24].historical_mean,15.616,"Synthetic diurnal traffic series, 1-minute bins; these are experiment results, not forecasts for demo footage"
forecast.json.horizons.5.preview[24].moving_average,6.093,"Synthetic diurnal traffic series, 1-minute bins; these are experiment results, not forecasts for demo footage"
forecast.json.horizons.5.preview[24].gradient_boosting,10.028,"Synthetic diurnal traffic series, 1-minute bins; these are experiment results, not forecasts for demo footage"
forecast.json.horizons.5.preview[25].minute,2379,"Synthetic diurnal traffic series, 1-minute bins; these are experiment results, not forecasts for demo footage"
forecast.json.horizons.5.preview[25].actual,6.03,"Synthetic diurnal traffic series, 1-minute bins; these are experiment results, not forecasts for demo footage"
forecast.json.horizons.5.preview[25].last_value,5.897,"Synthetic diurnal traffic series, 1-minute bins; these are experiment results, not forecasts for demo footage"
forecast.json.horizons.5.preview[25].historical_mean,15.616,"Synthetic diurnal traffic series, 1-minute bins; these are experiment results, not forecasts for demo footage"
forecast.json.horizons.5.preview[25].moving_average,7.783,"Synthetic diurnal traffic series, 1-minute bins; these are experiment results, not forecasts for demo footage"
forecast.json.horizons.5.preview[25].gradient_boosting,7.496,"Synthetic diurnal traffic series, 1-minute bins; these are experiment results, not forecasts for demo footage"
forecast.json.horizons.5.preview[26].minute,2382,"Synthetic diurnal traffic series, 1-minute bins; these are experiment results, not forecasts for demo footage"
forecast.json.horizons.5.preview[26].actual,4.587,"Synthetic diurnal traffic series, 1-minute bins; these are experiment results, not forecasts for demo footage"
forecast.json.horizons.5.preview[26].last_value,11.069,"Synthetic diurnal traffic series, 1-minute bins; these are experiment results, not forecasts for demo footage"
forecast.json.horizons.5.preview[26].historical_mean,15.616,"Synthetic diurnal traffic series, 1-minute bins; these are experiment results, not forecasts for demo footage"
forecast.json.horizons.5.preview[26].moving_average,8.487,"Synthetic diurnal traffic series, 1-minute bins; these are experiment results, not forecasts for demo footage"
forecast.json.horizons.5.preview[26].gradient_boosting,7.06,"Synthetic diurnal traffic series, 1-minute bins; these are experiment results, not forecasts for demo footage"
forecast.json.horizons.5.preview[27].minute,2385,"Synthetic diurnal traffic series, 1-minute bins; these are experiment results, not forecasts for demo footage"
forecast.json.horizons.5.preview[27].actual,6.287,"Synthetic diurnal traffic series, 1-minute bins; these are experiment results, not forecasts for demo footage"
forecast.json.horizons.5.preview[27].last_value,7.053,"Synthetic diurnal traffic series, 1-minute bins; these are experiment results, not forecasts for demo footage"
forecast.json.horizons.5.preview[27].historical_mean,15.616,"Synthetic diurnal traffic series, 1-minute bins; these are experiment results, not forecasts for demo footage"
forecast.json.horizons.5.preview[27].moving_average,8.609,"Synthetic diurnal traffic series, 1-minute bins; these are experiment results, not forecasts for demo footage"
forecast.json.horizons.5.preview[27].gradient_boosting,8.793,"Synthetic diurnal traffic series, 1-minute bins; these are experiment results, not forecasts for demo footage"
forecast.json.horizons.5.preview[28].minute,2388,"Synthetic diurnal traffic series, 1-minute bins; these are experiment results, not forecasts for demo footage"
forecast.json.horizons.5.preview[28].actual,7.837,"Synthetic diurnal traffic series, 1-minute bins; these are experiment results, not forecasts for demo footage"
forecast.json.horizons.5.preview[28].last_value,5.493,"Synthetic diurnal traffic series, 1-minute bins; these are experiment results, not forecasts for demo footage"
forecast.json.horizons.5.preview[28].historical_mean,15.616,"Synthetic diurnal traffic series, 1-minute bins; these are experiment results, not forecasts for demo footage"
forecast.json.horizons.5.preview[28].moving_average,5.881,"Synthetic diurnal traffic series, 1-minute bins; these are experiment results, not forecasts for demo footage"
forecast.json.horizons.5.preview[28].gradient_boosting,11.265,"Synthetic diurnal traffic series, 1-minute bins; these are experiment results, not forecasts for demo footage"
forecast.json.horizons.5.preview[29].minute,2391,"Synthetic diurnal traffic series, 1-minute bins; these are experiment results, not forecasts for demo footage"
forecast.json.horizons.5.preview[29].actual,10.137,"Synthetic diurnal traffic series, 1-minute bins; these are experiment results, not forecasts for demo footage"
forecast.json.horizons.5.preview[29].last_value,3.26,"Synthetic diurnal traffic series, 1-minute bins; these are experiment results, not forecasts for demo footage"
forecast.json.horizons.5.preview[29].historical_mean,15.616,"Synthetic diurnal traffic series, 1-minute bins; these are experiment results, not forecasts for demo footage"
forecast.json.horizons.5.preview[29].moving_average,4.772,"Synthetic diurnal traffic series, 1-minute bins; these are experiment results, not forecasts for demo footage"
forecast.json.horizons.5.preview[29].gradient_boosting,12.255,"Synthetic diurnal traffic series, 1-minute bins; these are experiment results, not forecasts for demo footage"
forecast.json.horizons.5.preview[30].minute,2394,"Synthetic diurnal traffic series, 1-minute bins; these are experiment results, not forecasts for demo footage"
forecast.json.horizons.5.preview[30].actual,6.969,"Synthetic diurnal traffic series, 1-minute bins; these are experiment results, not forecasts for demo footage"
forecast.json.horizons.5.preview[30].last_value,9.424,"Synthetic diurnal traffic series, 1-minute bins; these are experiment results, not forecasts for demo footage"
forecast.json.horizons.5.preview[30].historical_mean,15.616,"Synthetic diurnal traffic series, 1-minute bins; these are experiment results, not forecasts for demo footage"
forecast.json.horizons.5.preview[30].moving_average,6.049,"Synthetic diurnal traffic series, 1-minute bins; these are experiment results, not forecasts for demo footage"
forecast.json.horizons.5.preview[30].gradient_boosting,11.77,"Synthetic diurnal traffic series, 1-minute bins; these are experiment results, not forecasts for demo footage"
forecast.json.horizons.5.preview[31].minute,2397,"Synthetic diurnal traffic series, 1-minute bins; these are experiment results, not forecasts for demo footage"
forecast.json.horizons.5.preview[31].actual,7.552,"Synthetic diurnal traffic series, 1-minute bins; these are experiment results, not forecasts for demo footage"
forecast.json.horizons.5.preview[31].last_value,9.35,"Synthetic diurnal traffic series, 1-minute bins; these are experiment results, not forecasts for demo footage"
forecast.json.horizons.5.preview[31].historical_mean,15.616,"Synthetic diurnal traffic series, 1-minute bins; these are experiment results, not forecasts for demo footage"
forecast.json.horizons.5.preview[31].moving_average,9.882,"Synthetic diurnal traffic series, 1-minute bins; these are experiment results, not forecasts for demo footage"
forecast.json.horizons.5.preview[31].gradient_boosting,7.778,"Synthetic diurnal traffic series, 1-minute bins; these are experiment results, not forecasts for demo footage"
forecast.json.horizons.5.preview[32].minute,2400,"Synthetic diurnal traffic series, 1-minute bins; these are experiment results, not forecasts for demo footage"
forecast.json.horizons.5.preview[32].actual,9.292,"Synthetic diurnal traffic series, 1-minute bins; these are experiment results, not forecasts for demo footage"
forecast.json.horizons.5.preview[32].last_value,6.131,"Synthetic diurnal traffic series, 1-minute bins; these are experiment results, not forecasts for demo footage"
forecast.json.horizons.5.preview[32].historical_mean,15.616,"Synthetic diurnal traffic series, 1-minute bins; these are experiment results, not forecasts for demo footage"
forecast.json.horizons.5.preview[32].moving_average,8.012,"Synthetic diurnal traffic series, 1-minute bins; these are experiment results, not forecasts for demo footage"
forecast.json.horizons.5.preview[32].gradient_boosting,8.774,"Synthetic diurnal traffic series, 1-minute bins; these are experiment results, not forecasts for demo footage"
forecast.json.horizons.5.preview[33].minute,2403,"Synthetic diurnal traffic series, 1-minute bins; these are experiment results, not forecasts for demo footage"
forecast.json.horizons.5.preview[33].actual,9.648,"Synthetic diurnal traffic series, 1-minute bins; these are experiment results, not forecasts for demo footage"
forecast.json.horizons.5.preview[33].last_value,7.478,"Synthetic diurnal traffic series, 1-minute bins; these are experiment results, not forecasts for demo footage"
forecast.json.horizons.5.preview[33].historical_mean,15.616,"Synthetic diurnal traffic series, 1-minute bins; these are experiment results, not forecasts for demo footage"
forecast.json.horizons.5.preview[33].moving_average,7.616,"Synthetic diurnal traffic series, 1-minute bins; these are experiment results, not forecasts for demo footage"
forecast.json.horizons.5.preview[33].gradient_boosting,9.181,"Synthetic diurnal traffic series, 1-minute bins; these are experiment results, not forecasts for demo footage"
forecast.json.horizons.5.preview[34].minute,2406,"Synthetic diurnal traffic series, 1-minute bins; these are experiment results, not forecasts for demo footage"
forecast.json.horizons.5.preview[34].actual,9.61,"Synthetic diurnal traffic series, 1-minute bins; these are experiment results, not forecasts for demo footage"
forecast.json.horizons.5.preview[34].last_value,11.517,"Synthetic diurnal traffic series, 1-minute bins; these are experiment results, not forecasts for demo footage"
forecast.json.horizons.5.preview[34].historical_mean,15.616,"Synthetic diurnal traffic series, 1-minute bins; these are experiment results, not forecasts for demo footage"
forecast.json.horizons.5.preview[34].moving_average,8.508,"Synthetic diurnal traffic series, 1-minute bins; these are experiment results, not forecasts for demo footage"
forecast.json.horizons.5.preview[34].gradient_boosting,8.672,"Synthetic diurnal traffic series, 1-minute bins; these are experiment results, not forecasts for demo footage"
forecast.json.horizons.5.preview[35].minute,2409,"Synthetic diurnal traffic series, 1-minute bins; these are experiment results, not forecasts for demo footage"
forecast.json.horizons.5.preview[35].actual,12.513,"Synthetic diurnal traffic series, 1-minute bins; these are experiment results, not forecasts for demo footage"
forecast.json.horizons.5.preview[35].last_value,10.326,"Synthetic diurnal traffic series, 1-minute bins; these are experiment results, not forecasts for demo footage"
forecast.json.horizons.5.preview[35].historical_mean,15.616,"Synthetic diurnal traffic series, 1-minute bins; these are experiment results, not forecasts for demo footage"
forecast.json.horizons.5.preview[35].moving_average,10.322,"Synthetic diurnal traffic series, 1-minute bins; these are experiment results, not forecasts for demo footage"
forecast.json.horizons.5.preview[35].gradient_boosting,7.39,"Synthetic diurnal traffic series, 1-minute bins; these are experiment results, not forecasts for demo footage"
forecast.json.horizons.5.preview[36].minute,2412,"Synthetic diurnal traffic series, 1-minute bins; these are experiment results, not forecasts for demo footage"
forecast.json.horizons.5.preview[36].actual,13.656,"Synthetic diurnal traffic series, 1-minute bins; these are experiment results, not forecasts for demo footage"
forecast.json.horizons.5.preview[36].last_value,11.204,"Synthetic diurnal traffic series, 1-minute bins; these are experiment results, not forecasts for demo footage"
forecast.json.horizons.5.preview[36].historical_mean,15.616,"Synthetic diurnal traffic series, 1-minute bins; these are experiment results, not forecasts for demo footage"
forecast.json.horizons.5.preview[36].moving_average,10.17,"Synthetic diurnal traffic series, 1-minute bins; these are experiment results, not forecasts for demo footage"
forecast.json.horizons.5.preview[36].gradient_boosting,7.458,"Synthetic diurnal traffic series, 1-minute bins; these are experiment results, not forecasts for demo footage"
forecast.json.horizons.5.preview[37].minute,2415,"Synthetic diurnal traffic series, 1-minute bins; these are experiment results, not forecasts for demo footage"
forecast.json.horizons.5.preview[37].actual,11.298,"Synthetic diurnal traffic series, 1-minute bins; these are experiment results, not forecasts for demo footage"
forecast.json.horizons.5.preview[37].last_value,14.02,"Synthetic diurnal traffic series, 1-minute bins; these are experiment results, not forecasts for demo footage"
forecast.json.horizons.5.preview[37].historical_mean,15.616,"Synthetic diurnal traffic series, 1-minute bins; these are experiment results, not forecasts for demo footage"
forecast.json.horizons.5.preview[37].moving_average,11.455,"Synthetic diurnal traffic series, 1-minute bins; these are experiment results, not forecasts for demo footage"
forecast.json.horizons.5.preview[37].gradient_boosting,8.701,"Synthetic diurnal traffic series, 1-minute bins; these are experiment results, not forecasts for demo footage"
forecast.json.horizons.5.preview[38].minute,2418,"Synthetic diurnal traffic series, 1-minute bins; these are experiment results, not forecasts for demo footage"
forecast.json.horizons.5.preview[38].actual,10.409,"Synthetic diurnal traffic series, 1-minute bins; these are experiment results, not forecasts for demo footage"
forecast.json.horizons.5.preview[38].last_value,11.686,"Synthetic diurnal traffic series, 1-minute bins; these are experiment results, not forecasts for demo footage"
forecast.json.horizons.5.preview[38].historical_mean,15.616,"Synthetic diurnal traffic series, 1-minute bins; these are experiment results, not forecasts for demo footage"
forecast.json.horizons.5.preview[38].moving_average,12.417,"Synthetic diurnal traffic series, 1-minute bins; these are experiment results, not forecasts for demo footage"
forecast.json.horizons.5.preview[38].gradient_boosting,11.047,"Synthetic diurnal traffic series, 1-minute bins; these are experiment results, not forecasts for demo footage"
forecast.json.horizons.5.preview[39].minute,2421,"Synthetic diurnal traffic series, 1-minute bins; these are experiment results, not forecasts for demo footage"
forecast.json.horizons.5.preview[39].actual,6.159,"Synthetic diurnal traffic series, 1-minute bins; these are experiment results, not forecasts for demo footage"
forecast.json.horizons.5.preview[39].last_value,9.384,"Synthetic diurnal traffic series, 1-minute bins; these are experiment results, not forecasts for demo footage"
forecast.json.horizons.5.preview[39].historical_mean,15.616,"Synthetic diurnal traffic series, 1-minute bins; these are experiment results, not forecasts for demo footage"
forecast.json.horizons.5.preview[39].moving_average,11.752,"Synthetic diurnal traffic series, 1-minute bins; these are experiment results, not forecasts for demo footage"
forecast.json.horizons.5.preview[39].gradient_boosting,12.762,"Synthetic diurnal traffic series, 1-minute bins; these are experiment results, not forecasts for demo footage"
forecast.json.horizons.5.preview[40].minute,2424,"Synthetic diurnal traffic series, 1-minute bins; these are experiment results, not forecasts for demo footage"
forecast.json.horizons.5.preview[40].actual,8.72,"Synthetic diurnal traffic series, 1-minute bins; these are experiment results, not forecasts for demo footage"
forecast.json.horizons.5.preview[40].last_value,8.738,"Synthetic diurnal traffic series, 1-minute bins; these are experiment results, not forecasts for demo footage"
forecast.json.horizons.5.preview[40].historical_mean,15.616,"Synthetic diurnal traffic series, 1-minute bins; these are experiment results, not forecasts for demo footage"
forecast.json.horizons.5.preview[40].moving_average,10.211,"Synthetic diurnal traffic series, 1-minute bins; these are experiment results, not forecasts for demo footage"
forecast.json.horizons.5.preview[40].gradient_boosting,12.859,"Synthetic diurnal traffic series, 1-minute bins; these are experiment results, not forecasts for demo footage"
forecast.json.horizons.5.preview[41].minute,2427,"Synthetic diurnal traffic series, 1-minute bins; these are experiment results, not forecasts for demo footage"
forecast.json.horizons.5.preview[41].actual,9.763,"Synthetic diurnal traffic series, 1-minute bins; these are experiment results, not forecasts for demo footage"
forecast.json.horizons.5.preview[41].last_value,5.999,"Synthetic diurnal traffic series, 1-minute bins; these are experiment results, not forecasts for demo footage"
forecast.json.horizons.5.preview[41].historical_mean,15.616,"Synthetic diurnal traffic series, 1-minute bins; these are experiment results, not forecasts for demo footage"
forecast.json.horizons.5.preview[41].moving_average,8.502,"Synthetic diurnal traffic series, 1-minute bins; these are experiment results, not forecasts for demo footage"
forecast.json.horizons.5.preview[41].gradient_boosting,12.459,"Synthetic diurnal traffic series, 1-minute bins; these are experiment results, not forecasts for demo footage"
forecast.json.horizons.5.preview[42].minute,2430,"Synthetic diurnal traffic series, 1-minute bins; these are experiment results, not forecasts for demo footage"
forecast.json.horizons.5.preview[42].actual,16.021,"Synthetic diurnal traffic series, 1-minute bins; these are experiment results, not forecasts for demo footage"
forecast.json.horizons.5.preview[42].last_value,10.545,"Synthetic diurnal traffic series, 1-minute bins; these are experiment results, not forecasts for demo footage"
forecast.json.horizons.5.preview[42].historical_mean,15.616,"Synthetic diurnal traffic series, 1-minute bins; these are experiment results, not forecasts for demo footage"
forecast.json.horizons.5.preview[42].moving_average,7.697,"Synthetic diurnal traffic series, 1-minute bins; these are experiment results, not forecasts for demo footage"
forecast.json.horizons.5.preview[42].gradient_boosting,12.76,"Synthetic diurnal traffic series, 1-minute bins; these are experiment results, not forecasts for demo footage"
forecast.json.horizons.5.preview[43].minute,2433,"Synthetic diurnal traffic series, 1-minute bins; these are experiment results, not forecasts for demo footage"
forecast.json.horizons.5.preview[43].actual,10.691,"Synthetic diurnal traffic series, 1-minute bins; these are experiment results, not forecasts for demo footage"
forecast.json.horizons.5.preview[43].last_value,8.737,"Synthetic diurnal traffic series, 1-minute bins; these are experiment results, not forecasts for demo footage"
forecast.json.horizons.5.preview[43].historical_mean,15.616,"Synthetic diurnal traffic series, 1-minute bins; these are experiment results, not forecasts for demo footage"
forecast.json.horizons.5.preview[43].moving_average,9.025,"Synthetic diurnal traffic series, 1-minute bins; these are experiment results, not forecasts for demo footage"
forecast.json.horizons.5.preview[43].gradient_boosting,13.363,"Synthetic diurnal traffic series, 1-minute bins; these are experiment results, not forecasts for demo footage"
forecast.json.horizons.5.preview[44].minute,2436,"Synthetic diurnal traffic series, 1-minute bins; these are experiment results, not forecasts for demo footage"
forecast.json.horizons.5.preview[44].actual,9.943,"Synthetic diurnal traffic series, 1-minute bins; these are experiment results, not forecasts for demo footage"
forecast.json.horizons.5.preview[44].last_value,12.615,"Synthetic diurnal traffic series, 1-minute bins; these are experiment results, not forecasts for demo footage"
forecast.json.horizons.5.preview[44].historical_mean,15.616,"Synthetic diurnal traffic series, 1-minute bins; these are experiment results, not forecasts for demo footage"
forecast.json.horizons.5.preview[44].moving_average,12.26,"Synthetic diurnal traffic series, 1-minute bins; these are experiment results, not forecasts for demo footage"
forecast.json.horizons.5.preview[44].gradient_boosting,11.012,"Synthetic diurnal traffic series, 1-minute bins; these are experiment results, not forecasts for demo footage"
forecast.json.horizons.5.preview[45].minute,2439,"Synthetic diurnal traffic series, 1-minute bins; these are experiment results, not forecasts for demo footage"
forecast.json.horizons.5.preview[45].actual,11.289,"Synthetic diurnal traffic series, 1-minute bins; these are experiment results, not forecasts for demo footage"
forecast.json.horizons.5.preview[45].last_value,12.596,"Synthetic diurnal traffic series, 1-minute bins; these are experiment results, not forecasts for demo footage"
forecast.json.horizons.5.preview[45].historical_mean,15.616,"Synthetic diurnal traffic series, 1-minute bins; these are experiment results, not forecasts for demo footage"
forecast.json.horizons.5.preview[45].moving_average,13.063,"Synthetic diurnal traffic series, 1-minute bins; these are experiment results, not forecasts for demo footage"
forecast.json.horizons.5.preview[45].gradient_boosting,10.069,"Synthetic diurnal traffic series, 1-minute bins; these are experiment results, not forecasts for demo footage"
forecast.json.horizons.5.preview[46].minute,2442,"Synthetic diurnal traffic series, 1-minute bins; these are experiment results, not forecasts for demo footage"
forecast.json.horizons.5.preview[46].actual,13.43,"Synthetic diurnal traffic series, 1-minute bins; these are experiment results, not forecasts for demo footage"
forecast.json.horizons.5.preview[46].last_value,7.496,"Synthetic diurnal traffic series, 1-minute bins; these are experiment results, not forecasts for demo footage"
forecast.json.horizons.5.preview[46].historical_mean,15.616,"Synthetic diurnal traffic series, 1-minute bins; these are experiment results, not forecasts for demo footage"
forecast.json.horizons.5.preview[46].moving_average,10.19,"Synthetic diurnal traffic series, 1-minute bins; these are experiment results, not forecasts for demo footage"
forecast.json.horizons.5.preview[46].gradient_boosting,9.699,"Synthetic diurnal traffic series, 1-minute bins; these are experiment results, not forecasts for demo footage"
forecast.json.horizons.5.preview[47].minute,2445,"Synthetic diurnal traffic series, 1-minute bins; these are experiment results, not forecasts for demo footage"
forecast.json.horizons.5.preview[47].actual,12.007,"Synthetic diurnal traffic series, 1-minute bins; these are experiment results, not forecasts for demo footage"
forecast.json.horizons.5.preview[47].last_value,12.322,"Synthetic diurnal traffic series, 1-minute bins; these are experiment results, not forecasts for demo footage"
forecast.json.horizons.5.preview[47].historical_mean,15.616,"Synthetic diurnal traffic series, 1-minute bins; these are experiment results, not forecasts for demo footage"
forecast.json.horizons.5.preview[47].moving_average,9.865,"Synthetic diurnal traffic series, 1-minute bins; these are experiment results, not forecasts for demo footage"
forecast.json.horizons.5.preview[47].gradient_boosting,9.785,"Synthetic diurnal traffic series, 1-minute bins; these are experiment results, not forecasts for demo footage"
forecast.json.horizons.5.preview[48].minute,2448,"Synthetic diurnal traffic series, 1-minute bins; these are experiment results, not forecasts for demo footage"
forecast.json.horizons.5.preview[48].actual,14.077,"Synthetic diurnal traffic series, 1-minute bins; these are experiment results, not forecasts for demo footage"
forecast.json.horizons.5.preview[48].last_value,15.303,"Synthetic diurnal traffic series, 1-minute bins; these are experiment results, not forecasts for demo footage"
forecast.json.horizons.5.preview[48].historical_mean,15.616,"Synthetic diurnal traffic series, 1-minute bins; these are experiment results, not forecasts for demo footage"
forecast.json.horizons.5.preview[48].moving_average,12.559,"Synthetic diurnal traffic series, 1-minute bins; these are experiment results, not forecasts for demo footage"
forecast.json.horizons.5.preview[48].gradient_boosting,10.417,"Synthetic diurnal traffic series, 1-minute bins; these are experiment results, not forecasts for demo footage"
forecast.json.horizons.5.preview[49].minute,2451,"Synthetic diurnal traffic series, 1-minute bins; these are experiment results, not forecasts for demo footage"
forecast.json.horizons.5.preview[49].actual,17.024,"Synthetic diurnal traffic series, 1-minute bins; these are experiment results, not forecasts for demo footage"
forecast.json.horizons.5.preview[49].last_value,14.862,"Synthetic diurnal traffic series, 1-minute bins; these are experiment results, not forecasts for demo footage"
forecast.json.horizons.5.preview[49].historical_mean,15.616,"Synthetic diurnal traffic series, 1-minute bins; these are experiment results, not forecasts for demo footage"
forecast.json.horizons.5.preview[49].moving_average,14.111,"Synthetic diurnal traffic series, 1-minute bins; these are experiment results, not forecasts for demo footage"
forecast.json.horizons.5.preview[49].gradient_boosting,11.372,"Synthetic diurnal traffic series, 1-minute bins; these are experiment results, not forecasts for demo footage"
forecast.json.horizons.10.models.last_value.mae,3.0543361719474613,"Synthetic diurnal traffic series, 1-minute bins; these are experiment results, not forecasts for demo footage"
forecast.json.horizons.10.models.last_value.rmse,3.777850293069602,"Synthetic diurnal traffic series, 1-minute bins; these are experiment results, not forecasts for demo footage"
forecast.json.horizons.10.models.last_value.mape_pct,40.535860093729994,"Synthetic diurnal traffic series, 1-minute bins; these are experiment results, not forecasts for demo footage"
forecast.json.horizons.10.models.last_value.mape_excludes_below,1,"Synthetic diurnal traffic series, 1-minute bins; these are experiment results, not forecasts for demo footage"
forecast.json.horizons.10.models.historical_mean.mae,6.335299223674366,"Synthetic diurnal traffic series, 1-minute bins; these are experiment results, not forecasts for demo footage"
forecast.json.horizons.10.models.historical_mean.rmse,7.17089614777534,"Synthetic diurnal traffic series, 1-minute bins; these are experiment results, not forecasts for demo footage"
forecast.json.horizons.10.models.historical_mean.mape_pct,102.25475959553185,"Synthetic diurnal traffic series, 1-minute bins; these are experiment results, not forecasts for demo footage"
forecast.json.horizons.10.models.historical_mean.mape_excludes_below,1,"Synthetic diurnal traffic series, 1-minute bins; these are experiment results, not forecasts for demo footage"
forecast.json.horizons.10.models.moving_average.mae,2.8324993140992865,"Synthetic diurnal traffic series, 1-minute bins; these are experiment results, not forecasts for demo footage"
forecast.json.horizons.10.models.moving_average.rmse,3.5121479377763385,"Synthetic diurnal traffic series, 1-minute bins; these are experiment results, not forecasts for demo footage"
forecast.json.horizons.10.models.moving_average.mape_pct,38.353883591667504,"Synthetic diurnal traffic series, 1-minute bins; these are experiment results, not forecasts for demo footage"
forecast.json.horizons.10.models.moving_average.mape_excludes_below,1,"Synthetic diurnal traffic series, 1-minute bins; these are experiment results, not forecasts for demo footage"
forecast.json.horizons.10.models.gradient_boosting.mae,2.7334196662130426,"Synthetic diurnal traffic series, 1-minute bins; these are experiment results, not forecasts for demo footage"
forecast.json.horizons.10.models.gradient_boosting.rmse,3.25274769154594,"Synthetic diurnal traffic series, 1-minute bins; these are experiment results, not forecasts for demo footage"
forecast.json.horizons.10.models.gradient_boosting.mape_pct,36.94017135971394,"Synthetic diurnal traffic series, 1-minute bins; these are experiment results, not forecasts for demo footage"
forecast.json.horizons.10.models.gradient_boosting.mape_excludes_below,1,"Synthetic diurnal traffic series, 1-minute bins; these are experiment results, not forecasts for demo footage"
forecast.json.horizons.10.test_points,566,"Synthetic diurnal traffic series, 1-minute bins; these are experiment results, not forecasts for demo footage"
forecast.json.horizons.10.preview[0].minute,2304,"Synthetic diurnal traffic series, 1-minute bins; these are experiment results, not forecasts for demo footage"
forecast.json.horizons.10.preview[0].actual,9.595,"Synthetic diurnal traffic series, 1-minute bins; these are experiment results, not forecasts for demo footage"
forecast.json.horizons.10.preview[0].last_value,6.595,"Synthetic diurnal traffic series, 1-minute bins; these are experiment results, not forecasts for demo footage"
forecast.json.horizons.10.preview[0].historical_mean,15.607,"Synthetic diurnal traffic series, 1-minute bins; these are experiment results, not forecasts for demo footage"
forecast.json.horizons.10.preview[0].moving_average,9.367,"Synthetic diurnal traffic series, 1-minute bins; these are experiment results, not forecasts for demo footage"
forecast.json.horizons.10.preview[0].gradient_boosting,10.626,"Synthetic diurnal traffic series, 1-minute bins; these are experiment results, not forecasts for demo footage"
forecast.json.horizons.10.preview[1].minute,2307,"Synthetic diurnal traffic series, 1-minute bins; these are experiment results, not forecasts for demo footage"
forecast.json.horizons.10.preview[1].actual,8.959,"Synthetic diurnal traffic series, 1-minute bins; these are experiment results, not forecasts for demo footage"
forecast.json.horizons.10.preview[1].last_value,12.141,"Synthetic diurnal traffic series, 1-minute bins; these are experiment results, not forecasts for demo footage"
forecast.json.horizons.10.preview[1].historical_mean,15.607,"Synthetic diurnal traffic series, 1-minute bins; these are experiment results, not forecasts for demo footage"
forecast.json.horizons.10.preview[1].moving_average,9.298,"Synthetic diurnal traffic series, 1-minute bins; these are experiment results, not forecasts for demo footage"
forecast.json.horizons.10.preview[1].gradient_boosting,9.398,"Synthetic diurnal traffic series, 1-minute bins; these are experiment results, not forecasts for demo footage"
forecast.json.horizons.10.preview[2].minute,2310,"Synthetic diurnal traffic series, 1-minute bins; these are experiment results, not forecasts for demo footage"
forecast.json.horizons.10.preview[2].actual,7.966,"Synthetic diurnal traffic series, 1-minute bins; these are experiment results, not forecasts for demo footage"
forecast.json.horizons.10.preview[2].last_value,11.309,"Synthetic diurnal traffic series, 1-minute bins; these are experiment results, not forecasts for demo footage"
forecast.json.horizons.10.preview[2].historical_mean,15.607,"Synthetic diurnal traffic series, 1-minute bins; these are experiment results, not forecasts for demo footage"
forecast.json.horizons.10.preview[2].moving_average,11.682,"Synthetic diurnal traffic series, 1-minute bins; these are experiment results, not forecasts for demo footage"
forecast.json.horizons.10.preview[2].gradient_boosting,12.079,"Synthetic diurnal traffic series, 1-minute bins; these are experiment results, not forecasts for demo footage"
forecast.json.horizons.10.preview[3].minute,2313,"Synthetic diurnal traffic series, 1-minute bins; these are experiment results, not forecasts for demo footage"
forecast.json.horizons.10.preview[3].actual,9.559,"Synthetic diurnal traffic series, 1-minute bins; these are experiment results, not forecasts for demo footage"
forecast.json.horizons.10.preview[3].last_value,8.874,"Synthetic diurnal traffic series, 1-minute bins; these are experiment results, not forecasts for demo footage"
forecast.json.horizons.10.preview[3].historical_mean,15.607,"Synthetic diurnal traffic series, 1-minute bins; these are experiment results, not forecasts for demo footage"
forecast.json.horizons.10.preview[3].moving_average,11.085,"Synthetic diurnal traffic series, 1-minute bins; these are experiment results, not forecasts for demo footage"
forecast.json.horizons.10.preview[3].gradient_boosting,9.238,"Synthetic diurnal traffic series, 1-minute bins; these are experiment results, not forecasts for demo footage"
forecast.json.horizons.10.preview[4].minute,2316,"Synthetic diurnal traffic series, 1-minute bins; these are experiment results, not forecasts for demo footage"
forecast.json.horizons.10.preview[4].actual,7.458,"Synthetic diurnal traffic series, 1-minute bins; these are experiment results, not forecasts for demo footage"
forecast.json.horizons.10.preview[4].last_value,7.602,"Synthetic diurnal traffic series, 1-minute bins; these are experiment results, not forecasts for demo footage"
forecast.json.horizons.10.preview[4].historical_mean,15.607,"Synthetic diurnal traffic series, 1-minute bins; these are experiment results, not forecasts for demo footage"
forecast.json.horizons.10.preview[4].moving_average,9.126,"Synthetic diurnal traffic series, 1-minute bins; these are experiment results, not forecasts for demo footage"
forecast.json.horizons.10.preview[4].gradient_boosting,9.576,"Synthetic diurnal traffic series, 1-minute bins; these are experiment results, not forecasts for demo footage"
forecast.json.horizons.10.preview[5].minute,2319,"Synthetic diurnal traffic series, 1-minute bins; these are experiment results, not forecasts for demo footage"
forecast.json.horizons.10.preview[5].actual,5.839,"Synthetic diurnal traffic series, 1-minute bins; these are experiment results, not forecasts for demo footage"
forecast.json.horizons.10.preview[5].last_value,7.32,"Synthetic diurnal traffic series, 1-minute bins; these are experiment results, not forecasts for demo footage"
forecast.json.horizons.10.preview[5].historical_mean,15.607,"Synthetic diurnal traffic series, 1-minute bins; these are experiment results, not forecasts for demo footage"
forecast.json.horizons.10.preview[5].moving_average,7.87,"Synthetic diurnal traffic series, 1-minute bins; these are experiment results, not forecasts for demo footage"
forecast.json.horizons.10.preview[5].gradient_boosting,8.756,"Synthetic diurnal traffic series, 1-minute bins; these are experiment results, not forecasts for demo footage"
forecast.json.horizons.10.preview[6].minute,2322,"Synthetic diurnal traffic series, 1-minute bins; these are experiment results, not forecasts for demo footage"
forecast.json.horizons.10.preview[6].actual,4.377,"Synthetic diurnal traffic series, 1-minute bins; these are experiment results, not forecasts for demo footage"
forecast.json.horizons.10.preview[6].last_value,6.137,"Synthetic diurnal traffic series, 1-minute bins; these are experiment results, not forecasts for demo footage"
forecast.json.horizons.10.preview[6].historical_mean,15.607,"Synthetic diurnal traffic series, 1-minute bins; these are experiment results, not forecasts for demo footage"
forecast.json.horizons.10.preview[6].moving_average,7.283,"Synthetic diurnal traffic series, 1-minute bins; these are experiment results, not forecasts for demo footage"
forecast.json.horizons.10.preview[6].gradient_boosting,8.945,"Synthetic diurnal traffic series, 1-minute bins; these are experiment results, not forecasts for demo footage"
forecast.json.horizons.10.preview[7].minute,2325,"Synthetic diurnal traffic series, 1-minute bins; these are experiment results, not forecasts for demo footage"
forecast.json.horizons.10.preview[7].actual,4.959,"Synthetic diurnal traffic series, 1-minute bins; these are experiment results, not forecasts for demo footage"
forecast.json.horizons.10.preview[7].last_value,6.41,"Synthetic diurnal traffic series, 1-minute bins; these are experiment results, not forecasts for demo footage"
forecast.json.horizons.10.preview[7].historical_mean,15.607,"Synthetic diurnal traffic series, 1-minute bins; these are experiment results, not forecasts for demo footage"
forecast.json.horizons.10.preview[7].moving_average,7.623,"Synthetic diurnal traffic series, 1-minute bins; these are experiment results, not forecasts for demo footage"
forecast.json.horizons.10.preview[7].gradient_boosting,8.943,"Synthetic diurnal traffic series, 1-minute bins; these are experiment results, not forecasts for demo footage"
forecast.json.horizons.10.preview[8].minute,2328,"Synthetic diurnal traffic series, 1-minute bins; these are experiment results, not forecasts for demo footage"
forecast.json.horizons.10.preview[8].actual,7.075,"Synthetic diurnal traffic series, 1-minute bins; these are experiment results, not forecasts for demo footage"
forecast.json.horizons.10.preview[8].last_value,7.226,"Synthetic diurnal traffic series, 1-minute bins; these are experiment results, not forecasts for demo footage"
forecast.json.horizons.10.preview[8].historical_mean,15.607,"Synthetic diurnal traffic series, 1-minute bins; these are experiment results, not forecasts for demo footage"
forecast.json.horizons.10.preview[8].moving_average,7.339,"Synthetic diurnal traffic series, 1-minute bins; these are experiment results, not forecasts for demo footage"
forecast.json.horizons.10.preview[8].gradient_boosting,8.423,"Synthetic diurnal traffic series, 1-minute bins; these are experiment results, not forecasts for demo footage"
forecast.json.horizons.10.preview[9].minute,2331,"Synthetic diurnal traffic series, 1-minute bins; these are experiment results, not forecasts for demo footage"
forecast.json.horizons.10.preview[9].actual,9.752,"Synthetic diurnal traffic series, 1-minute bins; these are experiment results, not forecasts for demo footage"
forecast.json.horizons.10.preview[9].last_value,4.762,"Synthetic diurnal traffic series, 1-minute bins; these are experiment results, not forecasts for demo footage"
forecast.json.horizons.10.preview[9].historical_mean,15.607,"Synthetic diurnal traffic series, 1-minute bins; these are experiment results, not forecasts for demo footage"
forecast.json.horizons.10.preview[9].moving_average,6.234,"Synthetic diurnal traffic series, 1-minute bins; these are experiment results, not forecasts for demo footage"
forecast.json.horizons.10.preview[9].gradient_boosting,11.175,"Synthetic diurnal traffic series, 1-minute bins; these are experiment results, not forecasts for demo footage"
forecast.json.horizons.10.preview[10].minute,2334,"Synthetic diurnal traffic series, 1-minute bins; these are experiment results, not forecasts for demo footage"
forecast.json.horizons.10.preview[10].actual,6.777,"Synthetic diurnal traffic series, 1-minute bins; these are experiment results, not forecasts for demo footage"
forecast.json.horizons.10.preview[10].last_value,5.475,"Synthetic diurnal traffic series, 1-minute bins; these are experiment results, not forecasts for demo footage"
forecast.json.horizons.10.preview[10].historical_mean,15.607,"Synthetic diurnal traffic series, 1-minute bins; these are experiment results, not forecasts for demo footage"
forecast.json.horizons.10.preview[10].moving_average,5.341,"Synthetic diurnal traffic series, 1-minute bins; these are experiment results, not forecasts for demo footage"
forecast.json.horizons.10.preview[10].gradient_boosting,10.974,"Synthetic diurnal traffic series, 1-minute bins; these are experiment results, not forecasts for demo footage"
forecast.json.horizons.10.preview[11].minute,2337,"Synthetic diurnal traffic series, 1-minute bins; these are experiment results, not forecasts for demo footage"
forecast.json.horizons.10.preview[11].actual,6.419,"Synthetic diurnal traffic series, 1-minute bins; these are experiment results, not forecasts for demo footage"
forecast.json.horizons.10.preview[11].last_value,9.211,"Synthetic diurnal traffic series, 1-minute bins; these are experiment results, not forecasts for demo footage"
forecast.json.horizons.10.preview[11].historical_mean,15.607,"Synthetic diurnal traffic series, 1-minute bins; these are experiment results, not forecasts for demo footage"
forecast.json.horizons.10.preview[11].moving_average,6.278,"Synthetic diurnal traffic series, 1-minute bins; these are experiment results, not forecasts for demo footage"
forecast.json.horizons.10.preview[11].gradient_boosting,9.736,"Synthetic diurnal traffic series, 1-minute bins; these are experiment results, not forecasts for demo footage"
forecast.json.horizons.10.preview[12].minute,2340,"Synthetic diurnal traffic series, 1-minute bins; these are experiment results, not forecasts for demo footage"
forecast.json.horizons.10.preview[12].actual,7.921,"Synthetic diurnal traffic series, 1-minute bins; these are experiment results, not forecasts for demo footage"
forecast.json.horizons.10.preview[12].last_value,6.755,"Synthetic diurnal traffic series, 1-minute bins; these are experiment results, not forecasts for demo footage"
forecast.json.horizons.10.preview[12].historical_mean,15.607,"Synthetic diurnal traffic series, 1-minute bins; these are experiment results, not forecasts for demo footage"
forecast.json.horizons.10.preview[12].moving_average,7.242,"Synthetic diurnal traffic series, 1-minute bins; these are experiment results, not forecasts for demo footage"
forecast.json.horizons.10.preview[12].gradient_boosting,9.3,"Synthetic diurnal traffic series, 1-minute bins; these are experiment results, not forecasts for demo footage"
forecast.json.horizons.10.preview[13].minute,2343,"Synthetic diurnal traffic series, 1-minute bins; these are experiment results, not forecasts for demo footage"
forecast.json.horizons.10.preview[13].actual,11.524,"Synthetic diurnal traffic series, 1-minute bins; these are experiment results, not forecasts for demo footage"
forecast.json.horizons.10.preview[13].last_value,10.795,"Synthetic diurnal traffic series, 1-minute bins; these are experiment results, not forecasts for demo footage"
forecast.json.horizons.10.preview[13].historical_mean,15.607,"Synthetic diurnal traffic series, 1-minute bins; these are experiment results, not forecasts for demo footage"
forecast.json.horizons.10.preview[13].moving_average,8.658,"Synthetic diurnal traffic series, 1-minute bins; these are experiment results, not forecasts for demo footage"
forecast.json.horizons.10.preview[13].gradient_boosting,6.364,"Synthetic diurnal traffic series, 1-minute bins; these are experiment results, not forecasts for demo footage"
forecast.json.horizons.10.preview[14].minute,2346,"Synthetic diurnal traffic series, 1-minute bins; these are experiment results, not forecasts for demo footage"
forecast.json.horizons.10.preview[14].actual,12.748,"Synthetic diurnal traffic series, 1-minute bins; these are experiment results, not forecasts for demo footage"
forecast.json.horizons.10.preview[14].last_value,4.95,"Synthetic diurnal traffic series, 1-minute bins; these are experiment results, not forecasts for demo footage"
forecast.json.horizons.10.preview[14].historical_mean,15.607,"Synthetic diurnal traffic series, 1-minute bins; these are experiment results, not forecasts for demo footage"
forecast.json.horizons.10.preview[14].moving_average,7.635,"Synthetic diurnal traffic series, 1-minute bins; these are experiment results, not forecasts for demo footage"
forecast.json.horizons.10.preview[14].gradient_boosting,7.943,"Synthetic diurnal traffic series, 1-minute bins; these are experiment results, not forecasts for demo footage"
forecast.json.horizons.10.preview[15].minute,2349,"Synthetic diurnal traffic series, 1-minute bins; these are experiment results, not forecasts for demo footage"
forecast.json.horizons.10.preview[15].actual,7.264,"Synthetic diurnal traffic series, 1-minute bins; these are experiment results, not forecasts for demo footage"
forecast.json.horizons.10.preview[15].last_value,7.454,"Synthetic diurnal traffic series, 1-minute bins; these are experiment results, not forecasts for demo footage"
forecast.json.horizons.10.preview[15].historical_mean,15.607,"Synthetic diurnal traffic series, 1-minute bins; these are experiment results, not forecasts for demo footage"
forecast.json.horizons.10.preview[15].moving_average,6.797,"Synthetic diurnal traffic series, 1-minute bins; these are experiment results, not forecasts for demo footage"
forecast.json.horizons.10.preview[15].gradient_boosting,7.954,"Synthetic diurnal traffic series, 1-minute bins; these are experiment results, not forecasts for demo footage"
forecast.json.horizons.10.preview[16].minute,2352,"Synthetic diurnal traffic series, 1-minute bins; these are experiment results, not forecasts for demo footage"
forecast.json.horizons.10.preview[16].actual,8.611,"Synthetic diurnal traffic series, 1-minute bins; these are experiment results, not forecasts for demo footage"
forecast.json.horizons.10.preview[16].last_value,10.668,"Synthetic diurnal traffic series, 1-minute bins; these are experiment results, not forecasts for demo footage"
forecast.json.horizons.10.preview[16].historical_mean,15.607,"Synthetic diurnal traffic series, 1-minute bins; these are experiment results, not forecasts for demo footage"
forecast.json.horizons.10.preview[16].moving_average,8.958,"Synthetic diurnal traffic series, 1-minute bins; these are experiment results, not forecasts for demo footage"
forecast.json.horizons.10.preview[16].gradient_boosting,6.79,"Synthetic diurnal traffic series, 1-minute bins; these are experiment results, not forecasts for demo footage"
forecast.json.horizons.10.preview[17].minute,2355,"Synthetic diurnal traffic series, 1-minute bins; these are experiment results, not forecasts for demo footage"
forecast.json.horizons.10.preview[17].actual,8.164,"Synthetic diurnal traffic series, 1-minute bins; these are experiment results, not forecasts for demo footage"
forecast.json.horizons.10.preview[17].last_value,11.027,"Synthetic diurnal traffic series, 1-minute bins; these are experiment results, not forecasts for demo footage"
forecast.json.horizons.10.preview[17].historical_mean,15.607,"Synthetic diurnal traffic series, 1-minute bins; these are experiment results, not forecasts for demo footage"
forecast.json.horizons.10.preview[17].moving_average,11.081,"Synthetic diurnal traffic series, 1-minute bins; these are experiment results, not forecasts for demo footage"
forecast.json.horizons.10.preview[17].gradient_boosting,9.031,"Synthetic diurnal traffic series, 1-minute bins; these are experiment results, not forecasts for demo footage"
forecast.json.horizons.10.preview[18].minute,2358,"Synthetic diurnal traffic series, 1-minute bins; these are experiment results, not forecasts for demo footage"
forecast.json.horizons.10.preview[18].actual,6.925,"Synthetic diurnal traffic series, 1-minute bins; these are experiment results, not forecasts for demo footage"
forecast.json.horizons.10.preview[18].last_value,8.787,"Synthetic diurnal traffic series, 1-minute bins; these are experiment results, not forecasts for demo footage"
forecast.json.horizons.10.preview[18].historical_mean,15.607,"Synthetic diurnal traffic series, 1-minute bins; these are experiment results, not forecasts for demo footage"
forecast.json.horizons.10.preview[18].moving_average,10.934,"Synthetic diurnal traffic series, 1-minute bins; these are experiment results, not forecasts for demo footage"
forecast.json.horizons.10.preview[18].gradient_boosting,9.403,"Synthetic diurnal traffic series, 1-minute bins; these are experiment results, not forecasts for demo footage"
forecast.json.horizons.10.preview[19].minute,2361,"Synthetic diurnal traffic series, 1-minute bins; these are experiment results, not forecasts for demo footage"
forecast.json.horizons.10.preview[19].actual,6.576,"Synthetic diurnal traffic series, 1-minute bins; these are experiment results, not forecasts for demo footage"
forecast.json.horizons.10.preview[19].last_value,11.367,"Synthetic diurnal traffic series, 1-minute bins; these are experiment results, not forecasts for demo footage"
forecast.json.horizons.10.preview[19].historical_mean,15.607,"Synthetic diurnal traffic series, 1-minute bins; these are experiment results, not forecasts for demo footage"
forecast.json.horizons.10.preview[19].moving_average,9.965,"Synthetic diurnal traffic series, 1-minute bins; these are experiment results, not forecasts for demo footage"
forecast.json.horizons.10.preview[19].gradient_boosting,10.033,"Synthetic diurnal traffic series, 1-minute bins; these are experiment results, not forecasts for demo footage"
forecast.json.horizons.10.preview[20].minute,2364,"Synthetic diurnal traffic series, 1-minute bins; these are experiment results, not forecasts for demo footage"
forecast.json.horizons.10.preview[20].actual,5.838,"Synthetic diurnal traffic series, 1-minute bins; these are experiment results, not forecasts for demo footage"
forecast.json.horizons.10.preview[20].last_value,8.181,"Synthetic diurnal traffic series, 1-minute bins; these are experiment results, not forecasts for demo footage"
forecast.json.horizons.10.preview[20].historical_mean,15.607,"Synthetic diurnal traffic series, 1-minute bins; these are experiment results, not forecasts for demo footage"
forecast.json.horizons.10.preview[20].moving_average,9.578,"Synthetic diurnal traffic series, 1-minute bins; these are experiment results, not forecasts for demo footage"
forecast.json.horizons.10.preview[20].gradient_boosting,8.508,"Synthetic diurnal traffic series, 1-minute bins; these are experiment results, not forecasts for demo footage"
forecast.json.horizons.10.preview[21].minute,2367,"Synthetic diurnal traffic series, 1-minute bins; these are experiment results, not forecasts for demo footage"
forecast.json.horizons.10.preview[21].actual,9.133,"Synthetic diurnal traffic series, 1-minute bins; these are experiment results, not forecasts for demo footage"
forecast.json.horizons.10.preview[21].last_value,6.643,"Synthetic diurnal traffic series, 1-minute bins; these are experiment results, not forecasts for demo footage"
forecast.json.horizons.10.preview[21].historical_mean,15.607,"Synthetic diurnal traffic series, 1-minute bins; these are experiment results, not forecasts for demo footage"
forecast.json.horizons.10.preview[21].moving_average,7.973,"Synthetic diurnal traffic series, 1-minute bins; these are experiment results, not forecasts for demo footage"
forecast.json.horizons.10.preview[21].gradient_boosting,8.828,"Synthetic diurnal traffic series, 1-minute bins; these are experiment results, not forecasts for demo footage"
forecast.json.horizons.10.preview[22].minute,2370,"Synthetic diurnal traffic series, 1-minute bins; these are experiment results, not forecasts for demo footage"
forecast.json.horizons.10.preview[22].actual,6.065,"Synthetic diurnal traffic series, 1-minute bins; these are experiment results, not forecasts for demo footage"
forecast.json.horizons.10.preview[22].last_value,7.85,"Synthetic diurnal traffic series, 1-minute bins; these are experiment results, not forecasts for demo footage"
forecast.json.horizons.10.preview[22].historical_mean,15.607,"Synthetic diurnal traffic series, 1-minute bins; these are experiment results, not forecasts for demo footage"
forecast.json.horizons.10.preview[22].moving_average,7.232,"Synthetic diurnal traffic series, 1-minute bins; these are experiment results, not forecasts for demo footage"
forecast.json.horizons.10.preview[22].gradient_boosting,9.132,"Synthetic diurnal traffic series, 1-minute bins; these are experiment results, not forecasts for demo footage"
forecast.json.horizons.10.preview[23].minute,2373,"Synthetic diurnal traffic series, 1-minute bins; these are experiment results, not forecasts for demo footage"
forecast.json.horizons.10.preview[23].actual,8.952,"Synthetic diurnal traffic series, 1-minute bins; these are experiment results, not forecasts for demo footage"
forecast.json.horizons.10.preview[23].last_value,4.813,"Synthetic diurnal traffic series, 1-minute bins; these are experiment results, not forecasts for demo footage"
forecast.json.horizons.10.preview[23].historical_mean,15.607,"Synthetic diurnal traffic series, 1-minute bins; these are experiment results, not forecasts for demo footage"
forecast.json.horizons.10.preview[23].moving_average,6.196,"Synthetic diurnal traffic series, 1-minute bins; these are experiment results, not forecasts for demo footage"
forecast.json.horizons.10.preview[23].gradient_boosting,12.057,"Synthetic diurnal traffic series, 1-minute bins; these are experiment results, not forecasts for demo footage"
forecast.json.horizons.10.preview[24].minute,2376,"Synthetic diurnal traffic series, 1-minute bins; these are experiment results, not forecasts for demo footage"
forecast.json.horizons.10.preview[24].actual,6.244,"Synthetic diurnal traffic series, 1-minute bins; these are experiment results, not forecasts for demo footage"
forecast.json.horizons.10.preview[24].last_value,8.444,"Synthetic diurnal traffic series, 1-minute bins; these are experiment results, not forecasts for demo footage"
forecast.json.horizons.10.preview[24].historical_mean,15.607,"Synthetic diurnal traffic series, 1-minute bins; these are experiment results, not forecasts for demo footage"
forecast.json.horizons.10.preview[24].moving_average,6.093,"Synthetic diurnal traffic series, 1-minute bins; these are experiment results, not forecasts for demo footage"
forecast.json.horizons.10.preview[24].gradient_boosting,10.338,"Synthetic diurnal traffic series, 1-minute bins; these are experiment results, not forecasts for demo footage"
forecast.json.horizons.10.preview[25].minute,2379,"Synthetic diurnal traffic series, 1-minute bins; these are experiment results, not forecasts for demo footage"
forecast.json.horizons.10.preview[25].actual,4.237,"Synthetic diurnal traffic series, 1-minute bins; these are experiment results, not forecasts for demo footage"
forecast.json.horizons.10.preview[25].last_value,5.897,"Synthetic diurnal traffic series, 1-minute bins; these are experiment results, not forecasts for demo footage"
forecast.json.horizons.10.preview[25].historical_mean,15.607,"Synthetic diurnal traffic series, 1-minute bins; these are experiment results, not forecasts for demo footage"
forecast.json.horizons.10.preview[25].moving_average,7.783,"Synthetic diurnal traffic series, 1-minute bins; these are experiment results, not forecasts for demo footage"
forecast.json.horizons.10.preview[25].gradient_boosting,9.919,"Synthetic diurnal traffic series, 1-minute bins; these are experiment results, not forecasts for demo footage"
forecast.json.horizons.10.preview[26].minute,2382,"Synthetic diurnal traffic series, 1-minute bins; these are experiment results, not forecasts for demo footage"
forecast.json.horizons.10.preview[26].actual,3.436,"Synthetic diurnal traffic series, 1-minute bins; these are experiment results, not forecasts for demo footage"
forecast.json.horizons.10.preview[26].last_value,11.069,"Synthetic diurnal traffic series, 1-minute bins; these are experiment results, not forecasts for demo footage"
forecast.json.horizons.10.preview[26].historical_mean,15.607,"Synthetic diurnal traffic series, 1-minute bins; these are experiment results, not forecasts for demo footage"
forecast.json.horizons.10.preview[26].moving_average,8.487,"Synthetic diurnal traffic series, 1-minute bins; these are experiment results, not forecasts for demo footage"
forecast.json.horizons.10.preview[26].gradient_boosting,9.597,"Synthetic diurnal traffic series, 1-minute bins; these are experiment results, not forecasts for demo footage"
forecast.json.horizons.10.preview[27].minute,2385,"Synthetic diurnal traffic series, 1-minute bins; these are experiment results, not forecasts for demo footage"
forecast.json.horizons.10.preview[27].actual,12.66,"Synthetic diurnal traffic series, 1-minute bins; these are experiment results, not forecasts for demo footage"
forecast.json.horizons.10.preview[27].last_value,7.053,"Synthetic diurnal traffic series, 1-minute bins; these are experiment results, not forecasts for demo footage"
forecast.json.horizons.10.preview[27].historical_mean,15.607,"Synthetic diurnal traffic series, 1-minute bins; these are experiment results, not forecasts for demo footage"
forecast.json.horizons.10.preview[27].moving_average,8.609,"Synthetic diurnal traffic series, 1-minute bins; these are experiment results, not forecasts for demo footage"
forecast.json.horizons.10.preview[27].gradient_boosting,9.372,"Synthetic diurnal traffic series, 1-minute bins; these are experiment results, not forecasts for demo footage"
forecast.json.horizons.10.preview[28].minute,2388,"Synthetic diurnal traffic series, 1-minute bins; these are experiment results, not forecasts for demo footage"
forecast.json.horizons.10.preview[28].actual,7.472,"Synthetic diurnal traffic series, 1-minute bins; these are experiment results, not forecasts for demo footage"
forecast.json.horizons.10.preview[28].last_value,5.493,"Synthetic diurnal traffic series, 1-minute bins; these are experiment results, not forecasts for demo footage"
forecast.json.horizons.10.preview[28].historical_mean,15.607,"Synthetic diurnal traffic series, 1-minute bins; these are experiment results, not forecasts for demo footage"
forecast.json.horizons.10.preview[28].moving_average,5.881,"Synthetic diurnal traffic series, 1-minute bins; these are experiment results, not forecasts for demo footage"
forecast.json.horizons.10.preview[28].gradient_boosting,11.279,"Synthetic diurnal traffic series, 1-minute bins; these are experiment results, not forecasts for demo footage"
forecast.json.horizons.10.preview[29].minute,2391,"Synthetic diurnal traffic series, 1-minute bins; these are experiment results, not forecasts for demo footage"
forecast.json.horizons.10.preview[29].actual,9.951,"Synthetic diurnal traffic series, 1-minute bins; these are experiment results, not forecasts for demo footage"
forecast.json.horizons.10.preview[29].last_value,3.26,"Synthetic diurnal traffic series, 1-minute bins; these are experiment results, not forecasts for demo footage"
forecast.json.horizons.10.preview[29].historical_mean,15.607,"Synthetic diurnal traffic series, 1-minute bins; these are experiment results, not forecasts for demo footage"
forecast.json.horizons.10.preview[29].moving_average,4.772,"Synthetic diurnal traffic series, 1-minute bins; these are experiment results, not forecasts for demo footage"
forecast.json.horizons.10.preview[29].gradient_boosting,10.029,"Synthetic diurnal traffic series, 1-minute bins; these are experiment results, not forecasts for demo footage"
forecast.json.horizons.10.preview[30].minute,2394,"Synthetic diurnal traffic series, 1-minute bins; these are experiment results, not forecasts for demo footage"
forecast.json.horizons.10.preview[30].actual,6.701,"Synthetic diurnal traffic series, 1-minute bins; these are experiment results, not forecasts for demo footage"
forecast.json.horizons.10.preview[30].last_value,9.424,"Synthetic diurnal traffic series, 1-minute bins; these are experiment results, not forecasts for demo footage"
forecast.json.horizons.10.preview[30].historical_mean,15.607,"Synthetic diurnal traffic series, 1-minute bins; these are experiment results, not forecasts for demo footage"
forecast.json.horizons.10.preview[30].moving_average,6.049,"Synthetic diurnal traffic series, 1-minute bins; these are experiment results, not forecasts for demo footage"
forecast.json.horizons.10.preview[30].gradient_boosting,8.069,"Synthetic diurnal traffic series, 1-minute bins; these are experiment results, not forecasts for demo footage"
forecast.json.horizons.10.preview[31].minute,2397,"Synthetic diurnal traffic series, 1-minute bins; these are experiment results, not forecasts for demo footage"
forecast.json.horizons.10.preview[31].actual,10.826,"Synthetic diurnal traffic series, 1-minute bins; these are experiment results, not forecasts for demo footage"
forecast.json.horizons.10.preview[31].last_value,9.35,"Synthetic diurnal traffic series, 1-minute bins; these are experiment results, not forecasts for demo footage"
forecast.json.horizons.10.preview[31].historical_mean,15.607,"Synthetic diurnal traffic series, 1-minute bins; these are experiment results, not forecasts for demo footage"
forecast.json.horizons.10.preview[31].moving_average,9.882,"Synthetic diurnal traffic series, 1-minute bins; these are experiment results, not forecasts for demo footage"
forecast.json.horizons.10.preview[31].gradient_boosting,7.205,"Synthetic diurnal traffic series, 1-minute bins; these are experiment results, not forecasts for demo footage"
forecast.json.horizons.10.preview[32].minute,2400,"Synthetic diurnal traffic series, 1-minute bins; these are experiment results, not forecasts for demo footage"
forecast.json.horizons.10.preview[32].actual,10.062,"Synthetic diurnal traffic series, 1-minute bins; these are experiment results, not forecasts for demo footage"
forecast.json.horizons.10.preview[32].last_value,6.131,"Synthetic diurnal traffic series, 1-minute bins; these are experiment results, not forecasts for demo footage"
forecast.json.horizons.10.preview[32].historical_mean,15.607,"Synthetic diurnal traffic series, 1-minute bins; these are experiment results, not forecasts for demo footage"
forecast.json.horizons.10.preview[32].moving_average,8.012,"Synthetic diurnal traffic series, 1-minute bins; these are experiment results, not forecasts for demo footage"
forecast.json.horizons.10.preview[32].gradient_boosting,8.037,"Synthetic diurnal traffic series, 1-minute bins; these are experiment results, not forecasts for demo footage"
forecast.json.horizons.10.preview[33].minute,2403,"Synthetic diurnal traffic series, 1-minute bins; these are experiment results, not forecasts for demo footage"
forecast.json.horizons.10.preview[33].actual,9.928,"Synthetic diurnal traffic series, 1-minute bins; these are experiment results, not forecasts for demo footage"
forecast.json.horizons.10.preview[33].last_value,7.478,"Synthetic diurnal traffic series, 1-minute bins; these are experiment results, not forecasts for demo footage"
forecast.json.horizons.10.preview[33].historical_mean,15.607,"Synthetic diurnal traffic series, 1-minute bins; these are experiment results, not forecasts for demo footage"
forecast.json.horizons.10.preview[33].moving_average,7.616,"Synthetic diurnal traffic series, 1-minute bins; these are experiment results, not forecasts for demo footage"
forecast.json.horizons.10.preview[33].gradient_boosting,9.452,"Synthetic diurnal traffic series, 1-minute bins; these are experiment results, not forecasts for demo footage"
forecast.json.horizons.10.preview[34].minute,2406,"Synthetic diurnal traffic series, 1-minute bins; these are experiment results, not forecasts for demo footage"
forecast.json.horizons.10.preview[34].actual,10.211,"Synthetic diurnal traffic series, 1-minute bins; these are experiment results, not forecasts for demo footage"
forecast.json.horizons.10.preview[34].last_value,11.517,"Synthetic diurnal traffic series, 1-minute bins; these are experiment results, not forecasts for demo footage"
forecast.json.horizons.10.preview[34].historical_mean,15.607,"Synthetic diurnal traffic series, 1-minute bins; these are experiment results, not forecasts for demo footage"
forecast.json.horizons.10.preview[34].moving_average,8.508,"Synthetic diurnal traffic series, 1-minute bins; these are experiment results, not forecasts for demo footage"
forecast.json.horizons.10.preview[34].gradient_boosting,9.585,"Synthetic diurnal traffic series, 1-minute bins; these are experiment results, not forecasts for demo footage"
forecast.json.horizons.10.preview[35].minute,2409,"Synthetic diurnal traffic series, 1-minute bins; these are experiment results, not forecasts for demo footage"
forecast.json.horizons.10.preview[35].actual,12.738,"Synthetic diurnal traffic series, 1-minute bins; these are experiment results, not forecasts for demo footage"
forecast.json.horizons.10.preview[35].last_value,10.326,"Synthetic diurnal traffic series, 1-minute bins; these are experiment results, not forecasts for demo footage"
forecast.json.horizons.10.preview[35].historical_mean,15.607,"Synthetic diurnal traffic series, 1-minute bins; these are experiment results, not forecasts for demo footage"
forecast.json.horizons.10.preview[35].moving_average,10.322,"Synthetic diurnal traffic series, 1-minute bins; these are experiment results, not forecasts for demo footage"
forecast.json.horizons.10.preview[35].gradient_boosting,9.757,"Synthetic diurnal traffic series, 1-minute bins; these are experiment results, not forecasts for demo footage"
forecast.json.horizons.10.preview[36].minute,2412,"Synthetic diurnal traffic series, 1-minute bins; these are experiment results, not forecasts for demo footage"
forecast.json.horizons.10.preview[36].actual,11.227,"Synthetic diurnal traffic series, 1-minute bins; these are experiment results, not forecasts for demo footage"
forecast.json.horizons.10.preview[36].last_value,11.204,"Synthetic diurnal traffic series, 1-minute bins; these are experiment results, not forecasts for demo footage"
forecast.json.horizons.10.preview[36].historical_mean,15.607,"Synthetic diurnal traffic series, 1-minute bins; these are experiment results, not forecasts for demo footage"
forecast.json.horizons.10.preview[36].moving_average,10.17,"Synthetic diurnal traffic series, 1-minute bins; these are experiment results, not forecasts for demo footage"
forecast.json.horizons.10.preview[36].gradient_boosting,10.724,"Synthetic diurnal traffic series, 1-minute bins; these are experiment results, not forecasts for demo footage"
forecast.json.horizons.10.preview[37].minute,2415,"Synthetic diurnal traffic series, 1-minute bins; these are experiment results, not forecasts for demo footage"
forecast.json.horizons.10.preview[37].actual,11.208,"Synthetic diurnal traffic series, 1-minute bins; these are experiment results, not forecasts for demo footage"
forecast.json.horizons.10.preview[37].last_value,14.02,"Synthetic diurnal traffic series, 1-minute bins; these are experiment results, not forecasts for demo footage"
forecast.json.horizons.10.preview[37].historical_mean,15.607,"Synthetic diurnal traffic series, 1-minute bins; these are experiment results, not forecasts for demo footage"
forecast.json.horizons.10.preview[37].moving_average,11.455,"Synthetic diurnal traffic series, 1-minute bins; these are experiment results, not forecasts for demo footage"
forecast.json.horizons.10.preview[37].gradient_boosting,11.111,"Synthetic diurnal traffic series, 1-minute bins; these are experiment results, not forecasts for demo footage"
forecast.json.horizons.10.preview[38].minute,2418,"Synthetic diurnal traffic series, 1-minute bins; these are experiment results, not forecasts for demo footage"
forecast.json.horizons.10.preview[38].actual,7.06,"Synthetic diurnal traffic series, 1-minute bins; these are experiment results, not forecasts for demo footage"
forecast.json.horizons.10.preview[38].last_value,11.686,"Synthetic diurnal traffic series, 1-minute bins; these are experiment results, not forecasts for demo footage"
forecast.json.horizons.10.preview[38].historical_mean,15.607,"Synthetic diurnal traffic series, 1-minute bins; these are experiment results, not forecasts for demo footage"
forecast.json.horizons.10.preview[38].moving_average,12.417,"Synthetic diurnal traffic series, 1-minute bins; these are experiment results, not forecasts for demo footage"
forecast.json.horizons.10.preview[38].gradient_boosting,12.36,"Synthetic diurnal traffic series, 1-minute bins; these are experiment results, not forecasts for demo footage"
forecast.json.horizons.10.preview[39].minute,2421,"Synthetic diurnal traffic series, 1-minute bins; these are experiment results, not forecasts for demo footage"
forecast.json.horizons.10.preview[39].actual,7.361,"Synthetic diurnal traffic series, 1-minute bins; these are experiment results, not forecasts for demo footage"
forecast.json.horizons.10.preview[39].last_value,9.384,"Synthetic diurnal traffic series, 1-minute bins; these are experiment results, not forecasts for demo footage"
forecast.json.horizons.10.preview[39].historical_mean,15.607,"Synthetic diurnal traffic series, 1-minute bins; these are experiment results, not forecasts for demo footage"
forecast.json.horizons.10.preview[39].moving_average,11.752,"Synthetic diurnal traffic series, 1-minute bins; these are experiment results, not forecasts for demo footage"
forecast.json.horizons.10.preview[39].gradient_boosting,10.427,"Synthetic diurnal traffic series, 1-minute bins; these are experiment results, not forecasts for demo footage"
forecast.json.horizons.10.preview[40].minute,2424,"Synthetic diurnal traffic series, 1-minute bins; these are experiment results, not forecasts for demo footage"
forecast.json.horizons.10.preview[40].actual,14.164,"Synthetic diurnal traffic series, 1-minute bins; these are experiment results, not forecasts for demo footage"
forecast.json.horizons.10.preview[40].last_value,8.738,"Synthetic diurnal traffic series, 1-minute bins; these are experiment results, not forecasts for demo footage"
forecast.json.horizons.10.preview[40].historical_mean,15.607,"Synthetic diurnal traffic series, 1-minute bins; these are experiment results, not forecasts for demo footage"
forecast.json.horizons.10.preview[40].moving_average,10.211,"Synthetic diurnal traffic series, 1-minute bins; these are experiment results, not forecasts for demo footage"
forecast.json.horizons.10.preview[40].gradient_boosting,10.256,"Synthetic diurnal traffic series, 1-minute bins; these are experiment results, not forecasts for demo footage"
forecast.json.horizons.10.preview[41].minute,2427,"Synthetic diurnal traffic series, 1-minute bins; these are experiment results, not forecasts for demo footage"
forecast.json.horizons.10.preview[41].actual,13.393,"Synthetic diurnal traffic series, 1-minute bins; these are experiment results, not forecasts for demo footage"
forecast.json.horizons.10.preview[41].last_value,5.999,"Synthetic diurnal traffic series, 1-minute bins; these are experiment results, not forecasts for demo footage"
forecast.json.horizons.10.preview[41].historical_mean,15.607,"Synthetic diurnal traffic series, 1-minute bins; these are experiment results, not forecasts for demo footage"
forecast.json.horizons.10.preview[41].moving_average,8.502,"Synthetic diurnal traffic series, 1-minute bins; these are experiment results, not forecasts for demo footage"
forecast.json.horizons.10.preview[41].gradient_boosting,11.424,"Synthetic diurnal traffic series, 1-minute bins; these are experiment results, not forecasts for demo footage"
forecast.json.horizons.10.preview[42].minute,2430,"Synthetic diurnal traffic series, 1-minute bins; these are experiment results, not forecasts for demo footage"
forecast.json.horizons.10.preview[42].actual,10.225,"Synthetic diurnal traffic series, 1-minute bins; these are experiment results, not forecasts for demo footage"
forecast.json.horizons.10.preview[42].last_value,10.545,"Synthetic diurnal traffic series, 1-minute bins; these are experiment results, not forecasts for demo footage"
forecast.json.horizons.10.preview[42].historical_mean,15.607,"Synthetic diurnal traffic series, 1-minute bins; these are experiment results, not forecasts for demo footage"
forecast.json.horizons.10.preview[42].moving_average,7.697,"Synthetic diurnal traffic series, 1-minute bins; these are experiment results, not forecasts for demo footage"
forecast.json.horizons.10.preview[42].gradient_boosting,11.099,"Synthetic diurnal traffic series, 1-minute bins; these are experiment results, not forecasts for demo footage"
forecast.json.horizons.10.preview[43].minute,2433,"Synthetic diurnal traffic series, 1-minute bins; these are experiment results, not forecasts for demo footage"
forecast.json.horizons.10.preview[43].actual,8.276,"Synthetic diurnal traffic series, 1-minute bins; these are experiment results, not forecasts for demo footage"
forecast.json.horizons.10.preview[43].last_value,8.737,"Synthetic diurnal traffic series, 1-minute bins; these are experiment results, not forecasts for demo footage"
forecast.json.horizons.10.preview[43].historical_mean,15.607,"Synthetic diurnal traffic series, 1-minute bins; these are experiment results, not forecasts for demo footage"
forecast.json.horizons.10.preview[43].moving_average,9.025,"Synthetic diurnal traffic series, 1-minute bins; these are experiment results, not forecasts for demo footage"
forecast.json.horizons.10.preview[43].gradient_boosting,10.998,"Synthetic diurnal traffic series, 1-minute bins; these are experiment results, not forecasts for demo footage"
forecast.json.horizons.10.preview[44].minute,2436,"Synthetic diurnal traffic series, 1-minute bins; these are experiment results, not forecasts for demo footage"
forecast.json.horizons.10.preview[44].actual,10.451,"Synthetic diurnal traffic series, 1-minute bins; these are experiment results, not forecasts for demo footage"
forecast.json.horizons.10.preview[44].last_value,12.615,"Synthetic diurnal traffic series, 1-minute bins; these are experiment results, not forecasts for demo footage"
forecast.json.horizons.10.preview[44].historical_mean,15.607,"Synthetic diurnal traffic series, 1-minute bins; these are experiment results, not forecasts for demo footage"
forecast.json.horizons.10.preview[44].moving_average,12.26,"Synthetic diurnal traffic series, 1-minute bins; these are experiment results, not forecasts for demo footage"
forecast.json.horizons.10.preview[44].gradient_boosting,10.1,"Synthetic diurnal traffic series, 1-minute bins; these are experiment results, not forecasts for demo footage"
forecast.json.horizons.10.preview[45].minute,2439,"Synthetic diurnal traffic series, 1-minute bins; these are experiment results, not forecasts for demo footage"
forecast.json.horizons.10.preview[45].actual,14.954,"Synthetic diurnal traffic series, 1-minute bins; these are experiment results, not forecasts for demo footage"
forecast.json.horizons.10.preview[45].last_value,12.596,"Synthetic diurnal traffic series, 1-minute bins; these are experiment results, not forecasts for demo footage"
forecast.json.horizons.10.preview[45].historical_mean,15.607,"Synthetic diurnal traffic series, 1-minute bins; these are experiment results, not forecasts for demo footage"
forecast.json.horizons.10.preview[45].moving_average,13.063,"Synthetic diurnal traffic series, 1-minute bins; these are experiment results, not forecasts for demo footage"
forecast.json.horizons.10.preview[45].gradient_boosting,10.028,"Synthetic diurnal traffic series, 1-minute bins; these are experiment results, not forecasts for demo footage"
forecast.json.horizons.10.preview[46].minute,2442,"Synthetic diurnal traffic series, 1-minute bins; these are experiment results, not forecasts for demo footage"
forecast.json.horizons.10.preview[46].actual,13.354,"Synthetic diurnal traffic series, 1-minute bins; these are experiment results, not forecasts for demo footage"
forecast.json.horizons.10.preview[46].last_value,7.496,"Synthetic diurnal traffic series, 1-minute bins; these are experiment results, not forecasts for demo footage"
forecast.json.horizons.10.preview[46].historical_mean,15.607,"Synthetic diurnal traffic series, 1-minute bins; these are experiment results, not forecasts for demo footage"
forecast.json.horizons.10.preview[46].moving_average,10.19,"Synthetic diurnal traffic series, 1-minute bins; these are experiment results, not forecasts for demo footage"
forecast.json.horizons.10.preview[46].gradient_boosting,10.718,"Synthetic diurnal traffic series, 1-minute bins; these are experiment results, not forecasts for demo footage"
forecast.json.horizons.10.preview[47].minute,2445,"Synthetic diurnal traffic series, 1-minute bins; these are experiment results, not forecasts for demo footage"
forecast.json.horizons.10.preview[47].actual,13.045,"Synthetic diurnal traffic series, 1-minute bins; these are experiment results, not forecasts for demo footage"
forecast.json.horizons.10.preview[47].last_value,12.322,"Synthetic diurnal traffic series, 1-minute bins; these are experiment results, not forecasts for demo footage"
forecast.json.horizons.10.preview[47].historical_mean,15.607,"Synthetic diurnal traffic series, 1-minute bins; these are experiment results, not forecasts for demo footage"
forecast.json.horizons.10.preview[47].moving_average,9.865,"Synthetic diurnal traffic series, 1-minute bins; these are experiment results, not forecasts for demo footage"
forecast.json.horizons.10.preview[47].gradient_boosting,11.199,"Synthetic diurnal traffic series, 1-minute bins; these are experiment results, not forecasts for demo footage"
forecast.json.horizons.10.preview[48].minute,2448,"Synthetic diurnal traffic series, 1-minute bins; these are experiment results, not forecasts for demo footage"
forecast.json.horizons.10.preview[48].actual,9.834,"Synthetic diurnal traffic series, 1-minute bins; these are experiment results, not forecasts for demo footage"
forecast.json.horizons.10.preview[48].last_value,15.303,"Synthetic diurnal traffic series, 1-minute bins; these are experiment results, not forecasts for demo footage"
forecast.json.horizons.10.preview[48].historical_mean,15.607,"Synthetic diurnal traffic series, 1-minute bins; these are experiment results, not forecasts for demo footage"
forecast.json.horizons.10.preview[48].moving_average,12.559,"Synthetic diurnal traffic series, 1-minute bins; these are experiment results, not forecasts for demo footage"
forecast.json.horizons.10.preview[48].gradient_boosting,9.929,"Synthetic diurnal traffic series, 1-minute bins; these are experiment results, not forecasts for demo footage"
forecast.json.horizons.10.preview[49].minute,2451,"Synthetic diurnal traffic series, 1-minute bins; these are experiment results, not forecasts for demo footage"
forecast.json.horizons.10.preview[49].actual,7.834,"Synthetic diurnal traffic series, 1-minute bins; these are experiment results, not forecasts for demo footage"
forecast.json.horizons.10.preview[49].last_value,14.862,"Synthetic diurnal traffic series, 1-minute bins; these are experiment results, not forecasts for demo footage"
forecast.json.horizons.10.preview[49].historical_mean,15.607,"Synthetic diurnal traffic series, 1-minute bins; these are experiment results, not forecasts for demo footage"
forecast.json.horizons.10.preview[49].moving_average,14.111,"Synthetic diurnal traffic series, 1-minute bins; these are experiment results, not forecasts for demo footage"
forecast.json.horizons.10.preview[49].gradient_boosting,10.189,"Synthetic diurnal traffic series, 1-minute bins; these are experiment results, not forecasts for demo footage"
forecast.json.horizons.15.models.last_value.mae,3.1145854879007366,"Synthetic diurnal traffic series, 1-minute bins; these are experiment results, not forecasts for demo footage"
forecast.json.horizons.15.models.last_value.rmse,3.8791742319278573,"Synthetic diurnal traffic series, 1-minute bins; these are experiment results, not forecasts for demo footage"
forecast.json.horizons.15.models.last_value.mape_pct,41.1441122611621,"Synthetic diurnal traffic series, 1-minute bins; these are experiment results, not forecasts for demo footage"
forecast.json.horizons.15.models.last_value.mape_excludes_below,1,"Synthetic diurnal traffic series, 1-minute bins; these are experiment results, not forecasts for demo footage"
forecast.json.horizons.15.models.historical_mean.mae,6.310765461736342,"Synthetic diurnal traffic series, 1-minute bins; these are experiment results, not forecasts for demo footage"
forecast.json.horizons.15.models.historical_mean.rmse,7.15382351336205,"Synthetic diurnal traffic series, 1-minute bins; these are experiment results, not forecasts for demo footage"
forecast.json.horizons.15.models.historical_mean.mape_pct,102.14197526008932,"Synthetic diurnal traffic series, 1-minute bins; these are experiment results, not forecasts for demo footage"
forecast.json.horizons.15.models.historical_mean.mape_excludes_below,1,"Synthetic diurnal traffic series, 1-minute bins; these are experiment results, not forecasts for demo footage"
forecast.json.horizons.15.models.moving_average.mae,2.8583080946451145,"Synthetic diurnal traffic series, 1-minute bins; these are experiment results, not forecasts for demo footage"
forecast.json.horizons.15.models.moving_average.rmse,3.498893178119376,"Synthetic diurnal traffic series, 1-minute bins; these are experiment results, not forecasts for demo footage"
forecast.json.horizons.15.models.moving_average.mape_pct,39.041658712675904,"Synthetic diurnal traffic series, 1-minute bins; these are experiment results, not forecasts for demo footage"
forecast.json.horizons.15.models.moving_average.mape_excludes_below,1,"Synthetic diurnal traffic series, 1-minute bins; these are experiment results, not forecasts for demo footage"
forecast.json.horizons.15.models.gradient_boosting.mae,2.4987016204089936,"Synthetic diurnal traffic series, 1-minute bins; these are experiment results, not forecasts for demo footage"
forecast.json.horizons.15.models.gradient_boosting.rmse,3.067382066009849,"Synthetic diurnal traffic series, 1-minute bins; these are experiment results, not forecasts for demo footage"
forecast.json.horizons.15.models.gradient_boosting.mape_pct,34.46605054431332,"Synthetic diurnal traffic series, 1-minute bins; these are experiment results, not forecasts for demo footage"
forecast.json.horizons.15.models.gradient_boosting.mape_excludes_below,1,"Synthetic diurnal traffic series, 1-minute bins; these are experiment results, not forecasts for demo footage"
forecast.json.horizons.15.test_points,561,"Synthetic diurnal traffic series, 1-minute bins; these are experiment results, not forecasts for demo footage"
forecast.json.horizons.15.preview[0].minute,2304,"Synthetic diurnal traffic series, 1-minute bins; these are experiment results, not forecasts for demo footage"
forecast.json.horizons.15.preview[0].actual,7.32,"Synthetic diurnal traffic series, 1-minute bins; these are experiment results, not forecasts for demo footage"
forecast.json.horizons.15.preview[0].last_value,6.595,"Synthetic diurnal traffic series, 1-minute bins; these are experiment results, not forecasts for demo footage"
forecast.json.horizons.15.preview[0].historical_mean,15.589,"Synthetic diurnal traffic series, 1-minute bins; these are experiment results, not forecasts for demo footage"
forecast.json.horizons.15.preview[0].moving_average,9.367,"Synthetic diurnal traffic series, 1-minute bins; these are experiment results, not forecasts for demo footage"
forecast.json.horizons.15.preview[0].gradient_boosting,8.939,"Synthetic diurnal traffic series, 1-minute bins; these are experiment results, not forecasts for demo footage"
forecast.json.horizons.15.preview[1].minute,2307,"Synthetic diurnal traffic series, 1-minute bins; these are experiment results, not forecasts for demo footage"
forecast.json.horizons.15.preview[1].actual,6.137,"Synthetic diurnal traffic series, 1-minute bins; these are experiment results, not forecasts for demo footage"
forecast.json.horizons.15.preview[1].last_value,12.141,"Synthetic diurnal traffic series, 1-minute bins; these are experiment results, not forecasts for demo footage"
forecast.json.horizons.15.preview[1].historical_mean,15.589,"Synthetic diurnal traffic series, 1-minute bins; these are experiment results, not forecasts for demo footage"
forecast.json.horizons.15.preview[1].moving_average,9.298,"Synthetic diurnal traffic series, 1-minute bins; these are experiment results, not forecasts for demo footage"
forecast.json.horizons.15.preview[1].gradient_boosting,10.22,"Synthetic diurnal traffic series, 1-minute bins; these are experiment results, not forecasts for demo footage"
forecast.json.horizons.15.preview[2].minute,2310,"Synthetic diurnal traffic series, 1-minute bins; these are experiment results, not forecasts for demo footage"
forecast.json.horizons.15.preview[2].actual,6.41,"Synthetic diurnal traffic series, 1-minute bins; these are experiment results, not forecasts for demo footage"
forecast.json.horizons.15.preview[2].last_value,11.309,"Synthetic diurnal traffic series, 1-minute bins; these are experiment results, not forecasts for demo footage"
forecast.json.horizons.15.preview[2].historical_mean,15.589,"Synthetic diurnal traffic series, 1-minute bins; these are experiment results, not forecasts for demo footage"
forecast.json.horizons.15.preview[2].moving_average,11.682,"Synthetic diurnal traffic series, 1-minute bins; these are experiment results, not forecasts for demo footage"
forecast.json.horizons.15.preview[2].gradient_boosting,10.199,"Synthetic diurnal traffic series, 1-minute bins; these are experiment results, not forecasts for demo footage"
forecast.json.horizons.15.preview[3].minute,2313,"Synthetic diurnal traffic series, 1-minute bins; these are experiment results, not forecasts for demo footage"
forecast.json.horizons.15.preview[3].actual,7.226,"Synthetic diurnal traffic series, 1-minute bins; these are experiment results, not forecasts for demo footage"
forecast.json.horizons.15.preview[3].last_value,8.874,"Synthetic diurnal traffic series, 1-minute bins; these are experiment results, not forecasts for demo footage"
forecast.json.horizons.15.preview[3].historical_mean,15.589,"Synthetic diurnal traffic series, 1-minute bins; these are experiment results, not forecasts for demo footage"
forecast.json.horizons.15.preview[3].moving_average,11.085,"Synthetic diurnal traffic series, 1-minute bins; these are experiment results, not forecasts for demo footage"
forecast.json.horizons.15.preview[3].gradient_boosting,9.372,"Synthetic diurnal traffic series, 1-minute bins; these are experiment results, not forecasts for demo footage"
forecast.json.horizons.15.preview[4].minute,2316,"Synthetic diurnal traffic series, 1-minute bins; these are experiment results, not forecasts for demo footage"
forecast.json.horizons.15.preview[4].actual,4.762,"Synthetic diurnal traffic series, 1-minute bins; these are experiment results, not forecasts for demo footage"
forecast.json.horizons.15.preview[4].last_value,7.602,"Synthetic diurnal traffic series, 1-minute bins; these are experiment results, not forecasts for demo footage"
forecast.json.horizons.15.preview[4].historical_mean,15.589,"Synthetic diurnal traffic series, 1-minute bins; these are experiment results, not forecasts for demo footage"
forecast.json.horizons.15.preview[4].moving_average,9.126,"Synthetic diurnal traffic series, 1-minute bins; these are experiment results, not forecasts for demo footage"
forecast.json.horizons.15.preview[4].gradient_boosting,9.085,"Synthetic diurnal traffic series, 1-minute bins; these are experiment results, not forecasts for demo footage"
forecast.json.horizons.15.preview[5].minute,2319,"Synthetic diurnal traffic series, 1-minute bins; these are experiment results, not forecasts for demo footage"
forecast.json.horizons.15.preview[5].actual,5.475,"Synthetic diurnal traffic series, 1-minute bins; these are experiment results, not forecasts for demo footage"
forecast.json.horizons.15.preview[5].last_value,7.32,"Synthetic diurnal traffic series, 1-minute bins; these are experiment results, not forecasts for demo footage"
forecast.json.horizons.15.preview[5].historical_mean,15.589,"Synthetic diurnal traffic series, 1-minute bins; these are experiment results, not forecasts for demo footage"
forecast.json.horizons.15.preview[5].moving_average,7.87,"Synthetic diurnal traffic series, 1-minute bins; these are experiment results, not forecasts for demo footage"
forecast.json.horizons.15.preview[5].gradient_boosting,11.269,"Synthetic diurnal traffic series, 1-minute bins; these are experiment results, not forecasts for demo footage"
forecast.json.horizons.15.preview[6].minute,2322,"Synthetic diurnal traffic series, 1-minute bins; these are experiment results, not forecasts for demo footage"
forecast.json.horizons.15.preview[6].actual,9.211,"Synthetic diurnal traffic series, 1-minute bins; these are experiment results, not forecasts for demo footage"
forecast.json.horizons.15.preview[6].last_value,6.137,"Synthetic diurnal traffic series, 1-minute bins; these are experiment results, not forecasts for demo footage"
forecast.json.horizons.15.preview[6].historical_mean,15.589,"Synthetic diurnal traffic series, 1-minute bins; these are experiment results, not forecasts for demo footage"
forecast.json.horizons.15.preview[6].moving_average,7.283,"Synthetic diurnal traffic series, 1-minute bins; these are experiment results, not forecasts for demo footage"
forecast.json.horizons.15.preview[6].gradient_boosting,11.803,"Synthetic diurnal traffic series, 1-minute bins; these are experiment results, not forecasts for demo footage"
forecast.json.horizons.15.preview[7].minute,2325,"Synthetic diurnal traffic series, 1-minute bins; these are experiment results, not forecasts for demo footage"
forecast.json.horizons.15.preview[7].actual,6.755,"Synthetic diurnal traffic series, 1-minute bins; these are experiment results, not forecasts for demo footage"
forecast.json.horizons.15.preview[7].last_value,6.41,"Synthetic diurnal traffic series, 1-minute bins; these are experiment results, not forecasts for demo footage"
forecast.json.horizons.15.preview[7].historical_mean,15.589,"Synthetic diurnal traffic series, 1-minute bins; these are experiment results, not forecasts for demo footage"
forecast.json.horizons.15.preview[7].moving_average,7.623,"Synthetic diurnal traffic series, 1-minute bins; these are experiment results, not forecasts for demo footage"
forecast.json.horizons.15.preview[7].gradient_boosting,9.559,"Synthetic diurnal traffic series, 1-minute bins; these are experiment results, not forecasts for demo footage"
forecast.json.horizons.15.preview[8].minute,2328,"Synthetic diurnal traffic series, 1-minute bins; these are experiment results, not forecasts for demo footage"
forecast.json.horizons.15.preview[8].actual,10.795,"Synthetic diurnal traffic series, 1-minute bins; these are experiment results, not forecasts for demo footage"
forecast.json.horizons.15.preview[8].last_value,7.226,"Synthetic diurnal traffic series, 1-minute bins; these are experiment results, not forecasts for demo footage"
forecast.json.horizons.15.preview[8].historical_mean,15.589,"Synthetic diurnal traffic series, 1-minute bins; these are experiment results, not forecasts for demo footage"
forecast.json.horizons.15.preview[8].moving_average,7.339,"Synthetic diurnal traffic series, 1-minute bins; these are experiment results, not forecasts for demo footage"
forecast.json.horizons.15.preview[8].gradient_boosting,9.788,"Synthetic diurnal traffic series, 1-minute bins; these are experiment results, not forecasts for demo footage"
forecast.json.horizons.15.preview[9].minute,2331,"Synthetic diurnal traffic series, 1-minute bins; these are experiment results, not forecasts for demo footage"
forecast.json.horizons.15.preview[9].actual,4.95,"Synthetic diurnal traffic series, 1-minute bins; these are experiment results, not forecasts for demo footage"
forecast.json.horizons.15.preview[9].last_value,4.762,"Synthetic diurnal traffic series, 1-minute bins; these are experiment results, not forecasts for demo footage"
forecast.json.horizons.15.preview[9].historical_mean,15.589,"Synthetic diurnal traffic series, 1-minute bins; these are experiment results, not forecasts for demo footage"
forecast.json.horizons.15.preview[9].moving_average,6.234,"Synthetic diurnal traffic series, 1-minute bins; these are experiment results, not forecasts for demo footage"
forecast.json.horizons.15.preview[9].gradient_boosting,8.225,"Synthetic diurnal traffic series, 1-minute bins; these are experiment results, not forecasts for demo footage"
forecast.json.horizons.15.preview[10].minute,2334,"Synthetic diurnal traffic series, 1-minute bins; these are experiment results, not forecasts for demo footage"
forecast.json.horizons.15.preview[10].actual,7.454,"Synthetic diurnal traffic series, 1-minute bins; these are experiment results, not forecasts for demo footage"
forecast.json.horizons.15.preview[10].last_value,5.475,"Synthetic diurnal traffic series, 1-minute bins; these are experiment results, not forecasts for demo footage"
forecast.json.horizons.15.preview[10].historical_mean,15.589,"Synthetic diurnal traffic series, 1-minute bins; these are experiment results, not forecasts for demo footage"
forecast.json.horizons.15.preview[10].moving_average,5.341,"Synthetic diurnal traffic series, 1-minute bins; these are experiment results, not forecasts for demo footage"
forecast.json.horizons.15.preview[10].gradient_boosting,8.077,"Synthetic diurnal traffic series, 1-minute bins; these are experiment results, not forecasts for demo footage"
forecast.json.horizons.15.preview[11].minute,2337,"Synthetic diurnal traffic series, 1-minute bins; these are experiment results, not forecasts for demo footage"
forecast.json.horizons.15.preview[11].actual,10.668,"Synthetic diurnal traffic series, 1-minute bins; these are experiment results, not forecasts for demo footage"
forecast.json.horizons.15.preview[11].last_value,9.211,"Synthetic diurnal traffic series, 1-minute bins; these are experiment results, not forecasts for demo footage"
forecast.json.horizons.15.preview[11].historical_mean,15.589,"Synthetic diurnal traffic series, 1-minute bins; these are experiment results, not forecasts for demo footage"
forecast.json.horizons.15.preview[11].moving_average,6.278,"Synthetic diurnal traffic series, 1-minute bins; these are experiment results, not forecasts for demo footage"
forecast.json.horizons.15.preview[11].gradient_boosting,7.452,"Synthetic diurnal traffic series, 1-minute bins; these are experiment results, not forecasts for demo footage"
forecast.json.horizons.15.preview[12].minute,2340,"Synthetic diurnal traffic series, 1-minute bins; these are experiment results, not forecasts for demo footage"
forecast.json.horizons.15.preview[12].actual,11.027,"Synthetic diurnal traffic series, 1-minute bins; these are experiment results, not forecasts for demo footage"
forecast.json.horizons.15.preview[12].last_value,6.755,"Synthetic diurnal traffic series, 1-minute bins; these are experiment results, not forecasts for demo footage"
forecast.json.horizons.15.preview[12].historical_mean,15.589,"Synthetic diurnal traffic series, 1-minute bins; these are experiment results, not forecasts for demo footage"
forecast.json.horizons.15.preview[12].moving_average,7.242,"Synthetic diurnal traffic series, 1-minute bins; these are experiment results, not forecasts for demo footage"
forecast.json.horizons.15.preview[12].gradient_boosting,7.057,"Synthetic diurnal traffic series, 1-minute bins; these are experiment results, not forecasts for demo footage"
forecast.json.horizons.15.preview[13].minute,2343,"Synthetic diurnal traffic series, 1-minute bins; these are experiment results, not forecasts for demo footage"
forecast.json.horizons.15.preview[13].actual,8.787,"Synthetic diurnal traffic series, 1-minute bins; these are experiment results, not forecasts for demo footage"
forecast.json.horizons.15.preview[13].last_value,10.795,"Synthetic diurnal traffic series, 1-minute bins; these are experiment results, not forecasts for demo footage"
forecast.json.horizons.15.preview[13].historical_mean,15.589,"Synthetic diurnal traffic series, 1-minute bins; these are experiment results, not forecasts for demo footage"
forecast.json.horizons.15.preview[13].moving_average,8.658,"Synthetic diurnal traffic series, 1-minute bins; these are experiment results, not forecasts for demo footage"
forecast.json.horizons.15.preview[13].gradient_boosting,7.153,"Synthetic diurnal traffic series, 1-minute bins; these are experiment results, not forecasts for demo footage"
forecast.json.horizons.15.preview[14].minute,2346,"Synthetic diurnal traffic series, 1-minute bins; these are experiment results, not forecasts for demo footage"
forecast.json.horizons.15.preview[14].actual,11.367,"Synthetic diurnal traffic series, 1-minute bins; these are experiment results, not forecasts for demo footage"
forecast.json.horizons.15.preview[14].last_value,4.95,"Synthetic diurnal traffic series, 1-minute bins; these are experiment results, not forecasts for demo footage"
forecast.json.horizons.15.preview[14].historical_mean,15.589,"Synthetic diurnal traffic series, 1-minute bins; these are experiment results, not forecasts for demo footage"
forecast.json.horizons.15.preview[14].moving_average,7.635,"Synthetic diurnal traffic series, 1-minute bins; these are experiment results, not forecasts for demo footage"
forecast.json.horizons.15.preview[14].gradient_boosting,7.424,"Synthetic diurnal traffic series, 1-minute bins; these are experiment results, not forecasts for demo footage"
forecast.json.horizons.15.preview[15].minute,2349,"Synthetic diurnal traffic series, 1-minute bins; these are experiment results, not forecasts for demo footage"
forecast.json.horizons.15.preview[15].actual,8.181,"Synthetic diurnal traffic series, 1-minute bins; these are experiment results, not forecasts for demo footage"
forecast.json.horizons.15.preview[15].last_value,7.454,"Synthetic diurnal traffic series, 1-minute bins; these are experiment results, not forecasts for demo footage"
forecast.json.horizons.15.preview[15].historical_mean,15.589,"Synthetic diurnal traffic series, 1-minute bins; these are experiment results, not forecasts for demo footage"
forecast.json.horizons.15.preview[15].moving_average,6.797,"Synthetic diurnal traffic series, 1-minute bins; these are experiment results, not forecasts for demo footage"
forecast.json.horizons.15.preview[15].gradient_boosting,7.721,"Synthetic diurnal traffic series, 1-minute bins; these are experiment results, not forecasts for demo footage"
forecast.json.horizons.15.preview[16].minute,2352,"Synthetic diurnal traffic series, 1-minute bins; these are experiment results, not forecasts for demo footage"
forecast.json.horizons.15.preview[16].actual,6.643,"Synthetic diurnal traffic series, 1-minute bins; these are experiment results, not forecasts for demo footage"
forecast.json.horizons.15.preview[16].last_value,10.668,"Synthetic diurnal traffic series, 1-minute bins; these are experiment results, not forecasts for demo footage"
forecast.json.horizons.15.preview[16].historical_mean,15.589,"Synthetic diurnal traffic series, 1-minute bins; these are experiment results, not forecasts for demo footage"
forecast.json.horizons.15.preview[16].moving_average,8.958,"Synthetic diurnal traffic series, 1-minute bins; these are experiment results, not forecasts for demo footage"
forecast.json.horizons.15.preview[16].gradient_boosting,7.963,"Synthetic diurnal traffic series, 1-minute bins; these are experiment results, not forecasts for demo footage"
forecast.json.horizons.15.preview[17].minute,2355,"Synthetic diurnal traffic series, 1-minute bins; these are experiment results, not forecasts for demo footage"
forecast.json.horizons.15.preview[17].actual,7.85,"Synthetic diurnal traffic series, 1-minute bins; these are experiment results, not forecasts for demo footage"
forecast.json.horizons.15.preview[17].last_value,11.027,"Synthetic diurnal traffic series, 1-minute bins; these are experiment results, not forecasts for demo footage"
forecast.json.horizons.15.preview[17].historical_mean,15.589,"Synthetic diurnal traffic series, 1-minute bins; these are experiment results, not forecasts for demo footage"
forecast.json.horizons.15.preview[17].moving_average,11.081,"Synthetic diurnal traffic series, 1-minute bins; these are experiment results, not forecasts for demo footage"
forecast.json.horizons.15.preview[17].gradient_boosting,9.032,"Synthetic diurnal traffic series, 1-minute bins; these are experiment results, not forecasts for demo footage"
forecast.json.horizons.15.preview[18].minute,2358,"Synthetic diurnal traffic series, 1-minute bins; these are experiment results, not forecasts for demo footage"
forecast.json.horizons.15.preview[18].actual,4.813,"Synthetic diurnal traffic series, 1-minute bins; these are experiment results, not forecasts for demo footage"
forecast.json.horizons.15.preview[18].last_value,8.787,"Synthetic diurnal traffic series, 1-minute bins; these are experiment results, not forecasts for demo footage"
forecast.json.horizons.15.preview[18].historical_mean,15.589,"Synthetic diurnal traffic series, 1-minute bins; these are experiment results, not forecasts for demo footage"
forecast.json.horizons.15.preview[18].moving_average,10.934,"Synthetic diurnal traffic series, 1-minute bins; these are experiment results, not forecasts for demo footage"
forecast.json.horizons.15.preview[18].gradient_boosting,7.965,"Synthetic diurnal traffic series, 1-minute bins; these are experiment results, not forecasts for demo footage"
forecast.json.horizons.15.preview[19].minute,2361,"Synthetic diurnal traffic series, 1-minute bins; these are experiment results, not forecasts for demo footage"
forecast.json.horizons.15.preview[19].actual,8.444,"Synthetic diurnal traffic series, 1-minute bins; these are experiment results, not forecasts for demo footage"
forecast.json.horizons.15.preview[19].last_value,11.367,"Synthetic diurnal traffic series, 1-minute bins; these are experiment results, not forecasts for demo footage"
forecast.json.horizons.15.preview[19].historical_mean,15.589,"Synthetic diurnal traffic series, 1-minute bins; these are experiment results, not forecasts for demo footage"
forecast.json.horizons.15.preview[19].moving_average,9.965,"Synthetic diurnal traffic series, 1-minute bins; these are experiment results, not forecasts for demo footage"
forecast.json.horizons.15.preview[19].gradient_boosting,9.4,"Synthetic diurnal traffic series, 1-minute bins; these are experiment results, not forecasts for demo footage"
forecast.json.horizons.15.preview[20].minute,2364,"Synthetic diurnal traffic series, 1-minute bins; these are experiment results, not forecasts for demo footage"
forecast.json.horizons.15.preview[20].actual,5.897,"Synthetic diurnal traffic series, 1-minute bins; these are experiment results, not forecasts for demo footage"
forecast.json.horizons.15.preview[20].last_value,8.181,"Synthetic diurnal traffic series, 1-minute bins; these are experiment results, not forecasts for demo footage"
forecast.json.horizons.15.preview[20].historical_mean,15.589,"Synthetic diurnal traffic series, 1-minute bins; these are experiment results, not forecasts for demo footage"
forecast.json.horizons.15.preview[20].moving_average,9.578,"Synthetic diurnal traffic series, 1-minute bins; these are experiment results, not forecasts for demo footage"
forecast.json.horizons.15.preview[20].gradient_boosting,9.435,"Synthetic diurnal traffic series, 1-minute bins; these are experiment results, not forecasts for demo footage"
forecast.json.horizons.15.preview[21].minute,2367,"Synthetic diurnal traffic series, 1-minute bins; these are experiment results, not forecasts for demo footage"
forecast.json.horizons.15.preview[21].actual,11.069,"Synthetic diurnal traffic series, 1-minute bins; these are experiment results, not forecasts for demo footage"
forecast.json.horizons.15.preview[21].last_value,6.643,"Synthetic diurnal traffic series, 1-minute bins; these are experiment results, not forecasts for demo footage"
forecast.json.horizons.15.preview[21].historical_mean,15.589,"Synthetic diurnal traffic series, 1-minute bins; these are experiment results, not forecasts for demo footage"
forecast.json.horizons.15.preview[21].moving_average,7.973,"Synthetic diurnal traffic series, 1-minute bins; these are experiment results, not forecasts for demo footage"
forecast.json.horizons.15.preview[21].gradient_boosting,10.536,"Synthetic diurnal traffic series, 1-minute bins; these are experiment results, not forecasts for demo footage"
forecast.json.horizons.15.preview[22].minute,2370,"Synthetic diurnal traffic series, 1-minute bins; these are experiment results, not forecasts for demo footage"
forecast.json.horizons.15.preview[22].actual,7.053,"Synthetic diurnal traffic series, 1-minute bins; these are experiment results, not forecasts for demo footage"
forecast.json.horizons.15.preview[22].last_value,7.85,"Synthetic diurnal traffic series, 1-minute bins; these are experiment results, not forecasts for demo footage"
forecast.json.horizons.15.preview[22].historical_mean,15.589,"Synthetic diurnal traffic series, 1-minute bins; these are experiment results, not forecasts for demo footage"
forecast.json.horizons.15.preview[22].moving_average,7.232,"Synthetic diurnal traffic series, 1-minute bins; these are experiment results, not forecasts for demo footage"
forecast.json.horizons.15.preview[22].gradient_boosting,10.07,"Synthetic diurnal traffic series, 1-minute bins; these are experiment results, not forecasts for demo footage"
forecast.json.horizons.15.preview[23].minute,2373,"Synthetic diurnal traffic series, 1-minute bins; these are experiment results, not forecasts for demo footage"
forecast.json.horizons.15.preview[23].actual,5.493,"Synthetic diurnal traffic series, 1-minute bins; these are experiment results, not forecasts for demo footage"
forecast.json.horizons.15.preview[23].last_value,4.813,"Synthetic diurnal traffic series, 1-minute bins; these are experiment results, not forecasts for demo footage"
forecast.json.horizons.15.preview[23].historical_mean,15.589,"Synthetic diurnal traffic series, 1-minute bins; these are experiment results, not forecasts for demo footage"
forecast.json.horizons.15.preview[23].moving_average,6.196,"Synthetic diurnal traffic series, 1-minute bins; these are experiment results, not forecasts for demo footage"
forecast.json.horizons.15.preview[23].gradient_boosting,8.308,"Synthetic diurnal traffic series, 1-minute bins; these are experiment results, not forecasts for demo footage"
forecast.json.horizons.15.preview[24].minute,2376,"Synthetic diurnal traffic series, 1-minute bins; these are experiment results, not forecasts for demo footage"
forecast.json.horizons.15.preview[24].actual,3.26,"Synthetic diurnal traffic series, 1-minute bins; these are experiment results, not forecasts for demo footage"
forecast.json.horizons.15.preview[24].last_value,8.444,"Synthetic diurnal traffic series, 1-minute bins; these are experiment results, not forecasts for demo footage"
forecast.json.horizons.15.preview[24].historical_mean,15.589,"Synthetic diurnal traffic series, 1-minute bins; these are experiment results, not forecasts for demo footage"
forecast.json.horizons.15.preview[24].moving_average,6.093,"Synthetic diurnal traffic series, 1-minute bins; these are experiment results, not forecasts for demo footage"
forecast.json.horizons.15.preview[24].gradient_boosting,6.994,"Synthetic diurnal traffic series, 1-minute bins; these are experiment results, not forecasts for demo footage"
forecast.json.horizons.15.preview[25].minute,2379,"Synthetic diurnal traffic series, 1-minute bins; these are experiment results, not forecasts for demo footage"
forecast.json.horizons.15.preview[25].actual,9.424,"Synthetic diurnal traffic series, 1-minute bins; these are experiment results, not forecasts for demo footage"
forecast.json.horizons.15.preview[25].last_value,5.897,"Synthetic diurnal traffic series, 1-minute bins; these are experiment results, not forecasts for demo footage"
forecast.json.horizons.15.preview[25].historical_mean,15.589,"Synthetic diurnal traffic series, 1-minute bins; these are experiment results, not forecasts for demo footage"
forecast.json.horizons.15.preview[25].moving_average,7.783,"Synthetic diurnal traffic series, 1-minute bins; these are experiment results, not forecasts for demo footage"
forecast.json.horizons.15.preview[25].gradient_boosting,8.903,"Synthetic diurnal traffic series, 1-minute bins; these are experiment results, not forecasts for demo footage"
forecast.json.horizons.15.preview[26].minute,2382,"Synthetic diurnal traffic series, 1-minute bins; these are experiment results, not forecasts for demo footage"
forecast.json.horizons.15.preview[26].actual,9.35,"Synthetic diurnal traffic series, 1-minute bins; these are experiment results, not forecasts for demo footage"
forecast.json.horizons.15.preview[26].last_value,11.069,"Synthetic diurnal traffic series, 1-minute bins; these are experiment results, not forecasts for demo footage"
forecast.json.horizons.15.preview[26].historical_mean,15.589,"Synthetic diurnal traffic series, 1-minute bins; these are experiment results, not forecasts for demo footage"
forecast.json.horizons.15.preview[26].moving_average,8.487,"Synthetic diurnal traffic series, 1-minute bins; these are experiment results, not forecasts for demo footage"
forecast.json.horizons.15.preview[26].gradient_boosting,7.522,"Synthetic diurnal traffic series, 1-minute bins; these are experiment results, not forecasts for demo footage"
forecast.json.horizons.15.preview[27].minute,2385,"Synthetic diurnal traffic series, 1-minute bins; these are experiment results, not forecasts for demo footage"
forecast.json.horizons.15.preview[27].actual,6.131,"Synthetic diurnal traffic series, 1-minute bins; these are experiment results, not forecasts for demo footage"
forecast.json.horizons.15.preview[27].last_value,7.053,"Synthetic diurnal traffic series, 1-minute bins; these are experiment results, not forecasts for demo footage"
forecast.json.horizons.15.preview[27].historical_mean,15.589,"Synthetic diurnal traffic series, 1-minute bins; these are experiment results, not forecasts for demo footage"
forecast.json.horizons.15.preview[27].moving_average,8.609,"Synthetic diurnal traffic series, 1-minute bins; these are experiment results, not forecasts for demo footage"
forecast.json.horizons.15.preview[27].gradient_boosting,7.819,"Synthetic diurnal traffic series, 1-minute bins; these are experiment results, not forecasts for demo footage"
forecast.json.horizons.15.preview[28].minute,2388,"Synthetic diurnal traffic series, 1-minute bins; these are experiment results, not forecasts for demo footage"
forecast.json.horizons.15.preview[28].actual,7.478,"Synthetic diurnal traffic series, 1-minute bins; these are experiment results, not forecasts for demo footage"
forecast.json.horizons.15.preview[28].last_value,5.493,"Synthetic diurnal traffic series, 1-minute bins; these are experiment results, not forecasts for demo footage"
forecast.json.horizons.15.preview[28].historical_mean,15.589,"Synthetic diurnal traffic series, 1-minute bins; these are experiment results, not forecasts for demo footage"
forecast.json.horizons.15.preview[28].moving_average,5.881,"Synthetic diurnal traffic series, 1-minute bins; these are experiment results, not forecasts for demo footage"
forecast.json.horizons.15.preview[28].gradient_boosting,7.188,"Synthetic diurnal traffic series, 1-minute bins; these are experiment results, not forecasts for demo footage"
forecast.json.horizons.15.preview[29].minute,2391,"Synthetic diurnal traffic series, 1-minute bins; these are experiment results, not forecasts for demo footage"
forecast.json.horizons.15.preview[29].actual,11.517,"Synthetic diurnal traffic series, 1-minute bins; these are experiment results, not forecasts for demo footage"
forecast.json.horizons.15.preview[29].last_value,3.26,"Synthetic diurnal traffic series, 1-minute bins; these are experiment results, not forecasts for demo footage"
forecast.json.horizons.15.preview[29].historical_mean,15.589,"Synthetic diurnal traffic series, 1-minute bins; these are experiment results, not forecasts for demo footage"
forecast.json.horizons.15.preview[29].moving_average,4.772,"Synthetic diurnal traffic series, 1-minute bins; these are experiment results, not forecasts for demo footage"
forecast.json.horizons.15.preview[29].gradient_boosting,7.595,"Synthetic diurnal traffic series, 1-minute bins; these are experiment results, not forecasts for demo footage"
forecast.json.horizons.15.preview[30].minute,2394,"Synthetic diurnal traffic series, 1-minute bins; these are experiment results, not forecasts for demo footage"
forecast.json.horizons.15.preview[30].actual,10.326,"Synthetic diurnal traffic series, 1-minute bins; these are experiment results, not forecasts for demo footage"
forecast.json.horizons.15.preview[30].last_value,9.424,"Synthetic diurnal traffic series, 1-minute bins; these are experiment results, not forecasts for demo footage"
forecast.json.horizons.15.preview[30].historical_mean,15.589,"Synthetic diurnal traffic series, 1-minute bins; these are experiment results, not forecasts for demo footage"
forecast.json.horizons.15.preview[30].moving_average,6.049,"Synthetic diurnal traffic series, 1-minute bins; these are experiment results, not forecasts for demo footage"
forecast.json.horizons.15.preview[30].gradient_boosting,8.712,"Synthetic diurnal traffic series, 1-minute bins; these are experiment results, not forecasts for demo footage"
forecast.json.horizons.15.preview[31].minute,2397,"Synthetic diurnal traffic series, 1-minute bins; these are experiment results, not forecasts for demo footage"
forecast.json.horizons.15.preview[31].actual,11.204,"Synthetic diurnal traffic series, 1-minute bins; these are experiment results, not forecasts for demo footage"
forecast.json.horizons.15.preview[31].last_value,9.35,"Synthetic diurnal traffic series, 1-minute bins; these are experiment results, not forecasts for demo footage"
forecast.json.horizons.15.preview[31].historical_mean,15.589,"Synthetic diurnal traffic series, 1-minute bins; these are experiment results, not forecasts for demo footage"
forecast.json.horizons.15.preview[31].moving_average,9.882,"Synthetic diurnal traffic series, 1-minute bins; these are experiment results, not forecasts for demo footage"
forecast.json.horizons.15.preview[31].gradient_boosting,9.449,"Synthetic diurnal traffic series, 1-minute bins; these are experiment results, not forecasts for demo footage"
forecast.json.horizons.15.preview[32].minute,2400,"Synthetic diurnal traffic series, 1-minute bins; these are experiment results, not forecasts for demo footage"
forecast.json.horizons.15.preview[32].actual,14.02,"Synthetic diurnal traffic series, 1-minute bins; these are experiment results, not forecasts for demo footage"
forecast.json.horizons.15.preview[32].last_value,6.131,"Synthetic diurnal traffic series, 1-minute bins; these are experiment results, not forecasts for demo footage"
forecast.json.horizons.15.preview[32].historical_mean,15.589,"Synthetic diurnal traffic series, 1-minute bins; these are experiment results, not forecasts for demo footage"
forecast.json.horizons.15.preview[32].moving_average,8.012,"Synthetic diurnal traffic series, 1-minute bins; these are experiment results, not forecasts for demo footage"
forecast.json.horizons.15.preview[32].gradient_boosting,9.473,"Synthetic diurnal traffic series, 1-minute bins; these are experiment results, not forecasts for demo footage"
forecast.json.horizons.15.preview[33].minute,2403,"Synthetic diurnal traffic series, 1-minute bins; these are experiment results, not forecasts for demo footage"
forecast.json.horizons.15.preview[33].actual,11.686,"Synthetic diurnal traffic series, 1-minute bins; these are experiment results, not forecasts for demo footage"
forecast.json.horizons.15.preview[33].last_value,7.478,"Synthetic diurnal traffic series, 1-minute bins; these are experiment results, not forecasts for demo footage"
forecast.json.horizons.15.preview[33].historical_mean,15.589,"Synthetic diurnal traffic series, 1-minute bins; these are experiment results, not forecasts for demo footage"
forecast.json.horizons.15.preview[33].moving_average,7.616,"Synthetic diurnal traffic series, 1-minute bins; these are experiment results, not forecasts for demo footage"
forecast.json.horizons.15.preview[33].gradient_boosting,9.128,"Synthetic diurnal traffic series, 1-minute bins; these are experiment results, not forecasts for demo footage"
forecast.json.horizons.15.preview[34].minute,2406,"Synthetic diurnal traffic series, 1-minute bins; these are experiment results, not forecasts for demo footage"
forecast.json.horizons.15.preview[34].actual,9.384,"Synthetic diurnal traffic series, 1-minute bins; these are experiment results, not forecasts for demo footage"
forecast.json.horizons.15.preview[34].last_value,11.517,"Synthetic diurnal traffic series, 1-minute bins; these are experiment results, not forecasts for demo footage"
forecast.json.horizons.15.preview[34].historical_mean,15.589,"Synthetic diurnal traffic series, 1-minute bins; these are experiment results, not forecasts for demo footage"
forecast.json.horizons.15.preview[34].moving_average,8.508,"Synthetic diurnal traffic series, 1-minute bins; these are experiment results, not forecasts for demo footage"
forecast.json.horizons.15.preview[34].gradient_boosting,10.064,"Synthetic diurnal traffic series, 1-minute bins; these are experiment results, not forecasts for demo footage"
forecast.json.horizons.15.preview[35].minute,2409,"Synthetic diurnal traffic series, 1-minute bins; these are experiment results, not forecasts for demo footage"
forecast.json.horizons.15.preview[35].actual,8.738,"Synthetic diurnal traffic series, 1-minute bins; these are experiment results, not forecasts for demo footage"
forecast.json.horizons.15.preview[35].last_value,10.326,"Synthetic diurnal traffic series, 1-minute bins; these are experiment results, not forecasts for demo footage"
forecast.json.horizons.15.preview[35].historical_mean,15.589,"Synthetic diurnal traffic series, 1-minute bins; these are experiment results, not forecasts for demo footage"
forecast.json.horizons.15.preview[35].moving_average,10.322,"Synthetic diurnal traffic series, 1-minute bins; these are experiment results, not forecasts for demo footage"
forecast.json.horizons.15.preview[35].gradient_boosting,11.511,"Synthetic diurnal traffic series, 1-minute bins; these are experiment results, not forecasts for demo footage"
forecast.json.horizons.15.preview[36].minute,2412,"Synthetic diurnal traffic series, 1-minute bins; these are experiment results, not forecasts for demo footage"
forecast.json.horizons.15.preview[36].actual,5.999,"Synthetic diurnal traffic series, 1-minute bins; these are experiment results, not forecasts for demo footage"
forecast.json.horizons.15.preview[36].last_value,11.204,"Synthetic diurnal traffic series, 1-minute bins; these are experiment results, not forecasts for demo footage"
forecast.json.horizons.15.preview[36].historical_mean,15.589,"Synthetic diurnal traffic series, 1-minute bins; these are experiment results, not forecasts for demo footage"
forecast.json.horizons.15.preview[36].moving_average,10.17,"Synthetic diurnal traffic series, 1-minute bins; these are experiment results, not forecasts for demo footage"
forecast.json.horizons.15.preview[36].gradient_boosting,11.92,"Synthetic diurnal traffic series, 1-minute bins; these are experiment results, not forecasts for demo footage"
forecast.json.horizons.15.preview[37].minute,2415,"Synthetic diurnal traffic series, 1-minute bins; these are experiment results, not forecasts for demo footage"
forecast.json.horizons.15.preview[37].actual,10.545,"Synthetic diurnal traffic series, 1-minute bins; these are experiment results, not forecasts for demo footage"
forecast.json.horizons.15.preview[37].last_value,14.02,"Synthetic diurnal traffic series, 1-minute bins; these are experiment results, not forecasts for demo footage"
forecast.json.horizons.15.preview[37].historical_mean,15.589,"Synthetic diurnal traffic series, 1-minute bins; these are experiment results, not forecasts for demo footage"
forecast.json.horizons.15.preview[37].moving_average,11.455,"Synthetic diurnal traffic series, 1-minute bins; these are experiment results, not forecasts for demo footage"
forecast.json.horizons.15.preview[37].gradient_boosting,13.15,"Synthetic diurnal traffic series, 1-minute bins; these are experiment results, not forecasts for demo footage"
forecast.json.horizons.15.preview[38].minute,2418,"Synthetic diurnal traffic series, 1-minute bins; these are experiment results, not forecasts for demo footage"
forecast.json.horizons.15.preview[38].actual,8.737,"Synthetic diurnal traffic series, 1-minute bins; these are experiment results, not forecasts for demo footage"
forecast.json.horizons.15.preview[38].last_value,11.686,"Synthetic diurnal traffic series, 1-minute bins; these are experiment results, not forecasts for demo footage"
forecast.json.horizons.15.preview[38].historical_mean,15.589,"Synthetic diurnal traffic series, 1-minute bins; these are experiment results, not forecasts for demo footage"
forecast.json.horizons.15.preview[38].moving_average,12.417,"Synthetic diurnal traffic series, 1-minute bins; these are experiment results, not forecasts for demo footage"
forecast.json.horizons.15.preview[38].gradient_boosting,12.079,"Synthetic diurnal traffic series, 1-minute bins; these are experiment results, not forecasts for demo footage"
forecast.json.horizons.15.preview[39].minute,2421,"Synthetic diurnal traffic series, 1-minute bins; these are experiment results, not forecasts for demo footage"
forecast.json.horizons.15.preview[39].actual,12.615,"Synthetic diurnal traffic series, 1-minute bins; these are experiment results, not forecasts for demo footage"
forecast.json.horizons.15.preview[39].last_value,9.384,"Synthetic diurnal traffic series, 1-minute bins; these are experiment results, not forecasts for demo footage"
forecast.json.horizons.15.preview[39].historical_mean,15.589,"Synthetic diurnal traffic series, 1-minute bins; these are experiment results, not forecasts for demo footage"
forecast.json.horizons.15.preview[39].moving_average,11.752,"Synthetic diurnal traffic series, 1-minute bins; these are experiment results, not forecasts for demo footage"
forecast.json.horizons.15.preview[39].gradient_boosting,10.744,"Synthetic diurnal traffic series, 1-minute bins; these are experiment results, not forecasts for demo footage"
forecast.json.horizons.15.preview[40].minute,2424,"Synthetic diurnal traffic series, 1-minute bins; these are experiment results, not forecasts for demo footage"
forecast.json.horizons.15.preview[40].actual,12.596,"Synthetic diurnal traffic series, 1-minute bins; these are experiment results, not forecasts for demo footage"
forecast.json.horizons.15.preview[40].last_value,8.738,"Synthetic diurnal traffic series, 1-minute bins; these are experiment results, not forecasts for demo footage"
forecast.json.horizons.15.preview[40].historical_mean,15.589,"Synthetic diurnal traffic series, 1-minute bins; these are experiment results, not forecasts for demo footage"
forecast.json.horizons.15.preview[40].moving_average,10.211,"Synthetic diurnal traffic series, 1-minute bins; these are experiment results, not forecasts for demo footage"
forecast.json.horizons.15.preview[40].gradient_boosting,9.745,"Synthetic diurnal traffic series, 1-minute bins; these are experiment results, not forecasts for demo footage"
forecast.json.horizons.15.preview[41].minute,2427,"Synthetic diurnal traffic series, 1-minute bins; these are experiment results, not forecasts for demo footage"
forecast.json.horizons.15.preview[41].actual,7.496,"Synthetic diurnal traffic series, 1-minute bins; these are experiment results, not forecasts for demo footage"
forecast.json.horizons.15.preview[41].last_value,5.999,"Synthetic diurnal traffic series, 1-minute bins; these are experiment results, not forecasts for demo footage"
forecast.json.horizons.15.preview[41].historical_mean,15.589,"Synthetic diurnal traffic series, 1-minute bins; these are experiment results, not forecasts for demo footage"
forecast.json.horizons.15.preview[41].moving_average,8.502,"Synthetic diurnal traffic series, 1-minute bins; these are experiment results, not forecasts for demo footage"
forecast.json.horizons.15.preview[41].gradient_boosting,10.822,"Synthetic diurnal traffic series, 1-minute bins; these are experiment results, not forecasts for demo footage"
forecast.json.horizons.15.preview[42].minute,2430,"Synthetic diurnal traffic series, 1-minute bins; these are experiment results, not forecasts for demo footage"
forecast.json.horizons.15.preview[42].actual,12.322,"Synthetic diurnal traffic series, 1-minute bins; these are experiment results, not forecasts for demo footage"
forecast.json.horizons.15.preview[42].last_value,10.545,"Synthetic diurnal traffic series, 1-minute bins; these are experiment results, not forecasts for demo footage"
forecast.json.horizons.15.preview[42].historical_mean,15.589,"Synthetic diurnal traffic series, 1-minute bins; these are experiment results, not forecasts for demo footage"
forecast.json.horizons.15.preview[42].moving_average,7.697,"Synthetic diurnal traffic series, 1-minute bins; these are experiment results, not forecasts for demo footage"
forecast.json.horizons.15.preview[42].gradient_boosting,10.408,"Synthetic diurnal traffic series, 1-minute bins; these are experiment results, not forecasts for demo footage"
forecast.json.horizons.15.preview[43].minute,2433,"Synthetic diurnal traffic series, 1-minute bins; these are experiment results, not forecasts for demo footage"
forecast.json.horizons.15.preview[43].actual,15.303,"Synthetic diurnal traffic series, 1-minute bins; these are experiment results, not forecasts for demo footage"
forecast.json.horizons.15.preview[43].last_value,8.737,"Synthetic diurnal traffic series, 1-minute bins; these are experiment results, not forecasts for demo footage"
forecast.json.horizons.15.preview[43].historical_mean,15.589,"Synthetic diurnal traffic series, 1-minute bins; these are experiment results, not forecasts for demo footage"
forecast.json.horizons.15.preview[43].moving_average,9.025,"Synthetic diurnal traffic series, 1-minute bins; these are experiment results, not forecasts for demo footage"
forecast.json.horizons.15.preview[43].gradient_boosting,10.445,"Synthetic diurnal traffic series, 1-minute bins; these are experiment results, not forecasts for demo footage"
forecast.json.horizons.15.preview[44].minute,2436,"Synthetic diurnal traffic series, 1-minute bins; these are experiment results, not forecasts for demo footage"
forecast.json.horizons.15.preview[44].actual,14.862,"Synthetic diurnal traffic series, 1-minute bins; these are experiment results, not forecasts for demo footage"
forecast.json.horizons.15.preview[44].last_value,12.615,"Synthetic diurnal traffic series, 1-minute bins; these are experiment results, not forecasts for demo footage"
forecast.json.horizons.15.preview[44].historical_mean,15.589,"Synthetic diurnal traffic series, 1-minute bins; these are experiment results, not forecasts for demo footage"
forecast.json.horizons.15.preview[44].moving_average,12.26,"Synthetic diurnal traffic series, 1-minute bins; these are experiment results, not forecasts for demo footage"
forecast.json.horizons.15.preview[44].gradient_boosting,11.153,"Synthetic diurnal traffic series, 1-minute bins; these are experiment results, not forecasts for demo footage"
forecast.json.horizons.15.preview[45].minute,2439,"Synthetic diurnal traffic series, 1-minute bins; these are experiment results, not forecasts for demo footage"
forecast.json.horizons.15.preview[45].actual,15.366,"Synthetic diurnal traffic series, 1-minute bins; these are experiment results, not forecasts for demo footage"
forecast.json.horizons.15.preview[45].last_value,12.596,"Synthetic diurnal traffic series, 1-minute bins; these are experiment results, not forecasts for demo footage"
forecast.json.horizons.15.preview[45].historical_mean,15.589,"Synthetic diurnal traffic series, 1-minute bins; these are experiment results, not forecasts for demo footage"
forecast.json.horizons.15.preview[45].moving_average,13.063,"Synthetic diurnal traffic series, 1-minute bins; these are experiment results, not forecasts for demo footage"
forecast.json.horizons.15.preview[45].gradient_boosting,11.44,"Synthetic diurnal traffic series, 1-minute bins; these are experiment results, not forecasts for demo footage"
forecast.json.horizons.15.preview[46].minute,2442,"Synthetic diurnal traffic series, 1-minute bins; these are experiment results, not forecasts for demo footage"
forecast.json.horizons.15.preview[46].actual,12.303,"Synthetic diurnal traffic series, 1-minute bins; these are experiment results, not forecasts for demo footage"
forecast.json.horizons.15.preview[46].last_value,7.496,"Synthetic diurnal traffic series, 1-minute bins; these are experiment results, not forecasts for demo footage"
forecast.json.horizons.15.preview[46].historical_mean,15.589,"Synthetic diurnal traffic series, 1-minute bins; these are experiment results, not forecasts for demo footage"
forecast.json.horizons.15.preview[46].moving_average,10.19,"Synthetic diurnal traffic series, 1-minute bins; these are experiment results, not forecasts for demo footage"
forecast.json.horizons.15.preview[46].gradient_boosting,11.072,"Synthetic diurnal traffic series, 1-minute bins; these are experiment results, not forecasts for demo footage"
forecast.json.horizons.15.preview[47].minute,2445,"Synthetic diurnal traffic series, 1-minute bins; these are experiment results, not forecasts for demo footage"
forecast.json.horizons.15.preview[47].actual,6.926,"Synthetic diurnal traffic series, 1-minute bins; these are experiment results, not forecasts for demo footage"
forecast.json.horizons.15.preview[47].last_value,12.322,"Synthetic diurnal traffic series, 1-minute bins; these are experiment results, not forecasts for demo footage"
forecast.json.horizons.15.preview[47].historical_mean,15.589,"Synthetic diurnal traffic series, 1-minute bins; these are experiment results, not forecasts for demo footage"
forecast.json.horizons.15.preview[47].moving_average,9.865,"Synthetic diurnal traffic series, 1-minute bins; these are experiment results, not forecasts for demo footage"
forecast.json.horizons.15.preview[47].gradient_boosting,11.268,"Synthetic diurnal traffic series, 1-minute bins; these are experiment results, not forecasts for demo footage"
forecast.json.horizons.15.preview[48].minute,2448,"Synthetic diurnal traffic series, 1-minute bins; these are experiment results, not forecasts for demo footage"
forecast.json.horizons.15.preview[48].actual,12.725,"Synthetic diurnal traffic series, 1-minute bins; these are experiment results, not forecasts for demo footage"
forecast.json.horizons.15.preview[48].last_value,15.303,"Synthetic diurnal traffic series, 1-minute bins; these are experiment results, not forecasts for demo footage"
forecast.json.horizons.15.preview[48].historical_mean,15.589,"Synthetic diurnal traffic series, 1-minute bins; these are experiment results, not forecasts for demo footage"
forecast.json.horizons.15.preview[48].moving_average,12.559,"Synthetic diurnal traffic series, 1-minute bins; these are experiment results, not forecasts for demo footage"
forecast.json.horizons.15.preview[48].gradient_boosting,10.287,"Synthetic diurnal traffic series, 1-minute bins; these are experiment results, not forecasts for demo footage"
forecast.json.horizons.15.preview[49].minute,2451,"Synthetic diurnal traffic series, 1-minute bins; these are experiment results, not forecasts for demo footage"
forecast.json.horizons.15.preview[49].actual,11.901,"Synthetic diurnal traffic series, 1-minute bins; these are experiment results, not forecasts for demo footage"
forecast.json.horizons.15.preview[49].last_value,14.862,"Synthetic diurnal traffic series, 1-minute bins; these are experiment results, not forecasts for demo footage"
forecast.json.horizons.15.preview[49].historical_mean,15.589,"Synthetic diurnal traffic series, 1-minute bins; these are experiment results, not forecasts for demo footage"
forecast.json.horizons.15.preview[49].moving_average,14.111,"Synthetic diurnal traffic series, 1-minute bins; these are experiment results, not forecasts for demo footage"
forecast.json.horizons.15.preview[49].gradient_boosting,10.304,"Synthetic diurnal traffic series, 1-minute bins; these are experiment results, not forecasts for demo footage"
live-verification.json.upload.status_events[0].progress,0.01,"Actual HTTP upload and fresh CPU inference/reprocessing through the running application; integration verification, not detection accuracy. Stage delivery age is not frame-to-screen latency."
live-verification.json.upload.status_events[1].progress,0.163125,"Actual HTTP upload and fresh CPU inference/reprocessing through the running application; integration verification, not detection accuracy. Stage delivery age is not frame-to-screen latency."
live-verification.json.upload.status_events[2].progress,0.275625,"Actual HTTP upload and fresh CPU inference/reprocessing through the running application; integration verification, not detection accuracy. Stage delivery age is not frame-to-screen latency."
live-verification.json.upload.status_events[3].progress,0.38812500000000005,"Actual HTTP upload and fresh CPU inference/reprocessing through the running application; integration verification, not detection accuracy. Stage delivery age is not frame-to-screen latency."
live-verification.json.upload.status_events[4].progress,0.556875,"Actual HTTP upload and fresh CPU inference/reprocessing through the running application; integration verification, not detection accuracy. Stage delivery age is not frame-to-screen latency."
live-verification.json.upload.status_events[5].progress,0.669375,"Actual HTTP upload and fresh CPU inference/reprocessing through the running application; integration verification, not detection accuracy. Stage delivery age is not frame-to-screen latency."
live-verification.json.upload.status_events[6].progress,0.838125,"Actual HTTP upload and fresh CPU inference/reprocessing through the running application; integration verification, not detection accuracy. Stage delivery age is not frame-to-screen latency."
live-verification.json.upload.status_events[7].progress,1.0,"Actual HTTP upload and fresh CPU inference/reprocessing through the running application; integration verification, not detection accuracy. Stage delivery age is not frame-to-screen latency."
live-verification.json.upload.status_delivery_ms.p50,114.637,"Actual HTTP upload and fresh CPU inference/reprocessing through the running application; integration verification, not detection accuracy. Stage delivery age is not frame-to-screen latency."
live-verification.json.upload.status_delivery_ms.p95,200.5301,"Actual HTTP upload and fresh CPU inference/reprocessing through the running application; integration verification, not detection accuracy. Stage delivery age is not frame-to-screen latency."
live-verification.json.upload.status_delivery_ms.p99,201.65402,"Actual HTTP upload and fresh CPU inference/reprocessing through the running application; integration verification, not detection accuracy. Stage delivery age is not frame-to-screen latency."
live-verification.json.aerial_reprocess.status_events[0].progress,0.0,"Actual HTTP upload and fresh CPU inference/reprocessing through the running application; integration verification, not detection accuracy. Stage delivery age is not frame-to-screen latency."
live-verification.json.aerial_reprocess.status_events[1].progress,0.01,"Actual HTTP upload and fresh CPU inference/reprocessing through the running application; integration verification, not detection accuracy. Stage delivery age is not frame-to-screen latency."
live-verification.json.aerial_reprocess.status_events[2].progress,0.035625,"Actual HTTP upload and fresh CPU inference/reprocessing through the running application; integration verification, not detection accuracy. Stage delivery age is not frame-to-screen latency."
live-verification.json.aerial_reprocess.status_events[3].progress,0.07312500000000001,"Actual HTTP upload and fresh CPU inference/reprocessing through the running application; integration verification, not detection accuracy. Stage delivery age is not frame-to-screen latency."
live-verification.json.aerial_reprocess.status_events[4].progress,0.091875,"Actual HTTP upload and fresh CPU inference/reprocessing through the running application; integration verification, not detection accuracy. Stage delivery age is not frame-to-screen latency."
live-verification.json.aerial_reprocess.status_events[5].progress,0.129375,"Actual HTTP upload and fresh CPU inference/reprocessing through the running application; integration verification, not detection accuracy. Stage delivery age is not frame-to-screen latency."
live-verification.json.aerial_reprocess.status_events[6].progress,0.148125,"Actual HTTP upload and fresh CPU inference/reprocessing through the running application; integration verification, not detection accuracy. Stage delivery age is not frame-to-screen latency."
live-verification.json.aerial_reprocess.status_events[7].progress,0.16687500000000002,"Actual HTTP upload and fresh CPU inference/reprocessing through the running application; integration verification, not detection accuracy. Stage delivery age is not frame-to-screen latency."
live-verification.json.aerial_reprocess.status_events[8].progress,0.204375,"Actual HTTP upload and fresh CPU inference/reprocessing through the running application; integration verification, not detection accuracy. Stage delivery age is not frame-to-screen latency."
live-verification.json.aerial_reprocess.status_events[9].progress,0.22312500000000002,"Actual HTTP upload and fresh CPU inference/reprocessing through the running application; integration verification, not detection accuracy. Stage delivery age is not frame-to-screen latency."
live-verification.json.aerial_reprocess.status_events[10].progress,0.241875,"Actual HTTP upload and fresh CPU inference/reprocessing through the running application; integration verification, not detection accuracy. Stage delivery age is not frame-to-screen latency."
live-verification.json.aerial_reprocess.status_events[11].progress,0.26062500000000005,"Actual HTTP upload and fresh CPU inference/reprocessing through the running application; integration verification, not detection accuracy. Stage delivery age is not frame-to-screen latency."
live-verification.json.aerial_reprocess.status_events[12].progress,0.298125,"Actual HTTP upload and fresh CPU inference/reprocessing through the running application; integration verification, not detection accuracy. Stage delivery age is not frame-to-screen latency."
live-verification.json.aerial_reprocess.status_events[13].progress,0.335625,"Actual HTTP upload and fresh CPU inference/reprocessing through the running application; integration verification, not detection accuracy. Stage delivery age is not frame-to-screen latency."
live-verification.json.aerial_reprocess.status_events[14].progress,0.354375,"Actual HTTP upload and fresh CPU inference/reprocessing through the running application; integration verification, not detection accuracy. Stage delivery age is not frame-to-screen latency."
live-verification.json.aerial_reprocess.status_events[15].progress,0.37312500000000004,"Actual HTTP upload and fresh CPU inference/reprocessing through the running application; integration verification, not detection accuracy. Stage delivery age is not frame-to-screen latency."
live-verification.json.aerial_reprocess.status_events[16].progress,0.39187500000000003,"Actual HTTP upload and fresh CPU inference/reprocessing through the running application; integration verification, not detection accuracy. Stage delivery age is not frame-to-screen latency."
live-verification.json.aerial_reprocess.status_events[17].progress,0.410625,"Actual HTTP upload and fresh CPU inference/reprocessing through the running application; integration verification, not detection accuracy. Stage delivery age is not frame-to-screen latency."
live-verification.json.aerial_reprocess.status_events[18].progress,0.429375,"Actual HTTP upload and fresh CPU inference/reprocessing through the running application; integration verification, not detection accuracy. Stage delivery age is not frame-to-screen latency."
live-verification.json.aerial_reprocess.status_events[19].progress,0.448125,"Actual HTTP upload and fresh CPU inference/reprocessing through the running application; integration verification, not detection accuracy. Stage delivery age is not frame-to-screen latency."
live-verification.json.aerial_reprocess.status_events[20].progress,0.46687500000000004,"Actual HTTP upload and fresh CPU inference/reprocessing through the running application; integration verification, not detection accuracy. Stage delivery age is not frame-to-screen latency."
live-verification.json.aerial_reprocess.status_events[21].progress,0.485625,"Actual HTTP upload and fresh CPU inference/reprocessing through the running application; integration verification, not detection accuracy. Stage delivery age is not frame-to-screen latency."
live-verification.json.aerial_reprocess.status_events[22].progress,0.504375,"Actual HTTP upload and fresh CPU inference/reprocessing through the running application; integration verification, not detection accuracy. Stage delivery age is not frame-to-screen latency."
live-verification.json.aerial_reprocess.status_events[23].progress,0.5231250000000001,"Actual HTTP upload and fresh CPU inference/reprocessing through the running application; integration verification, not detection accuracy. Stage delivery age is not frame-to-screen latency."
live-verification.json.aerial_reprocess.status_events[24].progress,0.541875,"Actual HTTP upload and fresh CPU inference/reprocessing through the running application; integration verification, not detection accuracy. Stage delivery age is not frame-to-screen latency."
live-verification.json.aerial_reprocess.status_events[25].progress,0.560625,"Actual HTTP upload and fresh CPU inference/reprocessing through the running application; integration verification, not detection accuracy. Stage delivery age is not frame-to-screen latency."
live-verification.json.aerial_reprocess.status_events[26].progress,0.598125,"Actual HTTP upload and fresh CPU inference/reprocessing through the running application; integration verification, not detection accuracy. Stage delivery age is not frame-to-screen latency."
live-verification.json.aerial_reprocess.status_events[27].progress,0.6168750000000001,"Actual HTTP upload and fresh CPU inference/reprocessing through the running application; integration verification, not detection accuracy. Stage delivery age is not frame-to-screen latency."
live-verification.json.aerial_reprocess.status_events[28].progress,0.6356250000000001,"Actual HTTP upload and fresh CPU inference/reprocessing through the running application; integration verification, not detection accuracy. Stage delivery age is not frame-to-screen latency."
live-verification.json.aerial_reprocess.status_events[29].progress,0.654375,"Actual HTTP upload and fresh CPU inference/reprocessing through the running application; integration verification, not detection accuracy. Stage delivery age is not frame-to-screen latency."
live-verification.json.aerial_reprocess.status_events[30].progress,0.673125,"Actual HTTP upload and fresh CPU inference/reprocessing through the running application; integration verification, not detection accuracy. Stage delivery age is not frame-to-screen latency."
live-verification.json.aerial_reprocess.status_events[31].progress,0.691875,"Actual HTTP upload and fresh CPU inference/reprocessing through the running application; integration verification, not detection accuracy. Stage delivery age is not frame-to-screen latency."
live-verification.json.aerial_reprocess.status_events[32].progress,0.710625,"Actual HTTP upload and fresh CPU inference/reprocessing through the running application; integration verification, not detection accuracy. Stage delivery age is not frame-to-screen latency."
live-verification.json.aerial_reprocess.status_events[33].progress,0.729375,"Actual HTTP upload and fresh CPU inference/reprocessing through the running application; integration verification, not detection accuracy. Stage delivery age is not frame-to-screen latency."
live-verification.json.aerial_reprocess.status_events[34].progress,0.748125,"Actual HTTP upload and fresh CPU inference/reprocessing through the running application; integration verification, not detection accuracy. Stage delivery age is not frame-to-screen latency."
live-verification.json.aerial_reprocess.status_events[35].progress,0.766875,"Actual HTTP upload and fresh CPU inference/reprocessing through the running application; integration verification, not detection accuracy. Stage delivery age is not frame-to-screen latency."
live-verification.json.aerial_reprocess.status_events[36].progress,0.785625,"Actual HTTP upload and fresh CPU inference/reprocessing through the running application; integration verification, not detection accuracy. Stage delivery age is not frame-to-screen latency."
live-verification.json.aerial_reprocess.status_events[37].progress,0.8043750000000001,"Actual HTTP upload and fresh CPU inference/reprocessing through the running application; integration verification, not detection accuracy. Stage delivery age is not frame-to-screen latency."
live-verification.json.aerial_reprocess.status_events[38].progress,0.823125,"Actual HTTP upload and fresh CPU inference/reprocessing through the running application; integration verification, not detection accuracy. Stage delivery age is not frame-to-screen latency."
live-verification.json.aerial_reprocess.status_events[39].progress,0.841875,"Actual HTTP upload and fresh CPU inference/reprocessing through the running application; integration verification, not detection accuracy. Stage delivery age is not frame-to-screen latency."
live-verification.json.aerial_reprocess.status_events[40].progress,0.8606250000000001,"Actual HTTP upload and fresh CPU inference/reprocessing through the running application; integration verification, not detection accuracy. Stage delivery age is not frame-to-screen latency."
live-verification.json.aerial_reprocess.status_events[41].progress,0.879375,"Actual HTTP upload and fresh CPU inference/reprocessing through the running application; integration verification, not detection accuracy. Stage delivery age is not frame-to-screen latency."
live-verification.json.aerial_reprocess.status_events[42].progress,1.0,"Actual HTTP upload and fresh CPU inference/reprocessing through the running application; integration verification, not detection accuracy. Stage delivery age is not frame-to-screen latency."
live-verification.json.aerial_reprocess.status_delivery_ms.p50,237.207,"Actual HTTP upload and fresh CPU inference/reprocessing through the running application; integration verification, not detection accuracy. Stage delivery age is not frame-to-screen latency."
live-verification.json.aerial_reprocess.status_delivery_ms.p95,478.33500000000004,"Actual HTTP upload and fresh CPU inference/reprocessing through the running application; integration verification, not detection accuracy. Stage delivery age is not frame-to-screen latency."
live-verification.json.aerial_reprocess.status_delivery_ms.p99,496.987,"Actual HTTP upload and fresh CPU inference/reprocessing through the running application; integration verification, not detection accuracy. Stage delivery age is not frame-to-screen latency."
live-verification.json.performance.resolution,960,"Actual HTTP upload and fresh CPU inference/reprocessing through the running application; integration verification, not detection accuracy. Stage delivery age is not frame-to-screen latency."
live-verification.json.performance.sample_every,1,"Actual HTTP upload and fresh CPU inference/reprocessing through the running application; integration verification, not detection accuracy. Stage delivery age is not frame-to-screen latency."
live-verification.json.performance.processed_frames,480,"Actual HTTP upload and fresh CPU inference/reprocessing through the running application; integration verification, not detection accuracy. Stage delivery age is not frame-to-screen latency."
live-verification.json.performance.decoded_frames,480,"Actual HTTP upload and fresh CPU inference/reprocessing through the running application; integration verification, not detection accuracy. Stage delivery age is not frame-to-screen latency."
live-verification.json.performance.wall_seconds,22.85,"Actual HTTP upload and fresh CPU inference/reprocessing through the running application; integration verification, not detection accuracy. Stage delivery age is not frame-to-screen latency."
live-verification.json.performance.processed_fps,21.007,"Actual HTTP upload and fresh CPU inference/reprocessing through the running application; integration verification, not detection accuracy. Stage delivery age is not frame-to-screen latency."
live-verification.json.performance.video_seconds_per_wall_second,0.876,"Actual HTTP upload and fresh CPU inference/reprocessing through the running application; integration verification, not detection accuracy. Stage delivery age is not frame-to-screen latency."
live-verification.json.performance.inference_ms.p50,42.09,"Actual HTTP upload and fresh CPU inference/reprocessing through the running application; integration verification, not detection accuracy. Stage delivery age is not frame-to-screen latency."
live-verification.json.performance.inference_ms.p95,57.193,"Actual HTTP upload and fresh CPU inference/reprocessing through the running application; integration verification, not detection accuracy. Stage delivery age is not frame-to-screen latency."
live-verification.json.performance.inference_ms.p99,64.659,"Actual HTTP upload and fresh CPU inference/reprocessing through the running application; integration verification, not detection accuracy. Stage delivery age is not frame-to-screen latency."
live-verification.json.performance.memory_rss_mb,639.86,"Actual HTTP upload and fresh CPU inference/reprocessing through the running application; integration verification, not detection accuracy. Stage delivery age is not frame-to-screen latency."
live-verification.json.performance.first_result_seconds,1.822,"Actual HTTP upload and fresh CPU inference/reprocessing through the running application; integration verification, not detection accuracy. Stage delivery age is not frame-to-screen latency."
live-verification.json.performance.source_size_bytes,7867428,"Actual HTTP upload and fresh CPU inference/reprocessing through the running application; integration verification, not detection accuracy. Stage delivery age is not frame-to-screen latency."
load.json.scenarios[0].clients,1,"Loopback API + SQLite result queries, sequential requests per client; does not measure concurrent inference or GPU"
load.json.scenarios[0].requests,50,"Loopback API + SQLite result queries, sequential requests per client; does not measure concurrent inference or GPU"
load.json.scenarios[0].errors,0,"Loopback API + SQLite result queries, sequential requests per client; does not measure concurrent inference or GPU"
load.json.scenarios[0].wall_seconds,0.7680139001458883,"Loopback API + SQLite result queries, sequential requests per client; does not measure concurrent inference or GPU"
load.json.scenarios[0].rps,65.10298835802611,"Loopback API + SQLite result queries, sequential requests per client; does not measure concurrent inference or GPU"
load.json.scenarios[0].latency_ms.p50,9.37474996317178,"Loopback API + SQLite result queries, sequential requests per client; does not measure concurrent inference or GPU"
load.json.scenarios[0].latency_ms.p95,29.46544493315741,"Loopback API + SQLite result queries, sequential requests per client; does not measure concurrent inference or GPU"
load.json.scenarios[0].latency_ms.p99,43.92237984575327,"Loopback API + SQLite result queries, sequential requests per client; does not measure concurrent inference or GPU"
load.json.scenarios[1].clients,4,"Loopback API + SQLite result queries, sequential requests per client; does not measure concurrent inference or GPU"
load.json.scenarios[1].requests,200,"Loopback API + SQLite result queries, sequential requests per client; does not measure concurrent inference or GPU"
load.json.scenarios[1].errors,0,"Loopback API + SQLite result queries, sequential requests per client; does not measure concurrent inference or GPU"
load.json.scenarios[1].wall_seconds,2.0525432999711484,"Loopback API + SQLite result queries, sequential requests per client; does not measure concurrent inference or GPU"
load.json.scenarios[1].rps,97.44008811059494,"Loopback API + SQLite result queries, sequential requests per client; does not measure concurrent inference or GPU"
load.json.scenarios[1].latency_ms.p50,28.861299972049892,"Loopback API + SQLite result queries, sequential requests per client; does not measure concurrent inference or GPU"
load.json.scenarios[1].latency_ms.p95,97.76296505006029,"Loopback API + SQLite result queries, sequential requests per client; does not measure concurrent inference or GPU"
load.json.scenarios[1].latency_ms.p99,124.07118796138076,"Loopback API + SQLite result queries, sequential requests per client; does not measure concurrent inference or GPU"
load.json.scenarios[2].clients,16,"Loopback API + SQLite result queries, sequential requests per client; does not measure concurrent inference or GPU"
load.json.scenarios[2].requests,800,"Loopback API + SQLite result queries, sequential requests per client; does not measure concurrent inference or GPU"
load.json.scenarios[2].errors,0,"Loopback API + SQLite result queries, sequential requests per client; does not measure concurrent inference or GPU"
load.json.scenarios[2].wall_seconds,14.655779900029302,"Loopback API + SQLite result queries, sequential requests per client; does not measure concurrent inference or GPU"
load.json.scenarios[2].rps,54.58597259627245,"Loopback API + SQLite result queries, sequential requests per client; does not measure concurrent inference or GPU"
load.json.scenarios[2].latency_ms.p50,140.75599994976074,"Loopback API + SQLite result queries, sequential requests per client; does not measure concurrent inference or GPU"
load.json.scenarios[2].latency_ms.p95,838.4484849404543,"Loopback API + SQLite result queries, sequential requests per client; does not measure concurrent inference or GPU"
load.json.scenarios[2].latency_ms.p99,1078.7710370030252,"Loopback API + SQLite result queries, sequential requests per client; does not measure concurrent inference or GPU"
load.json.scenarios[3].clients,32,"Loopback API + SQLite result queries, sequential requests per client; does not measure concurrent inference or GPU"
load.json.scenarios[3].requests,1600,"Loopback API + SQLite result queries, sequential requests per client; does not measure concurrent inference or GPU"
load.json.scenarios[3].errors,0,"Loopback API + SQLite result queries, sequential requests per client; does not measure concurrent inference or GPU"
load.json.scenarios[3].wall_seconds,41.04836319992319,"Loopback API + SQLite result queries, sequential requests per client; does not measure concurrent inference or GPU"
load.json.scenarios[3].rps,38.97841168982334,"Loopback API + SQLite result queries, sequential requests per client; does not measure concurrent inference or GPU"
load.json.scenarios[3].latency_ms.p50,598.7868998199701,"Loopback API + SQLite result queries, sequential requests per client; does not measure concurrent inference or GPU"
load.json.scenarios[3].latency_ms.p95,2013.082750048488,"Loopback API + SQLite result queries, sequential requests per client; does not measure concurrent inference or GPU"
load.json.scenarios[3].latency_ms.p99,2393.129678114783,"Loopback API + SQLite result queries, sequential requests per client; does not measure concurrent inference or GPU"
load.json.database_query_ms.p50,3.5920499358326197,"Loopback API + SQLite result queries, sequential requests per client; does not measure concurrent inference or GPU"
load.json.database_query_ms.p95,6.715229956898835,"Loopback API + SQLite result queries, sequential requests per client; does not measure concurrent inference or GPU"
load.json.database_query_ms.p99,8.530588017310954,"Loopback API + SQLite result queries, sequential requests per client; does not measure concurrent inference or GPU"
load.json.sse.initial_snapshot_ms,15.530700096860528,"Loopback API + SQLite result queries, sequential requests per client; does not measure concurrent inference or GPU"
pipeline.json.performance.resolution,960,Measured CPU/GPU run on attributed source video; detection accuracy not inferred from speed
pipeline.json.performance.sample_every,1,Measured CPU/GPU run on attributed source video; detection accuracy not inferred from speed
pipeline.json.performance.processed_frames,480,Measured CPU/GPU run on attributed source video; detection accuracy not inferred from speed
pipeline.json.performance.decoded_frames,480,Measured CPU/GPU run on attributed source video; detection accuracy not inferred from speed
pipeline.json.performance.wall_seconds,24.632,Measured CPU/GPU run on attributed source video; detection accuracy not inferred from speed
pipeline.json.performance.processed_fps,19.487,Measured CPU/GPU run on attributed source video; detection accuracy not inferred from speed
pipeline.json.performance.video_seconds_per_wall_second,0.813,Measured CPU/GPU run on attributed source video; detection accuracy not inferred from speed
pipeline.json.performance.inference_ms.p50,40.773,Measured CPU/GPU run on attributed source video; detection accuracy not inferred from speed
pipeline.json.performance.inference_ms.p95,55.411,Measured CPU/GPU run on attributed source video; detection accuracy not inferred from speed
pipeline.json.performance.inference_ms.p99,62.294,Measured CPU/GPU run on attributed source video; detection accuracy not inferred from speed
pipeline.json.performance.memory_rss_mb,585.28,Measured CPU/GPU run on attributed source video; detection accuracy not inferred from speed
pipeline.json.performance.first_result_seconds,2.794,Measured CPU/GPU run on attributed source video; detection accuracy not inferred from speed
pipeline.json.performance.source_size_bytes,7867428,Measured CPU/GPU run on attributed source video; detection accuracy not inferred from speed
pipeline.json.performance.result_size_bytes,6763350,Measured CPU/GPU run on attributed source video; detection accuracy not inferred from speed
pipeline.json.summary.unique_tracks,359,Measured CPU/GPU run on attributed source video; detection accuracy not inferred from speed
pipeline.json.summary.classes.car,209,Measured CPU/GPU run on attributed source video; detection accuracy not inferred from speed
pipeline.json.summary.classes.person,129,Measured CPU/GPU run on attributed source video; detection accuracy not inferred from speed
pipeline.json.summary.classes.motorcycle,10,Measured CPU/GPU run on attributed source video; detection accuracy not inferred from speed
pipeline.json.summary.classes.truck,3,Measured CPU/GPU run on attributed source video; detection accuracy not inferred from speed
pipeline.json.summary.classes.bus,8,Measured CPU/GPU run on attributed source video; detection accuracy not inferred from speed
pipeline.json.summary.vehicles,230,Measured CPU/GPU run on attributed source video; detection accuracy not inferred from speed
pipeline.json.summary.pedestrians,129,Measured CPU/GPU run on attributed source video; detection accuracy not inferred from speed
pipeline.json.summary.cyclists,0,Measured CPU/GPU run on attributed source video; detection accuracy not inferred from speed
pipeline.json.summary.throughput,87,Measured CPU/GPU run on attributed source video; detection accuracy not inferred from speed
pipeline.json.summary.turns.N→W,3,Measured CPU/GPU run on attributed source video; detection accuracy not inferred from speed
pipeline.json.summary.turns.W→W,32,Measured CPU/GPU run on attributed source video; detection accuracy not inferred from speed
pipeline.json.summary.turns.S→N,10,Measured CPU/GPU run on attributed source video; detection accuracy not inferred from speed
pipeline.json.summary.turns.S→S,13,Measured CPU/GPU run on attributed source video; detection accuracy not inferred from speed
pipeline.json.summary.turns.N→N,14,Measured CPU/GPU run on attributed source video; detection accuracy not inferred from speed
pipeline.json.summary.turns.N→S,14,Measured CPU/GPU run on attributed source video; detection accuracy not inferred from speed
pipeline.json.summary.turns.S→W,1,Measured CPU/GPU run on attributed source video; detection accuracy not inferred from speed
pipeline.json.summary.max_queue,11,Measured CPU/GPU run on attributed source video; detection accuracy not inferred from speed
risk.json.splits.train.seed,1001,Synthetic independent scenarios; not real near-miss labels or field accuracy
risk.json.splits.train.n,6000,Synthetic independent scenarios; not real near-miss labels or field accuracy
risk.json.splits.validation.seed,2002,Synthetic independent scenarios; not real near-miss labels or field accuracy
risk.json.splits.validation.n,2000,Synthetic independent scenarios; not real near-miss labels or field accuracy
risk.json.splits.test.seed,3003,Synthetic independent scenarios; not real near-miss labels or field accuracy
risk.json.splits.test.n,3000,Synthetic independent scenarios; not real near-miss labels or field accuracy
risk.json.models.logistic_regression.auroc,0.9123558501683501,Synthetic independent scenarios; not real near-miss labels or field accuracy
risk.json.models.logistic_regression.auprc,0.6104253771680759,Synthetic independent scenarios; not real near-miss labels or field accuracy
risk.json.models.logistic_regression.precision,0.49734513274336284,Synthetic independent scenarios; not real near-miss labels or field accuracy
risk.json.models.logistic_regression.recall,0.7805555555555556,Synthetic independent scenarios; not real near-miss labels or field accuracy
risk.json.models.logistic_regression.f1,0.6075675675675676,Synthetic independent scenarios; not real near-miss labels or field accuracy
risk.json.models.logistic_regression.brier,0.06652450289746013,Synthetic independent scenarios; not real near-miss labels or field accuracy
risk.json.models.logistic_regression.ece,0.015433321267826896,Synthetic independent scenarios; not real near-miss labels or field accuracy
risk.json.models.logistic_regression.threshold,0.2,Synthetic independent scenarios; not real near-miss labels or field accuracy
risk.json.models.logistic_regression.confusion_matrix[0][0],2356,Synthetic independent scenarios; not real near-miss labels or field accuracy
risk.json.models.logistic_regression.confusion_matrix[0][1],284,Synthetic independent scenarios; not real near-miss labels or field accuracy
risk.json.models.logistic_regression.confusion_matrix[1][0],79,Synthetic independent scenarios; not real near-miss labels or field accuracy
risk.json.models.logistic_regression.confusion_matrix[1][1],281,Synthetic independent scenarios; not real near-miss labels or field accuracy
risk.json.models.logistic_regression.false_alerts_per_1000_pairs,94.66666666666666,Synthetic independent scenarios; not real near-miss labels or field accuracy
risk.json.models.logistic_regression.train_evaluate_seconds,0.05246000015176833,Synthetic independent scenarios; not real near-miss labels or field accuracy
risk.json.models.hist_gradient_boosting.auroc,0.9735048400673402,Synthetic independent scenarios; not real near-miss labels or field accuracy
risk.json.models.hist_gradient_boosting.auprc,0.8240434458645829,Synthetic independent scenarios; not real near-miss labels or field accuracy
risk.json.models.hist_gradient_boosting.precision,0.7309644670050761,Synthetic independent scenarios; not real near-miss labels or field accuracy
risk.json.models.hist_gradient_boosting.recall,0.8,Synthetic independent scenarios; not real near-miss labels or field accuracy
risk.json.models.hist_gradient_boosting.f1,0.7639257294429708,Synthetic independent scenarios; not real near-miss labels or field accuracy
risk.json.models.hist_gradient_boosting.brier,0.04136825847038837,Synthetic independent scenarios; not real near-miss labels or field accuracy
risk.json.models.hist_gradient_boosting.ece,0.009860810737952403,Synthetic independent scenarios; not real near-miss labels or field accuracy
risk.json.models.hist_gradient_boosting.threshold,0.4,Synthetic independent scenarios; not real near-miss labels or field accuracy
risk.json.models.hist_gradient_boosting.confusion_matrix[0][0],2534,Synthetic independent scenarios; not real near-miss labels or field accuracy
risk.json.models.hist_gradient_boosting.confusion_matrix[0][1],106,Synthetic independent scenarios; not real near-miss labels or field accuracy
risk.json.models.hist_gradient_boosting.confusion_matrix[1][0],72,Synthetic independent scenarios; not real near-miss labels or field accuracy
risk.json.models.hist_gradient_boosting.confusion_matrix[1][1],288,Synthetic independent scenarios; not real near-miss labels or field accuracy
risk.json.models.hist_gradient_boosting.false_alerts_per_1000_pairs,35.333333333333336,Synthetic independent scenarios; not real near-miss labels or field accuracy
risk.json.models.hist_gradient_boosting.train_evaluate_seconds,0.18272070004604757,Synthetic independent scenarios; not real near-miss labels or field accuracy
risk.json.test_prevalence,0.12,Synthetic independent scenarios; not real near-miss labels or field accuracy
simulation.json.runs[0].seed,42,"Seeded microscopic simulation, not a field trial; selection on separate tuning seeds"
simulation.json.runs[0].settings.seed,42,"Seeded microscopic simulation, not a field trial; selection on separate tuning seeds"
simulation.json.runs[0].settings.duration,300,"Seeded microscopic simulation, not a field trial; selection on separate tuning seeds"
simulation.json.runs[0].settings.demand[0],0.38,"Seeded microscopic simulation, not a field trial; selection on separate tuning seeds"
simulation.json.runs[0].settings.demand[1],0.12,"Seeded microscopic simulation, not a field trial; selection on separate tuning seeds"
simulation.json.runs[0].settings.demand[2],0.32,"Seeded microscopic simulation, not a field trial; selection on separate tuning seeds"
simulation.json.runs[0].settings.demand[3],0.1,"Seeded microscopic simulation, not a field trial; selection on separate tuning seeds"
simulation.json.runs[0].settings.pedestrian_rate,0.06,"Seeded microscopic simulation, not a field trial; selection on separate tuning seeds"
simulation.json.runs[0].settings.min_green,12,"Seeded microscopic simulation, not a field trial; selection on separate tuning seeds"
simulation.json.runs[0].settings.max_green,60,"Seeded microscopic simulation, not a field trial; selection on separate tuning seeds"
simulation.json.runs[0].settings.yellow,3,"Seeded microscopic simulation, not a field trial; selection on separate tuning seeds"
simulation.json.runs[0].settings.all_red,2,"Seeded microscopic simulation, not a field trial; selection on separate tuning seeds"
simulation.json.runs[0].settings.pedestrian_interval,12,"Seeded microscopic simulation, not a field trial; selection on separate tuning seeds"
simulation.json.runs[0].search.candidates,35,"Seeded microscopic simulation, not a field trial; selection on separate tuning seeds"
simulation.json.runs[0].search.tuning_seeds[0],143,"Seeded microscopic simulation, not a field trial; selection on separate tuning seeds"
simulation.json.runs[0].search.tuning_seeds[1],253,"Seeded microscopic simulation, not a field trial; selection on separate tuning seeds"
simulation.json.runs[0].search.selected.greens[0],30,"Seeded microscopic simulation, not a field trial; selection on separate tuning seeds"
simulation.json.runs[0].search.selected.greens[1],12,"Seeded microscopic simulation, not a field trial; selection on separate tuning seeds"
simulation.json.runs[0].search.selected.objective,42.174499999999995,"Seeded microscopic simulation, not a field trial; selection on separate tuning seeds"
simulation.json.runs[0].runs[0].greens[0],30,"Seeded microscopic simulation, not a field trial; selection on separate tuning seeds"
simulation.json.runs[0].runs[0].greens[1],30,"Seeded microscopic simulation, not a field trial; selection on separate tuning seeds"
simulation.json.runs[0].runs[0].metrics.delay,55.632,"Seeded microscopic simulation, not a field trial; selection on separate tuning seeds"
simulation.json.runs[0].runs[0].metrics.throughput,191,"Seeded microscopic simulation, not a field trial; selection on separate tuning seeds"
simulation.json.runs[0].runs[0].metrics.mean_queue,44.987,"Seeded microscopic simulation, not a field trial; selection on separate tuning seeds"
simulation.json.runs[0].runs[0].metrics.max_queue,89,"Seeded microscopic simulation, not a field trial; selection on separate tuning seeds"
simulation.json.runs[0].runs[0].metrics.stops,0.395,"Seeded microscopic simulation, not a field trial; selection on separate tuning seeds"
simulation.json.runs[0].runs[0].metrics.pedestrian_wait,30.694,"Seeded microscopic simulation, not a field trial; selection on separate tuning seeds"
simulation.json.runs[0].runs[0].metrics.arrived,291,"Seeded microscopic simulation, not a field trial; selection on separate tuning seeds"
simulation.json.runs[0].runs[0].metrics.unfinished,100,"Seeded microscopic simulation, not a field trial; selection on separate tuning seeds"
simulation.json.runs[0].runs[0].metrics.pedestrians_served,36,"Seeded microscopic simulation, not a field trial; selection on separate tuning seeds"
simulation.json.runs[0].runs[0].metrics.pedestrians_unserved,4,"Seeded microscopic simulation, not a field trial; selection on separate tuning seeds"
simulation.json.runs[0].runs[0].metrics.approach_delay[0],78.228,"Seeded microscopic simulation, not a field trial; selection on separate tuning seeds"
simulation.json.runs[0].runs[0].metrics.approach_delay[1],19.734,"Seeded microscopic simulation, not a field trial; selection on separate tuning seeds"
simulation.json.runs[0].runs[0].metrics.approach_delay[2],56.247,"Seeded microscopic simulation, not a field trial; selection on separate tuning seeds"
simulation.json.runs[0].runs[0].metrics.approach_delay[3],14.513,"Seeded microscopic simulation, not a field trial; selection on separate tuning seeds"
simulation.json.runs[0].runs[0].metrics.objective,82.944,"Seeded microscopic simulation, not a field trial; selection on separate tuning seeds"
simulation.json.runs[0].runs[1].metrics.delay,40.223,"Seeded microscopic simulation, not a field trial; selection on separate tuning seeds"
simulation.json.runs[0].runs[1].metrics.throughput,223,"Seeded microscopic simulation, not a field trial; selection on separate tuning seeds"
simulation.json.runs[0].runs[1].metrics.mean_queue,28.166,"Seeded microscopic simulation, not a field trial; selection on separate tuning seeds"
simulation.json.runs[0].runs[1].metrics.max_queue,54,"Seeded microscopic simulation, not a field trial; selection on separate tuning seeds"
simulation.json.runs[0].runs[1].metrics.stops,0.557,"Seeded microscopic simulation, not a field trial; selection on separate tuning seeds"
simulation.json.runs[0].runs[1].metrics.pedestrian_wait,34.806,"Seeded microscopic simulation, not a field trial; selection on separate tuning seeds"
simulation.json.runs[0].runs[1].metrics.arrived,291,"Seeded microscopic simulation, not a field trial; selection on separate tuning seeds"
simulation.json.runs[0].runs[1].metrics.unfinished,68,"Seeded microscopic simulation, not a field trial; selection on separate tuning seeds"
simulation.json.runs[0].runs[1].metrics.pedestrians_served,32,"Seeded microscopic simulation, not a field trial; selection on separate tuning seeds"
simulation.json.runs[0].runs[1].metrics.pedestrians_unserved,8,"Seeded microscopic simulation, not a field trial; selection on separate tuning seeds"
simulation.json.runs[0].runs[1].metrics.approach_delay[0],50.082,"Seeded microscopic simulation, not a field trial; selection on separate tuning seeds"
simulation.json.runs[0].runs[1].metrics.approach_delay[1],33.91,"Seeded microscopic simulation, not a field trial; selection on separate tuning seeds"
simulation.json.runs[0].runs[1].metrics.approach_delay[2],20.459,"Seeded microscopic simulation, not a field trial; selection on separate tuning seeds"
simulation.json.runs[0].runs[1].metrics.approach_delay[3],58.403,"Seeded microscopic simulation, not a field trial; selection on separate tuning seeds"
simulation.json.runs[0].runs[1].metrics.objective,61.124,"Seeded microscopic simulation, not a field trial; selection on separate tuning seeds"
simulation.json.runs[0].runs[2].greens[0],30,"Seeded microscopic simulation, not a field trial; selection on separate tuning seeds"
simulation.json.runs[0].runs[2].greens[1],12,"Seeded microscopic simulation, not a field trial; selection on separate tuning seeds"
simulation.json.runs[0].runs[2].metrics.delay,38.058,"Seeded microscopic simulation, not a field trial; selection on separate tuning seeds"
simulation.json.runs[0].runs[2].metrics.throughput,233,"Seeded microscopic simulation, not a field trial; selection on separate tuning seeds"
simulation.json.runs[0].runs[2].metrics.mean_queue,25.146,"Seeded microscopic simulation, not a field trial; selection on separate tuning seeds"
simulation.json.runs[0].runs[2].metrics.max_queue,51,"Seeded microscopic simulation, not a field trial; selection on separate tuning seeds"
simulation.json.runs[0].runs[2].metrics.stops,0.612,"Seeded microscopic simulation, not a field trial; selection on separate tuning seeds"
simulation.json.runs[0].runs[2].metrics.pedestrian_wait,25.294,"Seeded microscopic simulation, not a field trial; selection on separate tuning seeds"
simulation.json.runs[0].runs[2].metrics.arrived,291,"Seeded microscopic simulation, not a field trial; selection on separate tuning seeds"
simulation.json.runs[0].runs[2].metrics.unfinished,58,"Seeded microscopic simulation, not a field trial; selection on separate tuning seeds"
simulation.json.runs[0].runs[2].metrics.pedestrians_served,36,"Seeded microscopic simulation, not a field trial; selection on separate tuning seeds"
simulation.json.runs[0].runs[2].metrics.pedestrians_unserved,4,"Seeded microscopic simulation, not a field trial; selection on separate tuning seeds"
simulation.json.runs[0].runs[2].metrics.approach_delay[0],50.092,"Seeded microscopic simulation, not a field trial; selection on separate tuning seeds"
simulation.json.runs[0].runs[2].metrics.approach_delay[1],26.733,"Seeded microscopic simulation, not a field trial; selection on separate tuning seeds"
simulation.json.runs[0].runs[2].metrics.approach_delay[2],20.439,"Seeded microscopic simulation, not a field trial; selection on separate tuning seeds"
simulation.json.runs[0].runs[2].metrics.approach_delay[3],48.938,"Seeded microscopic simulation, not a field trial; selection on separate tuning seeds"
simulation.json.runs[0].runs[2].metrics.objective,55.776,"Seeded microscopic simulation, not a field trial; selection on separate tuning seeds"
simulation.json.runs[0].improvement_pct.delay,31.59,"Seeded microscopic simulation, not a field trial; selection on separate tuning seeds"
simulation.json.runs[0].improvement_pct.mean_queue,44.1,"Seeded microscopic simulation, not a field trial; selection on separate tuning seeds"
simulation.json.runs[0].improvement_pct.stops,-54.94,"Seeded microscopic simulation, not a field trial; selection on separate tuning seeds"
simulation.json.runs[0].improvement_pct.pedestrian_wait,17.59,"Seeded microscopic simulation, not a field trial; selection on separate tuning seeds"
simulation.json.runs[0].improvement_pct.throughput,21.99,"Seeded microscopic simulation, not a field trial; selection on separate tuning seeds"
simulation.json.runs[1].seed,43,"Seeded microscopic simulation, not a field trial; selection on separate tuning seeds"
simulation.json.runs[1].settings.seed,43,"Seeded microscopic simulation, not a field trial; selection on separate tuning seeds"
simulation.json.runs[1].settings.duration,300,"Seeded microscopic simulation, not a field trial; selection on separate tuning seeds"
simulation.json.runs[1].settings.demand[0],0.38,"Seeded microscopic simulation, not a field trial; selection on separate tuning seeds"
simulation.json.runs[1].settings.demand[1],0.12,"Seeded microscopic simulation, not a field trial; selection on separate tuning seeds"
simulation.json.runs[1].settings.demand[2],0.32,"Seeded microscopic simulation, not a field trial; selection on separate tuning seeds"
simulation.json.runs[1].settings.demand[3],0.1,"Seeded microscopic simulation, not a field trial; selection on separate tuning seeds"
simulation.json.runs[1].settings.pedestrian_rate,0.06,"Seeded microscopic simulation, not a field trial; selection on separate tuning seeds"
simulation.json.runs[1].settings.min_green,12,"Seeded microscopic simulation, not a field trial; selection on separate tuning seeds"
simulation.json.runs[1].settings.max_green,60,"Seeded microscopic simulation, not a field trial; selection on separate tuning seeds"
simulation.json.runs[1].settings.yellow,3,"Seeded microscopic simulation, not a field trial; selection on separate tuning seeds"
simulation.json.runs[1].settings.all_red,2,"Seeded microscopic simulation, not a field trial; selection on separate tuning seeds"
simulation.json.runs[1].settings.pedestrian_interval,12,"Seeded microscopic simulation, not a field trial; selection on separate tuning seeds"
simulation.json.runs[1].search.candidates,35,"Seeded microscopic simulation, not a field trial; selection on separate tuning seeds"
simulation.json.runs[1].search.tuning_seeds[0],144,"Seeded microscopic simulation, not a field trial; selection on separate tuning seeds"
simulation.json.runs[1].search.tuning_seeds[1],254,"Seeded microscopic simulation, not a field trial; selection on separate tuning seeds"
simulation.json.runs[1].search.selected.greens[0],40,"Seeded microscopic simulation, not a field trial; selection on separate tuning seeds"
simulation.json.runs[1].search.selected.greens[1],12,"Seeded microscopic simulation, not a field trial; selection on separate tuning seeds"
simulation.json.runs[1].search.selected.objective,45.835499999999996,"Seeded microscopic simulation, not a field trial; selection on separate tuning seeds"
simulation.json.runs[1].runs[0].greens[0],30,"Seeded microscopic simulation, not a field trial; selection on separate tuning seeds"
simulation.json.runs[1].runs[0].greens[1],30,"Seeded microscopic simulation, not a field trial; selection on separate tuning seeds"
simulation.json.runs[1].runs[0].metrics.delay,47.4,"Seeded microscopic simulation, not a field trial; selection on separate tuning seeds"
simulation.json.runs[1].runs[0].metrics.throughput,187,"Seeded microscopic simulation, not a field trial; selection on separate tuning seeds"
simulation.json.runs[1].runs[0].metrics.mean_queue,33.226,"Seeded microscopic simulation, not a field trial; selection on separate tuning seeds"
simulation.json.runs[1].runs[0].metrics.max_queue,69,"Seeded microscopic simulation, not a field trial; selection on separate tuning seeds"
simulation.json.runs[1].runs[0].metrics.stops,0.431,"Seeded microscopic simulation, not a field trial; selection on separate tuning seeds"
simulation.json.runs[1].runs[0].metrics.pedestrian_wait,30.363,"Seeded microscopic simulation, not a field trial; selection on separate tuning seeds"
simulation.json.runs[1].runs[0].metrics.arrived,267,"Seeded microscopic simulation, not a field trial; selection on separate tuning seeds"
simulation.json.runs[1].runs[0].metrics.unfinished,80,"Seeded microscopic simulation, not a field trial; selection on separate tuning seeds"
simulation.json.runs[1].runs[0].metrics.pedestrians_served,30,"Seeded microscopic simulation, not a field trial; selection on separate tuning seeds"
simulation.json.runs[1].runs[0].metrics.pedestrians_unserved,6,"Seeded microscopic simulation, not a field trial; selection on separate tuning seeds"
simulation.json.runs[1].runs[0].metrics.approach_delay[0],69.558,"Seeded microscopic simulation, not a field trial; selection on separate tuning seeds"
simulation.json.runs[1].runs[0].metrics.approach_delay[1],15.376,"Seeded microscopic simulation, not a field trial; selection on separate tuning seeds"
simulation.json.runs[1].runs[0].metrics.approach_delay[2],43.532,"Seeded microscopic simulation, not a field trial; selection on separate tuning seeds"
simulation.json.runs[1].runs[0].metrics.approach_delay[3],19.013,"Seeded microscopic simulation, not a field trial; selection on separate tuning seeds"
simulation.json.runs[1].runs[0].metrics.objective,70.778,"Seeded microscopic simulation, not a field trial; selection on separate tuning seeds"
simulation.json.runs[1].runs[1].metrics.delay,25.594,"Seeded microscopic simulation, not a field trial; selection on separate tuning seeds"
simulation.json.runs[1].runs[1].metrics.throughput,222,"Seeded microscopic simulation, not a field trial; selection on separate tuning seeds"
simulation.json.runs[1].runs[1].metrics.mean_queue,13.01,"Seeded microscopic simulation, not a field trial; selection on separate tuning seeds"
simulation.json.runs[1].runs[1].metrics.max_queue,32,"Seeded microscopic simulation, not a field trial; selection on separate tuning seeds"
simulation.json.runs[1].runs[1].metrics.stops,0.547,"Seeded microscopic simulation, not a field trial; selection on separate tuning seeds"
simulation.json.runs[1].runs[1].metrics.pedestrian_wait,27.807,"Seeded microscopic simulation, not a field trial; selection on separate tuning seeds"
simulation.json.runs[1].runs[1].metrics.arrived,267,"Seeded microscopic simulation, not a field trial; selection on separate tuning seeds"
simulation.json.runs[1].runs[1].metrics.unfinished,45,"Seeded microscopic simulation, not a field trial; selection on separate tuning seeds"
simulation.json.runs[1].runs[1].metrics.pedestrians_served,33,"Seeded microscopic simulation, not a field trial; selection on separate tuning seeds"
simulation.json.runs[1].runs[1].metrics.pedestrians_unserved,3,"Seeded microscopic simulation, not a field trial; selection on separate tuning seeds"
simulation.json.runs[1].runs[1].metrics.approach_delay[0],30.848,"Seeded microscopic simulation, not a field trial; selection on separate tuning seeds"
simulation.json.runs[1].runs[1].metrics.approach_delay[1],26.254,"Seeded microscopic simulation, not a field trial; selection on separate tuning seeds"
simulation.json.runs[1].runs[1].metrics.approach_delay[2],16.165,"Seeded microscopic simulation, not a field trial; selection on separate tuning seeds"
simulation.json.runs[1].runs[1].metrics.approach_delay[3],33.563,"Seeded microscopic simulation, not a field trial; selection on separate tuning seeds"
simulation.json.runs[1].runs[1].metrics.objective,39.312,"Seeded microscopic simulation, not a field trial; selection on separate tuning seeds"
simulation.json.runs[1].runs[2].greens[0],40,"Seeded microscopic simulation, not a field trial; selection on separate tuning seeds"
simulation.json.runs[1].runs[2].greens[1],12,"Seeded microscopic simulation, not a field trial; selection on separate tuning seeds"
simulation.json.runs[1].runs[2].metrics.delay,26.21,"Seeded microscopic simulation, not a field trial; selection on separate tuning seeds"
simulation.json.runs[1].runs[2].metrics.throughput,226,"Seeded microscopic simulation, not a field trial; selection on separate tuning seeds"
simulation.json.runs[1].runs[2].metrics.mean_queue,13.505,"Seeded microscopic simulation, not a field trial; selection on separate tuning seeds"
simulation.json.runs[1].runs[2].metrics.max_queue,30,"Seeded microscopic simulation, not a field trial; selection on separate tuning seeds"
simulation.json.runs[1].runs[2].metrics.stops,0.521,"Seeded microscopic simulation, not a field trial; selection on separate tuning seeds"
simulation.json.runs[1].runs[2].metrics.pedestrian_wait,29.474,"Seeded microscopic simulation, not a field trial; selection on separate tuning seeds"
simulation.json.runs[1].runs[2].metrics.arrived,267,"Seeded microscopic simulation, not a field trial; selection on separate tuning seeds"
simulation.json.runs[1].runs[2].metrics.unfinished,41,"Seeded microscopic simulation, not a field trial; selection on separate tuning seeds"
simulation.json.runs[1].runs[2].metrics.pedestrians_served,29,"Seeded microscopic simulation, not a field trial; selection on separate tuning seeds"
simulation.json.runs[1].runs[2].metrics.pedestrians_unserved,7,"Seeded microscopic simulation, not a field trial; selection on separate tuning seeds"
simulation.json.runs[1].runs[2].metrics.approach_delay[0],28.36,"Seeded microscopic simulation, not a field trial; selection on separate tuning seeds"
simulation.json.runs[1].runs[2].metrics.approach_delay[1],26.782,"Seeded microscopic simulation, not a field trial; selection on separate tuning seeds"
simulation.json.runs[1].runs[2].metrics.approach_delay[2],13.828,"Seeded microscopic simulation, not a field trial; selection on separate tuning seeds"
simulation.json.runs[1].runs[2].metrics.approach_delay[3],50.654,"Seeded microscopic simulation, not a field trial; selection on separate tuning seeds"
simulation.json.runs[1].runs[2].metrics.objective,41.67,"Seeded microscopic simulation, not a field trial; selection on separate tuning seeds"
simulation.json.runs[1].improvement_pct.delay,44.7,"Seeded microscopic simulation, not a field trial; selection on separate tuning seeds"
simulation.json.runs[1].improvement_pct.mean_queue,59.35,"Seeded microscopic simulation, not a field trial; selection on separate tuning seeds"
simulation.json.runs[1].improvement_pct.stops,-20.88,"Seeded microscopic simulation, not a field trial; selection on separate tuning seeds"
simulation.json.runs[1].improvement_pct.pedestrian_wait,2.93,"Seeded microscopic simulation, not a field trial; selection on separate tuning seeds"
simulation.json.runs[1].improvement_pct.throughput,20.86,"Seeded microscopic simulation, not a field trial; selection on separate tuning seeds"
simulation.json.runs[2].seed,44,"Seeded microscopic simulation, not a field trial; selection on separate tuning seeds"
simulation.json.runs[2].settings.seed,44,"Seeded microscopic simulation, not a field trial; selection on separate tuning seeds"
simulation.json.runs[2].settings.duration,300,"Seeded microscopic simulation, not a field trial; selection on separate tuning seeds"
simulation.json.runs[2].settings.demand[0],0.38,"Seeded microscopic simulation, not a field trial; selection on separate tuning seeds"
simulation.json.runs[2].settings.demand[1],0.12,"Seeded microscopic simulation, not a field trial; selection on separate tuning seeds"
simulation.json.runs[2].settings.demand[2],0.32,"Seeded microscopic simulation, not a field trial; selection on separate tuning seeds"
simulation.json.runs[2].settings.demand[3],0.1,"Seeded microscopic simulation, not a field trial; selection on separate tuning seeds"
simulation.json.runs[2].settings.pedestrian_rate,0.06,"Seeded microscopic simulation, not a field trial; selection on separate tuning seeds"
simulation.json.runs[2].settings.min_green,12,"Seeded microscopic simulation, not a field trial; selection on separate tuning seeds"
simulation.json.runs[2].settings.max_green,60,"Seeded microscopic simulation, not a field trial; selection on separate tuning seeds"
simulation.json.runs[2].settings.yellow,3,"Seeded microscopic simulation, not a field trial; selection on separate tuning seeds"
simulation.json.runs[2].settings.all_red,2,"Seeded microscopic simulation, not a field trial; selection on separate tuning seeds"
simulation.json.runs[2].settings.pedestrian_interval,12,"Seeded microscopic simulation, not a field trial; selection on separate tuning seeds"
simulation.json.runs[2].search.candidates,35,"Seeded microscopic simulation, not a field trial; selection on separate tuning seeds"
simulation.json.runs[2].search.tuning_seeds[0],145,"Seeded microscopic simulation, not a field trial; selection on separate tuning seeds"
simulation.json.runs[2].search.tuning_seeds[1],255,"Seeded microscopic simulation, not a field trial; selection on separate tuning seeds"
simulation.json.runs[2].search.selected.greens[0],30,"Seeded microscopic simulation, not a field trial; selection on separate tuning seeds"
simulation.json.runs[2].search.selected.greens[1],12,"Seeded microscopic simulation, not a field trial; selection on separate tuning seeds"
simulation.json.runs[2].search.selected.objective,50.168,"Seeded microscopic simulation, not a field trial; selection on separate tuning seeds"
simulation.json.runs[2].runs[0].greens[0],30,"Seeded microscopic simulation, not a field trial; selection on separate tuning seeds"
simulation.json.runs[2].runs[0].greens[1],30,"Seeded microscopic simulation, not a field trial; selection on separate tuning seeds"
simulation.json.runs[2].runs[0].metrics.delay,51.446,"Seeded microscopic simulation, not a field trial; selection on separate tuning seeds"
simulation.json.runs[2].runs[0].metrics.throughput,199,"Seeded microscopic simulation, not a field trial; selection on separate tuning seeds"
simulation.json.runs[2].runs[0].metrics.mean_queue,43.256,"Seeded microscopic simulation, not a field trial; selection on separate tuning seeds"
simulation.json.runs[2].runs[0].metrics.max_queue,101,"Seeded microscopic simulation, not a field trial; selection on separate tuning seeds"
simulation.json.runs[2].runs[0].metrics.stops,0.406,"Seeded microscopic simulation, not a field trial; selection on separate tuning seeds"
simulation.json.runs[2].runs[0].metrics.pedestrian_wait,34.889,"Seeded microscopic simulation, not a field trial; selection on separate tuning seeds"
simulation.json.runs[2].runs[0].metrics.arrived,308,"Seeded microscopic simulation, not a field trial; selection on separate tuning seeds"
simulation.json.runs[2].runs[0].metrics.unfinished,109,"Seeded microscopic simulation, not a field trial; selection on separate tuning seeds"
simulation.json.runs[2].runs[0].metrics.pedestrians_served,31,"Seeded microscopic simulation, not a field trial; selection on separate tuning seeds"
simulation.json.runs[2].runs[0].metrics.pedestrians_unserved,5,"Seeded microscopic simulation, not a field trial; selection on separate tuning seeds"
simulation.json.runs[2].runs[0].metrics.approach_delay[0],61.054,"Seeded microscopic simulation, not a field trial; selection on separate tuning seeds"
simulation.json.runs[2].runs[0].metrics.approach_delay[1],17.239,"Seeded microscopic simulation, not a field trial; selection on separate tuning seeds"
simulation.json.runs[2].runs[0].metrics.approach_delay[2],60.489,"Seeded microscopic simulation, not a field trial; selection on separate tuning seeds"
simulation.json.runs[2].runs[0].metrics.approach_delay[3],22.98,"Seeded microscopic simulation, not a field trial; selection on separate tuning seeds"
simulation.json.runs[2].runs[0].metrics.objective,79.679,"Seeded microscopic simulation, not a field trial; selection on separate tuning seeds"
simulation.json.runs[2].runs[1].metrics.delay,34.779,"Seeded microscopic simulation, not a field trial; selection on separate tuning seeds"
simulation.json.runs[2].runs[1].metrics.throughput,238,"Seeded microscopic simulation, not a field trial; selection on separate tuning seeds"
simulation.json.runs[2].runs[1].metrics.mean_queue,24.246,"Seeded microscopic simulation, not a field trial; selection on separate tuning seeds"
simulation.json.runs[2].runs[1].metrics.max_queue,56,"Seeded microscopic simulation, not a field trial; selection on separate tuning seeds"
simulation.json.runs[2].runs[1].metrics.stops,0.578,"Seeded microscopic simulation, not a field trial; selection on separate tuning seeds"
simulation.json.runs[2].runs[1].metrics.pedestrian_wait,28.639,"Seeded microscopic simulation, not a field trial; selection on separate tuning seeds"
simulation.json.runs[2].runs[1].metrics.arrived,308,"Seeded microscopic simulation, not a field trial; selection on separate tuning seeds"
simulation.json.runs[2].runs[1].metrics.unfinished,70,"Seeded microscopic simulation, not a field trial; selection on separate tuning seeds"
simulation.json.runs[2].runs[1].metrics.pedestrians_served,31,"Seeded microscopic simulation, not a field trial; selection on separate tuning seeds"
simulation.json.runs[2].runs[1].metrics.pedestrians_unserved,5,"Seeded microscopic simulation, not a field trial; selection on separate tuning seeds"
simulation.json.runs[2].runs[1].metrics.approach_delay[0],32.558,"Seeded microscopic simulation, not a field trial; selection on separate tuning seeds"
simulation.json.runs[2].runs[1].metrics.approach_delay[1],37.296,"Seeded microscopic simulation, not a field trial; selection on separate tuning seeds"
simulation.json.runs[2].runs[1].metrics.approach_delay[2],29.436,"Seeded microscopic simulation, not a field trial; selection on separate tuning seeds"
simulation.json.runs[2].runs[1].metrics.approach_delay[3],56.14,"Seeded microscopic simulation, not a field trial; selection on separate tuning seeds"
simulation.json.runs[2].runs[1].metrics.objective,54.521,"Seeded microscopic simulation, not a field trial; selection on separate tuning seeds"
simulation.json.runs[2].runs[2].greens[0],30,"Seeded microscopic simulation, not a field trial; selection on separate tuning seeds"
simulation.json.runs[2].runs[2].greens[1],12,"Seeded microscopic simulation, not a field trial; selection on separate tuning seeds"
simulation.json.runs[2].runs[2].metrics.delay,32.824,"Seeded microscopic simulation, not a field trial; selection on separate tuning seeds"
simulation.json.runs[2].runs[2].metrics.throughput,244,"Seeded microscopic simulation, not a field trial; selection on separate tuning seeds"
simulation.json.runs[2].runs[2].metrics.mean_queue,21.661,"Seeded microscopic simulation, not a field trial; selection on separate tuning seeds"
simulation.json.runs[2].runs[2].metrics.max_queue,54,"Seeded microscopic simulation, not a field trial; selection on separate tuning seeds"
simulation.json.runs[2].runs[2].metrics.stops,0.591,"Seeded microscopic simulation, not a field trial; selection on separate tuning seeds"
simulation.json.runs[2].runs[2].metrics.pedestrian_wait,26.167,"Seeded microscopic simulation, not a field trial; selection on separate tuning seeds"
simulation.json.runs[2].runs[2].metrics.arrived,308,"Seeded microscopic simulation, not a field trial; selection on separate tuning seeds"
simulation.json.runs[2].runs[2].metrics.unfinished,64,"Seeded microscopic simulation, not a field trial; selection on separate tuning seeds"
simulation.json.runs[2].runs[2].metrics.pedestrians_served,33,"Seeded microscopic simulation, not a field trial; selection on separate tuning seeds"
simulation.json.runs[2].runs[2].metrics.pedestrians_unserved,3,"Seeded microscopic simulation, not a field trial; selection on separate tuning seeds"
simulation.json.runs[2].runs[2].metrics.approach_delay[0],31.5,"Seeded microscopic simulation, not a field trial; selection on separate tuning seeds"
simulation.json.runs[2].runs[2].metrics.approach_delay[1],30.917,"Seeded microscopic simulation, not a field trial; selection on separate tuning seeds"
simulation.json.runs[2].runs[2].metrics.approach_delay[2],30.685,"Seeded microscopic simulation, not a field trial; selection on separate tuning seeds"
simulation.json.runs[2].runs[2].metrics.approach_delay[3],45.268,"Seeded microscopic simulation, not a field trial; selection on separate tuning seeds"
simulation.json.runs[2].runs[2].metrics.objective,50.684,"Seeded microscopic simulation, not a field trial; selection on separate tuning seeds"
simulation.json.runs[2].improvement_pct.delay,36.2,"Seeded microscopic simulation, not a field trial; selection on separate tuning seeds"
simulation.json.runs[2].improvement_pct.mean_queue,49.92,"Seeded microscopic simulation, not a field trial; selection on separate tuning seeds"
simulation.json.runs[2].improvement_pct.stops,-45.57,"Seeded microscopic simulation, not a field trial; selection on separate tuning seeds"
simulation.json.runs[2].improvement_pct.pedestrian_wait,25.0,"Seeded microscopic simulation, not a field trial; selection on separate tuning seeds"
simulation.json.runs[2].improvement_pct.throughput,22.61,"Seeded microscopic simulation, not a field trial; selection on separate tuning seeds"
simulation.json.mean_delay_reduction_pct,37.49666666666667,"Seeded microscopic simulation, not a field trial; selection on separate tuning seeds"
simulation.json.delay_reduction_std_pct,5.430103334396338,"Seeded microscopic simulation, not a field trial; selection on separate tuning seeds"
simulation.json.seeds[0],42,"Seeded microscopic simulation, not a field trial; selection on separate tuning seeds"
simulation.json.seeds[1],43,"Seeded microscopic simulation, not a field trial; selection on separate tuning seeds"
simulation.json.seeds[2],44,"Seeded microscopic simulation, not a field trial; selection on separate tuning seeds"
streams.json.scenarios[0].concurrent_streams,1,Actual concurrent CPU inference on the same attributed demo; process startup included
streams.json.scenarios[0].total_frames,480,Actual concurrent CPU inference on the same attributed demo; process startup included
streams.json.scenarios[0].wall_seconds,25.16821760009043,Actual concurrent CPU inference on the same attributed demo; process startup included
streams.json.scenarios[0].aggregate_fps,19.071672361823325,Actual concurrent CPU inference on the same attributed demo; process startup included
streams.json.scenarios[0].runs[0].resolution,960,Actual concurrent CPU inference on the same attributed demo; process startup included
streams.json.scenarios[0].runs[0].sample_every,1,Actual concurrent CPU inference on the same attributed demo; process startup included
streams.json.scenarios[0].runs[0].processed_frames,480,Actual concurrent CPU inference on the same attributed demo; process startup included
streams.json.scenarios[0].runs[0].decoded_frames,480,Actual concurrent CPU inference on the same attributed demo; process startup included
streams.json.scenarios[0].runs[0].wall_seconds,23.085,Actual concurrent CPU inference on the same attributed demo; process startup included
streams.json.scenarios[0].runs[0].processed_fps,20.793,Actual concurrent CPU inference on the same attributed demo; process startup included
streams.json.scenarios[0].runs[0].video_seconds_per_wall_second,0.867,Actual concurrent CPU inference on the same attributed demo; process startup included
streams.json.scenarios[0].runs[0].inference_ms.p50,39.084,Actual concurrent CPU inference on the same attributed demo; process startup included
streams.json.scenarios[0].runs[0].inference_ms.p95,49.814,Actual concurrent CPU inference on the same attributed demo; process startup included
streams.json.scenarios[0].runs[0].inference_ms.p99,54.979,Actual concurrent CPU inference on the same attributed demo; process startup included
streams.json.scenarios[0].runs[0].memory_rss_mb,585.02,Actual concurrent CPU inference on the same attributed demo; process startup included
streams.json.scenarios[0].runs[0].first_result_seconds,2.41,Actual concurrent CPU inference on the same attributed demo; process startup included
streams.json.scenarios[0].runs[0].source_size_bytes,7867428,Actual concurrent CPU inference on the same attributed demo; process startup included
streams.json.scenarios[0].runs[0].result_size_bytes,6763343,Actual concurrent CPU inference on the same attributed demo; process startup included
streams.json.scenarios[1].concurrent_streams,2,Actual concurrent CPU inference on the same attributed demo; process startup included
streams.json.scenarios[1].total_frames,960,Actual concurrent CPU inference on the same attributed demo; process startup included
streams.json.scenarios[1].wall_seconds,41.64118349994533,Actual concurrent CPU inference on the same attributed demo; process startup included
streams.json.scenarios[1].aggregate_fps,23.054099795248625,Actual concurrent CPU inference on the same attributed demo; process startup included
streams.json.scenarios[1].runs[0].resolution,960,Actual concurrent CPU inference on the same attributed demo; process startup included
streams.json.scenarios[1].runs[0].sample_every,1,Actual concurrent CPU inference on the same attributed demo; process startup included
streams.json.scenarios[1].runs[0].processed_frames,480,Actual concurrent CPU inference on the same attributed demo; process startup included
streams.json.scenarios[1].runs[0].decoded_frames,480,Actual concurrent CPU inference on the same attributed demo; process startup included
streams.json.scenarios[1].runs[0].wall_seconds,39.281,Actual concurrent CPU inference on the same attributed demo; process startup included
streams.json.scenarios[1].runs[0].processed_fps,12.22,Actual concurrent CPU inference on the same attributed demo; process startup included
streams.json.scenarios[1].runs[0].video_seconds_per_wall_second,0.51,Actual concurrent CPU inference on the same attributed demo; process startup included
streams.json.scenarios[1].runs[0].inference_ms.p50,69.988,Actual concurrent CPU inference on the same attributed demo; process startup included
streams.json.scenarios[1].runs[0].inference_ms.p95,79.657,Actual concurrent CPU inference on the same attributed demo; process startup included
streams.json.scenarios[1].runs[0].inference_ms.p99,85.033,Actual concurrent CPU inference on the same attributed demo; process startup included
streams.json.scenarios[1].runs[0].memory_rss_mb,579.33,Actual concurrent CPU inference on the same attributed demo; process startup included
streams.json.scenarios[1].runs[0].first_result_seconds,2.795,Actual concurrent CPU inference on the same attributed demo; process startup included
streams.json.scenarios[1].runs[0].source_size_bytes,7867428,Actual concurrent CPU inference on the same attributed demo; process startup included
streams.json.scenarios[1].runs[0].result_size_bytes,6763347,Actual concurrent CPU inference on the same attributed demo; process startup included
streams.json.scenarios[1].runs[1].resolution,960,Actual concurrent CPU inference on the same attributed demo; process startup included
streams.json.scenarios[1].runs[1].sample_every,1,Actual concurrent CPU inference on the same attributed demo; process startup included
streams.json.scenarios[1].runs[1].processed_frames,480,Actual concurrent CPU inference on the same attributed demo; process startup included
streams.json.scenarios[1].runs[1].decoded_frames,480,Actual concurrent CPU inference on the same attributed demo; process startup included
streams.json.scenarios[1].runs[1].wall_seconds,38.999,Actual concurrent CPU inference on the same attributed demo; process startup included
streams.json.scenarios[1].runs[1].processed_fps,12.308,Actual concurrent CPU inference on the same attributed demo; process startup included
streams.json.scenarios[1].runs[1].video_seconds_per_wall_second,0.513,Actual concurrent CPU inference on the same attributed demo; process startup included
streams.json.scenarios[1].runs[1].inference_ms.p50,69.152,Actual concurrent CPU inference on the same attributed demo; process startup included
streams.json.scenarios[1].runs[1].inference_ms.p95,78.563,Actual concurrent CPU inference on the same attributed demo; process startup included
streams.json.scenarios[1].runs[1].inference_ms.p99,85.078,Actual concurrent CPU inference on the same attributed demo; process startup included
streams.json.scenarios[1].runs[1].memory_rss_mb,580.42,Actual concurrent CPU inference on the same attributed demo; process startup included
streams.json.scenarios[1].runs[1].first_result_seconds,2.793,Actual concurrent CPU inference on the same attributed demo; process startup included
streams.json.scenarios[1].runs[1].source_size_bytes,7867428,Actual concurrent CPU inference on the same attributed demo; process startup included
streams.json.scenarios[1].runs[1].result_size_bytes,6763359,Actual concurrent CPU inference on the same attributed demo; process startup included
sumo.json.seed,42,"Independent SUMO cross-check using matched seeded arrivals and vehicle mix. ATLAS timing selected in the portable simulator, not optimized directly in SUMO. Includes reported unfinished trips; not-inserted demand listed separately. No pedestrians or turns in this validation network."
sumo.json.runs.baseline.greens[0],30,"Independent SUMO cross-check using matched seeded arrivals and vehicle mix. ATLAS timing selected in the portable simulator, not optimized directly in SUMO. Includes reported unfinished trips; not-inserted demand listed separately. No pedestrians or turns in this validation network."
sumo.json.runs.baseline.greens[1],30,"Independent SUMO cross-check using matched seeded arrivals and vehicle mix. ATLAS timing selected in the portable simulator, not optimized directly in SUMO. Includes reported unfinished trips; not-inserted demand listed separately. No pedestrians or turns in this validation network."
sumo.json.runs.baseline.mean_delay_s,49.18220264317182,"Independent SUMO cross-check using matched seeded arrivals and vehicle mix. ATLAS timing selected in the portable simulator, not optimized directly in SUMO. Includes reported unfinished trips; not-inserted demand listed separately. No pedestrians or turns in this validation network."
sumo.json.runs.baseline.vehicles_cleared,190,"Independent SUMO cross-check using matched seeded arrivals and vehicle mix. ATLAS timing selected in the portable simulator, not optimized directly in SUMO. Includes reported unfinished trips; not-inserted demand listed separately. No pedestrians or turns in this validation network."
sumo.json.runs.baseline.vehicles_reported,227,"Independent SUMO cross-check using matched seeded arrivals and vehicle mix. ATLAS timing selected in the portable simulator, not optimized directly in SUMO. Includes reported unfinished trips; not-inserted demand listed separately. No pedestrians or turns in this validation network."
sumo.json.runs.baseline.scheduled_demand,291,"Independent SUMO cross-check using matched seeded arrivals and vehicle mix. ATLAS timing selected in the portable simulator, not optimized directly in SUMO. Includes reported unfinished trips; not-inserted demand listed separately. No pedestrians or turns in this validation network."
sumo.json.runs.baseline.unfinished_or_not_inserted,101,"Independent SUMO cross-check using matched seeded arrivals and vehicle mix. ATLAS timing selected in the portable simulator, not optimized directly in SUMO. Includes reported unfinished trips; not-inserted demand listed separately. No pedestrians or turns in this validation network."
sumo.json.runs.baseline.mean_wait_s,17.74229074889868,"Independent SUMO cross-check using matched seeded arrivals and vehicle mix. ATLAS timing selected in the portable simulator, not optimized directly in SUMO. Includes reported unfinished trips; not-inserted demand listed separately. No pedestrians or turns in this validation network."
sumo.json.runs.atlas_surrogate.greens[0],30,"Independent SUMO cross-check using matched seeded arrivals and vehicle mix. ATLAS timing selected in the portable simulator, not optimized directly in SUMO. Includes reported unfinished trips; not-inserted demand listed separately. No pedestrians or turns in this validation network."
sumo.json.runs.atlas_surrogate.greens[1],12,"Independent SUMO cross-check using matched seeded arrivals and vehicle mix. ATLAS timing selected in the portable simulator, not optimized directly in SUMO. Includes reported unfinished trips; not-inserted demand listed separately. No pedestrians or turns in this validation network."
sumo.json.runs.atlas_surrogate.mean_delay_s,31.114649446494465,"Independent SUMO cross-check using matched seeded arrivals and vehicle mix. ATLAS timing selected in the portable simulator, not optimized directly in SUMO. Includes reported unfinished trips; not-inserted demand listed separately. No pedestrians or turns in this validation network."
sumo.json.runs.atlas_surrogate.vehicles_cleared,235,"Independent SUMO cross-check using matched seeded arrivals and vehicle mix. ATLAS timing selected in the portable simulator, not optimized directly in SUMO. Includes reported unfinished trips; not-inserted demand listed separately. No pedestrians or turns in this validation network."
sumo.json.runs.atlas_surrogate.vehicles_reported,271,"Independent SUMO cross-check using matched seeded arrivals and vehicle mix. ATLAS timing selected in the portable simulator, not optimized directly in SUMO. Includes reported unfinished trips; not-inserted demand listed separately. No pedestrians or turns in this validation network."
sumo.json.runs.atlas_surrogate.scheduled_demand,291,"Independent SUMO cross-check using matched seeded arrivals and vehicle mix. ATLAS timing selected in the portable simulator, not optimized directly in SUMO. Includes reported unfinished trips; not-inserted demand listed separately. No pedestrians or turns in this validation network."
sumo.json.runs.atlas_surrogate.unfinished_or_not_inserted,56,"Independent SUMO cross-check using matched seeded arrivals and vehicle mix. ATLAS timing selected in the portable simulator, not optimized directly in SUMO. Includes reported unfinished trips; not-inserted demand listed separately. No pedestrians or turns in this validation network."
sumo.json.runs.atlas_surrogate.mean_wait_s,11.22509225092251,"Independent SUMO cross-check using matched seeded arrivals and vehicle mix. ATLAS timing selected in the portable simulator, not optimized directly in SUMO. Includes reported unfinished trips; not-inserted demand listed separately. No pedestrians or turns in this validation network."
sumo.json.delay_reduction_pct,36.73595777676247,"Independent SUMO cross-check using matched seeded arrivals and vehicle mix. ATLAS timing selected in the portable simulator, not optimized directly in SUMO. Includes reported unfinished trips; not-inserted demand listed separately. No pedestrians or turns in this validation network."
tracking-metric-validation.json.HOTA,0.7071067811865476,"Synthetic analytic evaluator checks, not tracking accuracy on footage. One known identity switch."
tracking-metric-validation.json.MOTA,0.95,"Synthetic analytic evaluator checks, not tracking accuracy on footage. One known identity switch."
tracking-metric-validation.json.IDSW,1.0,"Synthetic analytic evaluator checks, not tracking accuracy on footage. One known identity switch."
tracking-metric-validation.json.Frag,0.0,"Synthetic analytic evaluator checks, not tracking accuracy on footage. One known identity switch."
tracking-metric-validation.json.IDF1,0.5,"Synthetic analytic evaluator checks, not tracking accuracy on footage. One known identity switch."
benchmarks\original_cv.json.precision,0.5704685424336475,"coco8.yaml validation split; COCO8 is a tiny integration smoke dataset, not traffic-domain accuracy"
benchmarks\original_cv.json.recall,0.85,"coco8.yaml validation split; COCO8 is a tiny integration smoke dataset, not traffic-domain accuracy"
benchmarks\original_cv.json.map50,0.8461790945924886,"coco8.yaml validation split; COCO8 is a tiny integration smoke dataset, not traffic-domain accuracy"
benchmarks\original_cv.json.map50_95,0.6304297600978563,"coco8.yaml validation split; COCO8 is a tiny integration smoke dataset, not traffic-domain accuracy"
benchmarks\original_cv.json.speed_ms.preprocess,1.5798750100657344,"coco8.yaml validation split; COCO8 is a tiny integration smoke dataset, not traffic-domain accuracy"
benchmarks\original_cv.json.speed_ms.inference,32.76857500895858,"coco8.yaml validation split; COCO8 is a tiny integration smoke dataset, not traffic-domain accuracy"
benchmarks\original_cv.json.speed_ms.loss,0.00022497260943055153,"coco8.yaml validation split; COCO8 is a tiny integration smoke dataset, not traffic-domain accuracy"
benchmarks\original_cv.json.speed_ms.postprocess,3.6536750267259777,"coco8.yaml validation split; COCO8 is a tiny integration smoke dataset, not traffic-domain accuracy"
benchmarks\original_forecast.json.seed,4444,"Synthetic diurnal traffic series, 1-minute bins; these are experiment results, not forecasts for demo footage"
benchmarks\original_forecast.json.split.train_end,1728,"Synthetic diurnal traffic series, 1-minute bins; these are experiment results, not forecasts for demo footage"
benchmarks\original_forecast.json.split.validation_end,2304,"Synthetic diurnal traffic series, 1-minute bins; these are experiment results, not forecasts for demo footage"
benchmarks\original_forecast.json.split.test_start,2304,"Synthetic diurnal traffic series, 1-minute bins; these are experiment results, not forecasts for demo footage"
benchmarks\original_forecast.json.horizons.5.models.last_value.mae,2.705623544390823,"Synthetic diurnal traffic series, 1-minute bins; these are experiment results, not forecasts for demo footage"
benchmarks\original_forecast.json.horizons.5.models.last_value.rmse,3.3869094800588,"Synthetic diurnal traffic series, 1-minute bins; these are experiment results, not forecasts for demo footage"
benchmarks\original_forecast.json.horizons.5.models.last_value.mape_pct,34.650137688518434,"Synthetic diurnal traffic series, 1-minute bins; these are experiment results, not forecasts for demo footage"
benchmarks\original_forecast.json.horizons.5.models.last_value.mape_excludes_below,1,"Synthetic diurnal traffic series, 1-minute bins; these are experiment results, not forecasts for demo footage"
benchmarks\original_forecast.json.horizons.5.models.historical_mean.mae,6.327215706381028,"Synthetic diurnal traffic series, 1-minute bins; these are experiment results, not forecasts for demo footage"
benchmarks\original_forecast.json.horizons.5.models.historical_mean.rmse,7.160375309382598,"Synthetic diurnal traffic series, 1-minute bins; these are experiment results, not forecasts for demo footage"
benchmarks\original_forecast.json.horizons.5.models.historical_mean.mape_pct,101.83239729011828,"Synthetic diurnal traffic series, 1-minute bins; these are experiment results, not forecasts for demo footage"
benchmarks\original_forecast.json.horizons.5.models.historical_mean.mape_excludes_below,1,"Synthetic diurnal traffic series, 1-minute bins; these are experiment results, not forecasts for demo footage"
benchmarks\original_forecast.json.horizons.5.models.moving_average.mae,2.5651906154113786,"Synthetic diurnal traffic series, 1-minute bins; these are experiment results, not forecasts for demo footage"
benchmarks\original_forecast.json.horizons.5.models.moving_average.rmse,3.2141505834680033,"Synthetic diurnal traffic series, 1-minute bins; these are experiment results, not forecasts for demo footage"
benchmarks\original_forecast.json.horizons.5.models.moving_average.mape_pct,34.348209822480754,"Synthetic diurnal traffic series, 1-minute bins; these are experiment results, not forecasts for demo footage"
benchmarks\original_forecast.json.horizons.5.models.moving_average.mape_excludes_below,1,"Synthetic diurnal traffic series, 1-minute bins; these are experiment results, not forecasts for demo footage"
benchmarks\original_forecast.json.horizons.5.models.gradient_boosting.mae,2.466123707505823,"Synthetic diurnal traffic series, 1-minute bins; these are experiment results, not forecasts for demo footage"
benchmarks\original_forecast.json.horizons.5.models.gradient_boosting.rmse,3.085837821186586,"Synthetic diurnal traffic series, 1-minute bins; these are experiment results, not forecasts for demo footage"
benchmarks\original_forecast.json.horizons.5.models.gradient_boosting.mape_pct,32.70896326613714,"Synthetic diurnal traffic series, 1-minute bins; these are experiment results, not forecasts for demo footage"
benchmarks\original_forecast.json.horizons.5.models.gradient_boosting.mape_excludes_below,1,"Synthetic diurnal traffic series, 1-minute bins; these are experiment results, not forecasts for demo footage"
benchmarks\original_forecast.json.horizons.5.test_points,571,"Synthetic diurnal traffic series, 1-minute bins; these are experiment results, not forecasts for demo footage"
benchmarks\original_forecast.json.horizons.5.preview[0].minute,2304,"Synthetic diurnal traffic series, 1-minute bins; these are experiment results, not forecasts for demo footage"
benchmarks\original_forecast.json.horizons.5.preview[0].actual,11.859,"Synthetic diurnal traffic series, 1-minute bins; these are experiment results, not forecasts for demo footage"
benchmarks\original_forecast.json.horizons.5.preview[0].last_value,6.595,"Synthetic diurnal traffic series, 1-minute bins; these are experiment results, not forecasts for demo footage"
benchmarks\original_forecast.json.horizons.5.preview[0].historical_mean,15.616,"Synthetic diurnal traffic series, 1-minute bins; these are experiment results, not forecasts for demo footage"
benchmarks\original_forecast.json.horizons.5.preview[0].moving_average,9.367,"Synthetic diurnal traffic series, 1-minute bins; these are experiment results, not forecasts for demo footage"
benchmarks\original_forecast.json.horizons.5.preview[0].gradient_boosting,11.671,"Synthetic diurnal traffic series, 1-minute bins; these are experiment results, not forecasts for demo footage"
benchmarks\original_forecast.json.horizons.5.preview[1].minute,2307,"Synthetic diurnal traffic series, 1-minute bins; these are experiment results, not forecasts for demo footage"
benchmarks\original_forecast.json.horizons.5.preview[1].actual,10.859,"Synthetic diurnal traffic series, 1-minute bins; these are experiment results, not forecasts for demo footage"
benchmarks\original_forecast.json.horizons.5.preview[1].last_value,12.141,"Synthetic diurnal traffic series, 1-minute bins; these are experiment results, not forecasts for demo footage"
benchmarks\original_forecast.json.horizons.5.preview[1].historical_mean,15.616,"Synthetic diurnal traffic series, 1-minute bins; these are experiment results, not forecasts for demo footage"
benchmarks\original_forecast.json.horizons.5.preview[1].moving_average,9.298,"Synthetic diurnal traffic series, 1-minute bins; these are experiment results, not forecasts for demo footage"
benchmarks\original_forecast.json.horizons.5.preview[1].gradient_boosting,10.954,"Synthetic diurnal traffic series, 1-minute bins; these are experiment results, not forecasts for demo footage"
benchmarks\original_forecast.json.horizons.5.preview[2].minute,2310,"Synthetic diurnal traffic series, 1-minute bins; these are experiment results, not forecasts for demo footage"
benchmarks\original_forecast.json.horizons.5.preview[2].actual,8.697,"Synthetic diurnal traffic series, 1-minute bins; these are experiment results, not forecasts for demo footage"
benchmarks\original_forecast.json.horizons.5.preview[2].last_value,11.309,"Synthetic diurnal traffic series, 1-minute bins; these are experiment results, not forecasts for demo footage"
benchmarks\original_forecast.json.horizons.5.preview[2].historical_mean,15.616,"Synthetic diurnal traffic series, 1-minute bins; these are experiment results, not forecasts for demo footage"
benchmarks\original_forecast.json.horizons.5.preview[2].moving_average,11.682,"Synthetic diurnal traffic series, 1-minute bins; these are experiment results, not forecasts for demo footage"
benchmarks\original_forecast.json.horizons.5.preview[2].gradient_boosting,8.943,"Synthetic diurnal traffic series, 1-minute bins; these are experiment results, not forecasts for demo footage"
benchmarks\original_forecast.json.horizons.5.preview[3].minute,2313,"Synthetic diurnal traffic series, 1-minute bins; these are experiment results, not forecasts for demo footage"
benchmarks\original_forecast.json.horizons.5.preview[3].actual,6.77,"Synthetic diurnal traffic series, 1-minute bins; these are experiment results, not forecasts for demo footage"
benchmarks\original_forecast.json.horizons.5.preview[3].last_value,8.874,"Synthetic diurnal traffic series, 1-minute bins; these are experiment results, not forecasts for demo footage"
benchmarks\original_forecast.json.horizons.5.preview[3].historical_mean,15.616,"Synthetic diurnal traffic series, 1-minute bins; these are experiment results, not forecasts for demo footage"
benchmarks\original_forecast.json.horizons.5.preview[3].moving_average,11.085,"Synthetic diurnal traffic series, 1-minute bins; these are experiment results, not forecasts for demo footage"
benchmarks\original_forecast.json.horizons.5.preview[3].gradient_boosting,6.939,"Synthetic diurnal traffic series, 1-minute bins; these are experiment results, not forecasts for demo footage"
benchmarks\original_forecast.json.horizons.5.preview[4].minute,2316,"Synthetic diurnal traffic series, 1-minute bins; these are experiment results, not forecasts for demo footage"
benchmarks\original_forecast.json.horizons.5.preview[4].actual,8.22,"Synthetic diurnal traffic series, 1-minute bins; these are experiment results, not forecasts for demo footage"
benchmarks\original_forecast.json.horizons.5.preview[4].last_value,7.602,"Synthetic diurnal traffic series, 1-minute bins; these are experiment results, not forecasts for demo footage"
benchmarks\original_forecast.json.horizons.5.preview[4].historical_mean,15.616,"Synthetic diurnal traffic series, 1-minute bins; these are experiment results, not forecasts for demo footage"
benchmarks\original_forecast.json.horizons.5.preview[4].moving_average,9.126,"Synthetic diurnal traffic series, 1-minute bins; these are experiment results, not forecasts for demo footage"
benchmarks\original_forecast.json.horizons.5.preview[4].gradient_boosting,8.307,"Synthetic diurnal traffic series, 1-minute bins; these are experiment results, not forecasts for demo footage"
benchmarks\original_forecast.json.horizons.5.preview[5].minute,2319,"Synthetic diurnal traffic series, 1-minute bins; these are experiment results, not forecasts for demo footage"
benchmarks\original_forecast.json.horizons.5.preview[5].actual,7.791,"Synthetic diurnal traffic series, 1-minute bins; these are experiment results, not forecasts for demo footage"
benchmarks\original_forecast.json.horizons.5.preview[5].last_value,7.32,"Synthetic diurnal traffic series, 1-minute bins; these are experiment results, not forecasts for demo footage"
benchmarks\original_forecast.json.horizons.5.preview[5].historical_mean,15.616,"Synthetic diurnal traffic series, 1-minute bins; these are experiment results, not forecasts for demo footage"
benchmarks\original_forecast.json.horizons.5.preview[5].moving_average,7.87,"Synthetic diurnal traffic series, 1-minute bins; these are experiment results, not forecasts for demo footage"
benchmarks\original_forecast.json.horizons.5.preview[5].gradient_boosting,7.995,"Synthetic diurnal traffic series, 1-minute bins; these are experiment results, not forecasts for demo footage"
benchmarks\original_forecast.json.horizons.5.preview[6].minute,2322,"Synthetic diurnal traffic series, 1-minute bins; these are experiment results, not forecasts for demo footage"
benchmarks\original_forecast.json.horizons.5.preview[6].actual,7.81,"Synthetic diurnal traffic series, 1-minute bins; these are experiment results, not forecasts for demo footage"
benchmarks\original_forecast.json.horizons.5.preview[6].last_value,6.137,"Synthetic diurnal traffic series, 1-minute bins; these are experiment results, not forecasts for demo footage"
benchmarks\original_forecast.json.horizons.5.preview[6].historical_mean,15.616,"Synthetic diurnal traffic series, 1-minute bins; these are experiment results, not forecasts for demo footage"
benchmarks\original_forecast.json.horizons.5.preview[6].moving_average,7.283,"Synthetic diurnal traffic series, 1-minute bins; these are experiment results, not forecasts for demo footage"
benchmarks\original_forecast.json.horizons.5.preview[6].gradient_boosting,7.4,"Synthetic diurnal traffic series, 1-minute bins; these are experiment results, not forecasts for demo footage"
benchmarks\original_forecast.json.horizons.5.preview[7].minute,2325,"Synthetic diurnal traffic series, 1-minute bins; these are experiment results, not forecasts for demo footage"
benchmarks\original_forecast.json.horizons.5.preview[7].actual,5.531,"Synthetic diurnal traffic series, 1-minute bins; these are experiment results, not forecasts for demo footage"
benchmarks\original_forecast.json.horizons.5.preview[7].last_value,6.41,"Synthetic diurnal traffic series, 1-minute bins; these are experiment results, not forecasts for demo footage"
benchmarks\original_forecast.json.horizons.5.preview[7].historical_mean,15.616,"Synthetic diurnal traffic series, 1-minute bins; these are experiment results, not forecasts for demo footage"
benchmarks\original_forecast.json.horizons.5.preview[7].moving_average,7.623,"Synthetic diurnal traffic series, 1-minute bins; these are experiment results, not forecasts for demo footage"
benchmarks\original_forecast.json.horizons.5.preview[7].gradient_boosting,8.121,"Synthetic diurnal traffic series, 1-minute bins; these are experiment results, not forecasts for demo footage"
benchmarks\original_forecast.json.horizons.5.preview[8].minute,2328,"Synthetic diurnal traffic series, 1-minute bins; these are experiment results, not forecasts for demo footage"
benchmarks\original_forecast.json.horizons.5.preview[8].actual,6.559,"Synthetic diurnal traffic series, 1-minute bins; these are experiment results, not forecasts for demo footage"
benchmarks\original_forecast.json.horizons.5.preview[8].last_value,7.226,"Synthetic diurnal traffic series, 1-minute bins; these are experiment results, not forecasts for demo footage"
benchmarks\original_forecast.json.horizons.5.preview[8].historical_mean,15.616,"Synthetic diurnal traffic series, 1-minute bins; these are experiment results, not forecasts for demo footage"
benchmarks\original_forecast.json.horizons.5.preview[8].moving_average,7.339,"Synthetic diurnal traffic series, 1-minute bins; these are experiment results, not forecasts for demo footage"
benchmarks\original_forecast.json.horizons.5.preview[8].gradient_boosting,9.235,"Synthetic diurnal traffic series, 1-minute bins; these are experiment results, not forecasts for demo footage"
benchmarks\original_forecast.json.horizons.5.preview[9].minute,2331,"Synthetic diurnal traffic series, 1-minute bins; these are experiment results, not forecasts for demo footage"
benchmarks\original_forecast.json.horizons.5.preview[9].actual,5.185,"Synthetic diurnal traffic series, 1-minute bins; these are experiment results, not forecasts for demo footage"
benchmarks\original_forecast.json.horizons.5.preview[9].last_value,4.762,"Synthetic diurnal traffic series, 1-minute bins; these are experiment results, not forecasts for demo footage"
benchmarks\original_forecast.json.horizons.5.preview[9].historical_mean,15.616,"Synthetic diurnal traffic series, 1-minute bins; these are experiment results, not forecasts for demo footage"
benchmarks\original_forecast.json.horizons.5.preview[9].moving_average,6.234,"Synthetic diurnal traffic series, 1-minute bins; these are experiment results, not forecasts for demo footage"
benchmarks\original_forecast.json.horizons.5.preview[9].gradient_boosting,6.932,"Synthetic diurnal traffic series, 1-minute bins; these are experiment results, not forecasts for demo footage"
benchmarks\original_forecast.json.horizons.5.preview[10].minute,2334,"Synthetic diurnal traffic series, 1-minute bins; these are experiment results, not forecasts for demo footage"
benchmarks\original_forecast.json.horizons.5.preview[10].actual,7.985,"Synthetic diurnal traffic series, 1-minute bins; these are experiment results, not forecasts for demo footage"
benchmarks\original_forecast.json.horizons.5.preview[10].last_value,5.475,"Synthetic diurnal traffic series, 1-minute bins; these are experiment results, not forecasts for demo footage"
benchmarks\original_forecast.json.horizons.5.preview[10].historical_mean,15.616,"Synthetic diurnal traffic series, 1-minute bins; these are experiment results, not forecasts for demo footage"
benchmarks\original_forecast.json.horizons.5.preview[10].moving_average,5.341,"Synthetic diurnal traffic series, 1-minute bins; these are experiment results, not forecasts for demo footage"
benchmarks\original_forecast.json.horizons.5.preview[10].gradient_boosting,8.381,"Synthetic diurnal traffic series, 1-minute bins; these are experiment results, not forecasts for demo footage"
benchmarks\original_forecast.json.horizons.5.preview[11].minute,2337,"Synthetic diurnal traffic series, 1-minute bins; these are experiment results, not forecasts for demo footage"
benchmarks\original_forecast.json.horizons.5.preview[11].actual,8.002,"Synthetic diurnal traffic series, 1-minute bins; these are experiment results, not forecasts for demo footage"
benchmarks\original_forecast.json.horizons.5.preview[11].last_value,9.211,"Synthetic diurnal traffic series, 1-minute bins; these are experiment results, not forecasts for demo footage"
benchmarks\original_forecast.json.horizons.5.preview[11].historical_mean,15.616,"Synthetic diurnal traffic series, 1-minute bins; these are experiment results, not forecasts for demo footage"
benchmarks\original_forecast.json.horizons.5.preview[11].moving_average,6.278,"Synthetic diurnal traffic series, 1-minute bins; these are experiment results, not forecasts for demo footage"
benchmarks\original_forecast.json.horizons.5.preview[11].gradient_boosting,9.2,"Synthetic diurnal traffic series, 1-minute bins; these are experiment results, not forecasts for demo footage"
benchmarks\original_forecast.json.horizons.5.preview[12].minute,2340,"Synthetic diurnal traffic series, 1-minute bins; these are experiment results, not forecasts for demo footage"
benchmarks\original_forecast.json.horizons.5.preview[12].actual,7.648,"Synthetic diurnal traffic series, 1-minute bins; these are experiment results, not forecasts for demo footage"
benchmarks\original_forecast.json.horizons.5.preview[12].last_value,6.755,"Synthetic diurnal traffic series, 1-minute bins; these are experiment results, not forecasts for demo footage"
benchmarks\original_forecast.json.horizons.5.preview[12].historical_mean,15.616,"Synthetic diurnal traffic series, 1-minute bins; these are experiment results, not forecasts for demo footage"
benchmarks\original_forecast.json.horizons.5.preview[12].moving_average,7.242,"Synthetic diurnal traffic series, 1-minute bins; these are experiment results, not forecasts for demo footage"
benchmarks\original_forecast.json.horizons.5.preview[12].gradient_boosting,10.242,"Synthetic diurnal traffic series, 1-minute bins; these are experiment results, not forecasts for demo footage"
benchmarks\original_forecast.json.horizons.5.preview[13].minute,2343,"Synthetic diurnal traffic series, 1-minute bins; these are experiment results, not forecasts for demo footage"
benchmarks\original_forecast.json.horizons.5.preview[13].actual,7.515,"Synthetic diurnal traffic series, 1-minute bins; these are experiment results, not forecasts for demo footage"
benchmarks\original_forecast.json.horizons.5.preview[13].last_value,10.795,"Synthetic diurnal traffic series, 1-minute bins; these are experiment results, not forecasts for demo footage"
benchmarks\original_forecast.json.horizons.5.preview[13].historical_mean,15.616,"Synthetic diurnal traffic series, 1-minute bins; these are experiment results, not forecasts for demo footage"
benchmarks\original_forecast.json.horizons.5.preview[13].moving_average,8.658,"Synthetic diurnal traffic series, 1-minute bins; these are experiment results, not forecasts for demo footage"
benchmarks\original_forecast.json.horizons.5.preview[13].gradient_boosting,9.549,"Synthetic diurnal traffic series, 1-minute bins; these are experiment results, not forecasts for demo footage"
benchmarks\original_forecast.json.horizons.5.preview[14].minute,2346,"Synthetic diurnal traffic series, 1-minute bins; these are experiment results, not forecasts for demo footage"
benchmarks\original_forecast.json.horizons.5.preview[14].actual,11.234,"Synthetic diurnal traffic series, 1-minute bins; these are experiment results, not forecasts for demo footage"
benchmarks\original_forecast.json.horizons.5.preview[14].last_value,4.95,"Synthetic diurnal traffic series, 1-minute bins; these are experiment results, not forecasts for demo footage"
benchmarks\original_forecast.json.horizons.5.preview[14].historical_mean,15.616,"Synthetic diurnal traffic series, 1-minute bins; these are experiment results, not forecasts for demo footage"
benchmarks\original_forecast.json.horizons.5.preview[14].moving_average,7.635,"Synthetic diurnal traffic series, 1-minute bins; these are experiment results, not forecasts for demo footage"
benchmarks\original_forecast.json.horizons.5.preview[14].gradient_boosting,9.184,"Synthetic diurnal traffic series, 1-minute bins; these are experiment results, not forecasts for demo footage"
benchmarks\original_forecast.json.horizons.5.preview[15].minute,2349,"Synthetic diurnal traffic series, 1-minute bins; these are experiment results, not forecasts for demo footage"
benchmarks\original_forecast.json.horizons.5.preview[15].actual,10.952,"Synthetic diurnal traffic series, 1-minute bins; these are experiment results, not forecasts for demo footage"
benchmarks\original_forecast.json.horizons.5.preview[15].last_value,7.454,"Synthetic diurnal traffic series, 1-minute bins; these are experiment results, not forecasts for demo footage"
benchmarks\original_forecast.json.horizons.5.preview[15].historical_mean,15.616,"Synthetic diurnal traffic series, 1-minute bins; these are experiment results, not forecasts for demo footage"
benchmarks\original_forecast.json.horizons.5.preview[15].moving_average,6.797,"Synthetic diurnal traffic series, 1-minute bins; these are experiment results, not forecasts for demo footage"
benchmarks\original_forecast.json.horizons.5.preview[15].gradient_boosting,9.454,"Synthetic diurnal traffic series, 1-minute bins; these are experiment results, not forecasts for demo footage"
benchmarks\original_forecast.json.horizons.5.preview[16].minute,2352,"Synthetic diurnal traffic series, 1-minute bins; these are experiment results, not forecasts for demo footage"
benchmarks\original_forecast.json.horizons.5.preview[16].actual,11.156,"Synthetic diurnal traffic series, 1-minute bins; these are experiment results, not forecasts for demo footage"
benchmarks\original_forecast.json.horizons.5.preview[16].last_value,10.668,"Synthetic diurnal traffic series, 1-minute bins; these are experiment results, not forecasts for demo footage"
benchmarks\original_forecast.json.horizons.5.preview[16].historical_mean,15.616,"Synthetic diurnal traffic series, 1-minute bins; these are experiment results, not forecasts for demo footage"
benchmarks\original_forecast.json.horizons.5.preview[16].moving_average,8.958,"Synthetic diurnal traffic series, 1-minute bins; these are experiment results, not forecasts for demo footage"
benchmarks\original_forecast.json.horizons.5.preview[16].gradient_boosting,9.909,"Synthetic diurnal traffic series, 1-minute bins; these are experiment results, not forecasts for demo footage"
benchmarks\original_forecast.json.horizons.5.preview[17].minute,2355,"Synthetic diurnal traffic series, 1-minute bins; these are experiment results, not forecasts for demo footage"
benchmarks\original_forecast.json.horizons.5.preview[17].actual,11.249,"Synthetic diurnal traffic series, 1-minute bins; these are experiment results, not forecasts for demo footage"
benchmarks\original_forecast.json.horizons.5.preview[17].last_value,11.027,"Synthetic diurnal traffic series, 1-minute bins; these are experiment results, not forecasts for demo footage"
benchmarks\original_forecast.json.horizons.5.preview[17].historical_mean,15.616,"Synthetic diurnal traffic series, 1-minute bins; these are experiment results, not forecasts for demo footage"
benchmarks\original_forecast.json.horizons.5.preview[17].moving_average,11.081,"Synthetic diurnal traffic series, 1-minute bins; these are experiment results, not forecasts for demo footage"
benchmarks\original_forecast.json.horizons.5.preview[17].gradient_boosting,7.678,"Synthetic diurnal traffic series, 1-minute bins; these are experiment results, not forecasts for demo footage"
benchmarks\original_forecast.json.horizons.5.preview[18].minute,2358,"Synthetic diurnal traffic series, 1-minute bins; these are experiment results, not forecasts for demo footage"
benchmarks\original_forecast.json.horizons.5.preview[18].actual,8.484,"Synthetic diurnal traffic series, 1-minute bins; these are experiment results, not forecasts for demo footage"
benchmarks\original_forecast.json.horizons.5.preview[18].last_value,8.787,"Synthetic diurnal traffic series, 1-minute bins; these are experiment results, not forecasts for demo footage"
benchmarks\original_forecast.json.horizons.5.preview[18].historical_mean,15.616,"Synthetic diurnal traffic series, 1-minute bins; these are experiment results, not forecasts for demo footage"
benchmarks\original_forecast.json.horizons.5.preview[18].moving_average,10.934,"Synthetic diurnal traffic series, 1-minute bins; these are experiment results, not forecasts for demo footage"
benchmarks\original_forecast.json.horizons.5.preview[18].gradient_boosting,7.265,"Synthetic diurnal traffic series, 1-minute bins; these are experiment results, not forecasts for demo footage"
benchmarks\original_forecast.json.horizons.5.preview[19].minute,2361,"Synthetic diurnal traffic series, 1-minute bins; these are experiment results, not forecasts for demo footage"
benchmarks\original_forecast.json.horizons.5.preview[19].actual,8.394,"Synthetic diurnal traffic series, 1-minute bins; these are experiment results, not forecasts for demo footage"
benchmarks\original_forecast.json.horizons.5.preview[19].last_value,11.367,"Synthetic diurnal traffic series, 1-minute bins; these are experiment results, not forecasts for demo footage"
benchmarks\original_forecast.json.horizons.5.preview[19].historical_mean,15.616,"Synthetic diurnal traffic series, 1-minute bins; these are experiment results, not forecasts for demo footage"
benchmarks\original_forecast.json.horizons.5.preview[19].moving_average,9.965,"Synthetic diurnal traffic series, 1-minute bins; these are experiment results, not forecasts for demo footage"
benchmarks\original_forecast.json.horizons.5.preview[19].gradient_boosting,7.333,"Synthetic diurnal traffic series, 1-minute bins; these are experiment results, not forecasts for demo footage"
benchmarks\original_forecast.json.horizons.5.preview[20].minute,2364,"Synthetic diurnal traffic series, 1-minute bins; these are experiment results, not forecasts for demo footage"
benchmarks\original_forecast.json.horizons.5.preview[20].actual,6.35,"Synthetic diurnal traffic series, 1-minute bins; these are experiment results, not forecasts for demo footage"
benchmarks\original_forecast.json.horizons.5.preview[20].last_value,8.181,"Synthetic diurnal traffic series, 1-minute bins; these are experiment results, not forecasts for demo footage"
benchmarks\original_forecast.json.horizons.5.preview[20].historical_mean,15.616,"Synthetic diurnal traffic series, 1-minute bins; these are experiment results, not forecasts for demo footage"
benchmarks\original_forecast.json.horizons.5.preview[20].moving_average,9.578,"Synthetic diurnal traffic series, 1-minute bins; these are experiment results, not forecasts for demo footage"
benchmarks\original_forecast.json.horizons.5.preview[20].gradient_boosting,8.244,"Synthetic diurnal traffic series, 1-minute bins; these are experiment results, not forecasts for demo footage"
benchmarks\original_forecast.json.horizons.5.preview[21].minute,2367,"Synthetic diurnal traffic series, 1-minute bins; these are experiment results, not forecasts for demo footage"
benchmarks\original_forecast.json.horizons.5.preview[21].actual,5.39,"Synthetic diurnal traffic series, 1-minute bins; these are experiment results, not forecasts for demo footage"
benchmarks\original_forecast.json.horizons.5.preview[21].last_value,6.643,"Synthetic diurnal traffic series, 1-minute bins; these are experiment results, not forecasts for demo footage"
benchmarks\original_forecast.json.horizons.5.preview[21].historical_mean,15.616,"Synthetic diurnal traffic series, 1-minute bins; these are experiment results, not forecasts for demo footage"
benchmarks\original_forecast.json.horizons.5.preview[21].moving_average,7.973,"Synthetic diurnal traffic series, 1-minute bins; these are experiment results, not forecasts for demo footage"
benchmarks\original_forecast.json.horizons.5.preview[21].gradient_boosting,9.482,"Synthetic diurnal traffic series, 1-minute bins; these are experiment results, not forecasts for demo footage"
benchmarks\original_forecast.json.horizons.5.preview[22].minute,2370,"Synthetic diurnal traffic series, 1-minute bins; these are experiment results, not forecasts for demo footage"
benchmarks\original_forecast.json.horizons.5.preview[22].actual,5.98,"Synthetic diurnal traffic series, 1-minute bins; these are experiment results, not forecasts for demo footage"
benchmarks\original_forecast.json.horizons.5.preview[22].last_value,7.85,"Synthetic diurnal traffic series, 1-minute bins; these are experiment results, not forecasts for demo footage"
benchmarks\original_forecast.json.horizons.5.preview[22].historical_mean,15.616,"Synthetic diurnal traffic series, 1-minute bins; these are experiment results, not forecasts for demo footage"
benchmarks\original_forecast.json.horizons.5.preview[22].moving_average,7.232,"Synthetic diurnal traffic series, 1-minute bins; these are experiment results, not forecasts for demo footage"
benchmarks\original_forecast.json.horizons.5.preview[22].gradient_boosting,10.377,"Synthetic diurnal traffic series, 1-minute bins; these are experiment results, not forecasts for demo footage"
benchmarks\original_forecast.json.horizons.5.preview[23].minute,2373,"Synthetic diurnal traffic series, 1-minute bins; these are experiment results, not forecasts for demo footage"
benchmarks\original_forecast.json.horizons.5.preview[23].actual,9.46,"Synthetic diurnal traffic series, 1-minute bins; these are experiment results, not forecasts for demo footage"
benchmarks\original_forecast.json.horizons.5.preview[23].last_value,4.813,"Synthetic diurnal traffic series, 1-minute bins; these are experiment results, not forecasts for demo footage"
benchmarks\original_forecast.json.horizons.5.preview[23].historical_mean,15.616,"Synthetic diurnal traffic series, 1-minute bins; these are experiment results, not forecasts for demo footage"
benchmarks\original_forecast.json.horizons.5.preview[23].moving_average,6.196,"Synthetic diurnal traffic series, 1-minute bins; these are experiment results, not forecasts for demo footage"
benchmarks\original_forecast.json.horizons.5.preview[23].gradient_boosting,7.326,"Synthetic diurnal traffic series, 1-minute bins; these are experiment results, not forecasts for demo footage"
benchmarks\original_forecast.json.horizons.5.preview[24].minute,2376,"Synthetic diurnal traffic series, 1-minute bins; these are experiment results, not forecasts for demo footage"
benchmarks\original_forecast.json.horizons.5.preview[24].actual,9.942,"Synthetic diurnal traffic series, 1-minute bins; these are experiment results, not forecasts for demo footage"
benchmarks\original_forecast.json.horizons.5.preview[24].last_value,8.444,"Synthetic diurnal traffic series, 1-minute bins; these are experiment results, not forecasts for demo footage"
benchmarks\original_forecast.json.horizons.5.preview[24].historical_mean,15.616,"Synthetic diurnal traffic series, 1-minute bins; these are experiment results, not forecasts for demo footage"
benchmarks\original_forecast.json.horizons.5.preview[24].moving_average,6.093,"Synthetic diurnal traffic series, 1-minute bins; these are experiment results, not forecasts for demo footage"
benchmarks\original_forecast.json.horizons.5.preview[24].gradient_boosting,10.028,"Synthetic diurnal traffic series, 1-minute bins; these are experiment results, not forecasts for demo footage"
benchmarks\original_forecast.json.horizons.5.preview[25].minute,2379,"Synthetic diurnal traffic series, 1-minute bins; these are experiment results, not forecasts for demo footage"
benchmarks\original_forecast.json.horizons.5.preview[25].actual,6.03,"Synthetic diurnal traffic series, 1-minute bins; these are experiment results, not forecasts for demo footage"
benchmarks\original_forecast.json.horizons.5.preview[25].last_value,5.897,"Synthetic diurnal traffic series, 1-minute bins; these are experiment results, not forecasts for demo footage"
benchmarks\original_forecast.json.horizons.5.preview[25].historical_mean,15.616,"Synthetic diurnal traffic series, 1-minute bins; these are experiment results, not forecasts for demo footage"
benchmarks\original_forecast.json.horizons.5.preview[25].moving_average,7.783,"Synthetic diurnal traffic series, 1-minute bins; these are experiment results, not forecasts for demo footage"
benchmarks\original_forecast.json.horizons.5.preview[25].gradient_boosting,7.496,"Synthetic diurnal traffic series, 1-minute bins; these are experiment results, not forecasts for demo footage"
benchmarks\original_forecast.json.horizons.5.preview[26].minute,2382,"Synthetic diurnal traffic series, 1-minute bins; these are experiment results, not forecasts for demo footage"
benchmarks\original_forecast.json.horizons.5.preview[26].actual,4.587,"Synthetic diurnal traffic series, 1-minute bins; these are experiment results, not forecasts for demo footage"
benchmarks\original_forecast.json.horizons.5.preview[26].last_value,11.069,"Synthetic diurnal traffic series, 1-minute bins; these are experiment results, not forecasts for demo footage"
benchmarks\original_forecast.json.horizons.5.preview[26].historical_mean,15.616,"Synthetic diurnal traffic series, 1-minute bins; these are experiment results, not forecasts for demo footage"
benchmarks\original_forecast.json.horizons.5.preview[26].moving_average,8.487,"Synthetic diurnal traffic series, 1-minute bins; these are experiment results, not forecasts for demo footage"
benchmarks\original_forecast.json.horizons.5.preview[26].gradient_boosting,7.06,"Synthetic diurnal traffic series, 1-minute bins; these are experiment results, not forecasts for demo footage"
benchmarks\original_forecast.json.horizons.5.preview[27].minute,2385,"Synthetic diurnal traffic series, 1-minute bins; these are experiment results, not forecasts for demo footage"
benchmarks\original_forecast.json.horizons.5.preview[27].actual,6.287,"Synthetic diurnal traffic series, 1-minute bins; these are experiment results, not forecasts for demo footage"
benchmarks\original_forecast.json.horizons.5.preview[27].last_value,7.053,"Synthetic diurnal traffic series, 1-minute bins; these are experiment results, not forecasts for demo footage"
benchmarks\original_forecast.json.horizons.5.preview[27].historical_mean,15.616,"Synthetic diurnal traffic series, 1-minute bins; these are experiment results, not forecasts for demo footage"
benchmarks\original_forecast.json.horizons.5.preview[27].moving_average,8.609,"Synthetic diurnal traffic series, 1-minute bins; these are experiment results, not forecasts for demo footage"
benchmarks\original_forecast.json.horizons.5.preview[27].gradient_boosting,8.793,"Synthetic diurnal traffic series, 1-minute bins; these are experiment results, not forecasts for demo footage"
benchmarks\original_forecast.json.horizons.5.preview[28].minute,2388,"Synthetic diurnal traffic series, 1-minute bins; these are experiment results, not forecasts for demo footage"
benchmarks\original_forecast.json.horizons.5.preview[28].actual,7.837,"Synthetic diurnal traffic series, 1-minute bins; these are experiment results, not forecasts for demo footage"
benchmarks\original_forecast.json.horizons.5.preview[28].last_value,5.493,"Synthetic diurnal traffic series, 1-minute bins; these are experiment results, not forecasts for demo footage"
benchmarks\original_forecast.json.horizons.5.preview[28].historical_mean,15.616,"Synthetic diurnal traffic series, 1-minute bins; these are experiment results, not forecasts for demo footage"
benchmarks\original_forecast.json.horizons.5.preview[28].moving_average,5.881,"Synthetic diurnal traffic series, 1-minute bins; these are experiment results, not forecasts for demo footage"
benchmarks\original_forecast.json.horizons.5.preview[28].gradient_boosting,11.265,"Synthetic diurnal traffic series, 1-minute bins; these are experiment results, not forecasts for demo footage"
benchmarks\original_forecast.json.horizons.5.preview[29].minute,2391,"Synthetic diurnal traffic series, 1-minute bins; these are experiment results, not forecasts for demo footage"
benchmarks\original_forecast.json.horizons.5.preview[29].actual,10.137,"Synthetic diurnal traffic series, 1-minute bins; these are experiment results, not forecasts for demo footage"
benchmarks\original_forecast.json.horizons.5.preview[29].last_value,3.26,"Synthetic diurnal traffic series, 1-minute bins; these are experiment results, not forecasts for demo footage"
benchmarks\original_forecast.json.horizons.5.preview[29].historical_mean,15.616,"Synthetic diurnal traffic series, 1-minute bins; these are experiment results, not forecasts for demo footage"
benchmarks\original_forecast.json.horizons.5.preview[29].moving_average,4.772,"Synthetic diurnal traffic series, 1-minute bins; these are experiment results, not forecasts for demo footage"
benchmarks\original_forecast.json.horizons.5.preview[29].gradient_boosting,12.255,"Synthetic diurnal traffic series, 1-minute bins; these are experiment results, not forecasts for demo footage"
benchmarks\original_forecast.json.horizons.5.preview[30].minute,2394,"Synthetic diurnal traffic series, 1-minute bins; these are experiment results, not forecasts for demo footage"
benchmarks\original_forecast.json.horizons.5.preview[30].actual,6.969,"Synthetic diurnal traffic series, 1-minute bins; these are experiment results, not forecasts for demo footage"
benchmarks\original_forecast.json.horizons.5.preview[30].last_value,9.424,"Synthetic diurnal traffic series, 1-minute bins; these are experiment results, not forecasts for demo footage"
benchmarks\original_forecast.json.horizons.5.preview[30].historical_mean,15.616,"Synthetic diurnal traffic series, 1-minute bins; these are experiment results, not forecasts for demo footage"
benchmarks\original_forecast.json.horizons.5.preview[30].moving_average,6.049,"Synthetic diurnal traffic series, 1-minute bins; these are experiment results, not forecasts for demo footage"
benchmarks\original_forecast.json.horizons.5.preview[30].gradient_boosting,11.77,"Synthetic diurnal traffic series, 1-minute bins; these are experiment results, not forecasts for demo footage"
benchmarks\original_forecast.json.horizons.5.preview[31].minute,2397,"Synthetic diurnal traffic series, 1-minute bins; these are experiment results, not forecasts for demo footage"
benchmarks\original_forecast.json.horizons.5.preview[31].actual,7.552,"Synthetic diurnal traffic series, 1-minute bins; these are experiment results, not forecasts for demo footage"
benchmarks\original_forecast.json.horizons.5.preview[31].last_value,9.35,"Synthetic diurnal traffic series, 1-minute bins; these are experiment results, not forecasts for demo footage"
benchmarks\original_forecast.json.horizons.5.preview[31].historical_mean,15.616,"Synthetic diurnal traffic series, 1-minute bins; these are experiment results, not forecasts for demo footage"
benchmarks\original_forecast.json.horizons.5.preview[31].moving_average,9.882,"Synthetic diurnal traffic series, 1-minute bins; these are experiment results, not forecasts for demo footage"
benchmarks\original_forecast.json.horizons.5.preview[31].gradient_boosting,7.778,"Synthetic diurnal traffic series, 1-minute bins; these are experiment results, not forecasts for demo footage"
benchmarks\original_forecast.json.horizons.5.preview[32].minute,2400,"Synthetic diurnal traffic series, 1-minute bins; these are experiment results, not forecasts for demo footage"
benchmarks\original_forecast.json.horizons.5.preview[32].actual,9.292,"Synthetic diurnal traffic series, 1-minute bins; these are experiment results, not forecasts for demo footage"
benchmarks\original_forecast.json.horizons.5.preview[32].last_value,6.131,"Synthetic diurnal traffic series, 1-minute bins; these are experiment results, not forecasts for demo footage"
benchmarks\original_forecast.json.horizons.5.preview[32].historical_mean,15.616,"Synthetic diurnal traffic series, 1-minute bins; these are experiment results, not forecasts for demo footage"
benchmarks\original_forecast.json.horizons.5.preview[32].moving_average,8.012,"Synthetic diurnal traffic series, 1-minute bins; these are experiment results, not forecasts for demo footage"
benchmarks\original_forecast.json.horizons.5.preview[32].gradient_boosting,8.774,"Synthetic diurnal traffic series, 1-minute bins; these are experiment results, not forecasts for demo footage"
benchmarks\original_forecast.json.horizons.5.preview[33].minute,2403,"Synthetic diurnal traffic series, 1-minute bins; these are experiment results, not forecasts for demo footage"
benchmarks\original_forecast.json.horizons.5.preview[33].actual,9.648,"Synthetic diurnal traffic series, 1-minute bins; these are experiment results, not forecasts for demo footage"
benchmarks\original_forecast.json.horizons.5.preview[33].last_value,7.478,"Synthetic diurnal traffic series, 1-minute bins; these are experiment results, not forecasts for demo footage"
benchmarks\original_forecast.json.horizons.5.preview[33].historical_mean,15.616,"Synthetic diurnal traffic series, 1-minute bins; these are experiment results, not forecasts for demo footage"
benchmarks\original_forecast.json.horizons.5.preview[33].moving_average,7.616,"Synthetic diurnal traffic series, 1-minute bins; these are experiment results, not forecasts for demo footage"
benchmarks\original_forecast.json.horizons.5.preview[33].gradient_boosting,9.181,"Synthetic diurnal traffic series, 1-minute bins; these are experiment results, not forecasts for demo footage"
benchmarks\original_forecast.json.horizons.5.preview[34].minute,2406,"Synthetic diurnal traffic series, 1-minute bins; these are experiment results, not forecasts for demo footage"
benchmarks\original_forecast.json.horizons.5.preview[34].actual,9.61,"Synthetic diurnal traffic series, 1-minute bins; these are experiment results, not forecasts for demo footage"
benchmarks\original_forecast.json.horizons.5.preview[34].last_value,11.517,"Synthetic diurnal traffic series, 1-minute bins; these are experiment results, not forecasts for demo footage"
benchmarks\original_forecast.json.horizons.5.preview[34].historical_mean,15.616,"Synthetic diurnal traffic series, 1-minute bins; these are experiment results, not forecasts for demo footage"
benchmarks\original_forecast.json.horizons.5.preview[34].moving_average,8.508,"Synthetic diurnal traffic series, 1-minute bins; these are experiment results, not forecasts for demo footage"
benchmarks\original_forecast.json.horizons.5.preview[34].gradient_boosting,8.672,"Synthetic diurnal traffic series, 1-minute bins; these are experiment results, not forecasts for demo footage"
benchmarks\original_forecast.json.horizons.5.preview[35].minute,2409,"Synthetic diurnal traffic series, 1-minute bins; these are experiment results, not forecasts for demo footage"
benchmarks\original_forecast.json.horizons.5.preview[35].actual,12.513,"Synthetic diurnal traffic series, 1-minute bins; these are experiment results, not forecasts for demo footage"
benchmarks\original_forecast.json.horizons.5.preview[35].last_value,10.326,"Synthetic diurnal traffic series, 1-minute bins; these are experiment results, not forecasts for demo footage"
benchmarks\original_forecast.json.horizons.5.preview[35].historical_mean,15.616,"Synthetic diurnal traffic series, 1-minute bins; these are experiment results, not forecasts for demo footage"
benchmarks\original_forecast.json.horizons.5.preview[35].moving_average,10.322,"Synthetic diurnal traffic series, 1-minute bins; these are experiment results, not forecasts for demo footage"
benchmarks\original_forecast.json.horizons.5.preview[35].gradient_boosting,7.39,"Synthetic diurnal traffic series, 1-minute bins; these are experiment results, not forecasts for demo footage"
benchmarks\original_forecast.json.horizons.5.preview[36].minute,2412,"Synthetic diurnal traffic series, 1-minute bins; these are experiment results, not forecasts for demo footage"
benchmarks\original_forecast.json.horizons.5.preview[36].actual,13.656,"Synthetic diurnal traffic series, 1-minute bins; these are experiment results, not forecasts for demo footage"
benchmarks\original_forecast.json.horizons.5.preview[36].last_value,11.204,"Synthetic diurnal traffic series, 1-minute bins; these are experiment results, not forecasts for demo footage"
benchmarks\original_forecast.json.horizons.5.preview[36].historical_mean,15.616,"Synthetic diurnal traffic series, 1-minute bins; these are experiment results, not forecasts for demo footage"
benchmarks\original_forecast.json.horizons.5.preview[36].moving_average,10.17,"Synthetic diurnal traffic series, 1-minute bins; these are experiment results, not forecasts for demo footage"
benchmarks\original_forecast.json.horizons.5.preview[36].gradient_boosting,7.458,"Synthetic diurnal traffic series, 1-minute bins; these are experiment results, not forecasts for demo footage"
benchmarks\original_forecast.json.horizons.5.preview[37].minute,2415,"Synthetic diurnal traffic series, 1-minute bins; these are experiment results, not forecasts for demo footage"
benchmarks\original_forecast.json.horizons.5.preview[37].actual,11.298,"Synthetic diurnal traffic series, 1-minute bins; these are experiment results, not forecasts for demo footage"
benchmarks\original_forecast.json.horizons.5.preview[37].last_value,14.02,"Synthetic diurnal traffic series, 1-minute bins; these are experiment results, not forecasts for demo footage"
benchmarks\original_forecast.json.horizons.5.preview[37].historical_mean,15.616,"Synthetic diurnal traffic series, 1-minute bins; these are experiment results, not forecasts for demo footage"
benchmarks\original_forecast.json.horizons.5.preview[37].moving_average,11.455,"Synthetic diurnal traffic series, 1-minute bins; these are experiment results, not forecasts for demo footage"
benchmarks\original_forecast.json.horizons.5.preview[37].gradient_boosting,8.701,"Synthetic diurnal traffic series, 1-minute bins; these are experiment results, not forecasts for demo footage"
benchmarks\original_forecast.json.horizons.5.preview[38].minute,2418,"Synthetic diurnal traffic series, 1-minute bins; these are experiment results, not forecasts for demo footage"
benchmarks\original_forecast.json.horizons.5.preview[38].actual,10.409,"Synthetic diurnal traffic series, 1-minute bins; these are experiment results, not forecasts for demo footage"
benchmarks\original_forecast.json.horizons.5.preview[38].last_value,11.686,"Synthetic diurnal traffic series, 1-minute bins; these are experiment results, not forecasts for demo footage"
benchmarks\original_forecast.json.horizons.5.preview[38].historical_mean,15.616,"Synthetic diurnal traffic series, 1-minute bins; these are experiment results, not forecasts for demo footage"
benchmarks\original_forecast.json.horizons.5.preview[38].moving_average,12.417,"Synthetic diurnal traffic series, 1-minute bins; these are experiment results, not forecasts for demo footage"
benchmarks\original_forecast.json.horizons.5.preview[38].gradient_boosting,11.047,"Synthetic diurnal traffic series, 1-minute bins; these are experiment results, not forecasts for demo footage"
benchmarks\original_forecast.json.horizons.5.preview[39].minute,2421,"Synthetic diurnal traffic series, 1-minute bins; these are experiment results, not forecasts for demo footage"
benchmarks\original_forecast.json.horizons.5.preview[39].actual,6.159,"Synthetic diurnal traffic series, 1-minute bins; these are experiment results, not forecasts for demo footage"
benchmarks\original_forecast.json.horizons.5.preview[39].last_value,9.384,"Synthetic diurnal traffic series, 1-minute bins; these are experiment results, not forecasts for demo footage"
benchmarks\original_forecast.json.horizons.5.preview[39].historical_mean,15.616,"Synthetic diurnal traffic series, 1-minute bins; these are experiment results, not forecasts for demo footage"
benchmarks\original_forecast.json.horizons.5.preview[39].moving_average,11.752,"Synthetic diurnal traffic series, 1-minute bins; these are experiment results, not forecasts for demo footage"
benchmarks\original_forecast.json.horizons.5.preview[39].gradient_boosting,12.762,"Synthetic diurnal traffic series, 1-minute bins; these are experiment results, not forecasts for demo footage"
benchmarks\original_forecast.json.horizons.5.preview[40].minute,2424,"Synthetic diurnal traffic series, 1-minute bins; these are experiment results, not forecasts for demo footage"
benchmarks\original_forecast.json.horizons.5.preview[40].actual,8.72,"Synthetic diurnal traffic series, 1-minute bins; these are experiment results, not forecasts for demo footage"
benchmarks\original_forecast.json.horizons.5.preview[40].last_value,8.738,"Synthetic diurnal traffic series, 1-minute bins; these are experiment results, not forecasts for demo footage"
benchmarks\original_forecast.json.horizons.5.preview[40].historical_mean,15.616,"Synthetic diurnal traffic series, 1-minute bins; these are experiment results, not forecasts for demo footage"
benchmarks\original_forecast.json.horizons.5.preview[40].moving_average,10.211,"Synthetic diurnal traffic series, 1-minute bins; these are experiment results, not forecasts for demo footage"
benchmarks\original_forecast.json.horizons.5.preview[40].gradient_boosting,12.859,"Synthetic diurnal traffic series, 1-minute bins; these are experiment results, not forecasts for demo footage"
benchmarks\original_forecast.json.horizons.5.preview[41].minute,2427,"Synthetic diurnal traffic series, 1-minute bins; these are experiment results, not forecasts for demo footage"
benchmarks\original_forecast.json.horizons.5.preview[41].actual,9.763,"Synthetic diurnal traffic series, 1-minute bins; these are experiment results, not forecasts for demo footage"
benchmarks\original_forecast.json.horizons.5.preview[41].last_value,5.999,"Synthetic diurnal traffic series, 1-minute bins; these are experiment results, not forecasts for demo footage"
benchmarks\original_forecast.json.horizons.5.preview[41].historical_mean,15.616,"Synthetic diurnal traffic series, 1-minute bins; these are experiment results, not forecasts for demo footage"
benchmarks\original_forecast.json.horizons.5.preview[41].moving_average,8.502,"Synthetic diurnal traffic series, 1-minute bins; these are experiment results, not forecasts for demo footage"
benchmarks\original_forecast.json.horizons.5.preview[41].gradient_boosting,12.459,"Synthetic diurnal traffic series, 1-minute bins; these are experiment results, not forecasts for demo footage"
benchmarks\original_forecast.json.horizons.5.preview[42].minute,2430,"Synthetic diurnal traffic series, 1-minute bins; these are experiment results, not forecasts for demo footage"
benchmarks\original_forecast.json.horizons.5.preview[42].actual,16.021,"Synthetic diurnal traffic series, 1-minute bins; these are experiment results, not forecasts for demo footage"
benchmarks\original_forecast.json.horizons.5.preview[42].last_value,10.545,"Synthetic diurnal traffic series, 1-minute bins; these are experiment results, not forecasts for demo footage"
benchmarks\original_forecast.json.horizons.5.preview[42].historical_mean,15.616,"Synthetic diurnal traffic series, 1-minute bins; these are experiment results, not forecasts for demo footage"
benchmarks\original_forecast.json.horizons.5.preview[42].moving_average,7.697,"Synthetic diurnal traffic series, 1-minute bins; these are experiment results, not forecasts for demo footage"
benchmarks\original_forecast.json.horizons.5.preview[42].gradient_boosting,12.76,"Synthetic diurnal traffic series, 1-minute bins; these are experiment results, not forecasts for demo footage"
benchmarks\original_forecast.json.horizons.5.preview[43].minute,2433,"Synthetic diurnal traffic series, 1-minute bins; these are experiment results, not forecasts for demo footage"
benchmarks\original_forecast.json.horizons.5.preview[43].actual,10.691,"Synthetic diurnal traffic series, 1-minute bins; these are experiment results, not forecasts for demo footage"
benchmarks\original_forecast.json.horizons.5.preview[43].last_value,8.737,"Synthetic diurnal traffic series, 1-minute bins; these are experiment results, not forecasts for demo footage"
benchmarks\original_forecast.json.horizons.5.preview[43].historical_mean,15.616,"Synthetic diurnal traffic series, 1-minute bins; these are experiment results, not forecasts for demo footage"
benchmarks\original_forecast.json.horizons.5.preview[43].moving_average,9.025,"Synthetic diurnal traffic series, 1-minute bins; these are experiment results, not forecasts for demo footage"
benchmarks\original_forecast.json.horizons.5.preview[43].gradient_boosting,13.363,"Synthetic diurnal traffic series, 1-minute bins; these are experiment results, not forecasts for demo footage"
benchmarks\original_forecast.json.horizons.5.preview[44].minute,2436,"Synthetic diurnal traffic series, 1-minute bins; these are experiment results, not forecasts for demo footage"
benchmarks\original_forecast.json.horizons.5.preview[44].actual,9.943,"Synthetic diurnal traffic series, 1-minute bins; these are experiment results, not forecasts for demo footage"
benchmarks\original_forecast.json.horizons.5.preview[44].last_value,12.615,"Synthetic diurnal traffic series, 1-minute bins; these are experiment results, not forecasts for demo footage"
benchmarks\original_forecast.json.horizons.5.preview[44].historical_mean,15.616,"Synthetic diurnal traffic series, 1-minute bins; these are experiment results, not forecasts for demo footage"
benchmarks\original_forecast.json.horizons.5.preview[44].moving_average,12.26,"Synthetic diurnal traffic series, 1-minute bins; these are experiment results, not forecasts for demo footage"
benchmarks\original_forecast.json.horizons.5.preview[44].gradient_boosting,11.012,"Synthetic diurnal traffic series, 1-minute bins; these are experiment results, not forecasts for demo footage"
benchmarks\original_forecast.json.horizons.5.preview[45].minute,2439,"Synthetic diurnal traffic series, 1-minute bins; these are experiment results, not forecasts for demo footage"
benchmarks\original_forecast.json.horizons.5.preview[45].actual,11.289,"Synthetic diurnal traffic series, 1-minute bins; these are experiment results, not forecasts for demo footage"
benchmarks\original_forecast.json.horizons.5.preview[45].last_value,12.596,"Synthetic diurnal traffic series, 1-minute bins; these are experiment results, not forecasts for demo footage"
benchmarks\original_forecast.json.horizons.5.preview[45].historical_mean,15.616,"Synthetic diurnal traffic series, 1-minute bins; these are experiment results, not forecasts for demo footage"
benchmarks\original_forecast.json.horizons.5.preview[45].moving_average,13.063,"Synthetic diurnal traffic series, 1-minute bins; these are experiment results, not forecasts for demo footage"
benchmarks\original_forecast.json.horizons.5.preview[45].gradient_boosting,10.069,"Synthetic diurnal traffic series, 1-minute bins; these are experiment results, not forecasts for demo footage"
benchmarks\original_forecast.json.horizons.5.preview[46].minute,2442,"Synthetic diurnal traffic series, 1-minute bins; these are experiment results, not forecasts for demo footage"
benchmarks\original_forecast.json.horizons.5.preview[46].actual,13.43,"Synthetic diurnal traffic series, 1-minute bins; these are experiment results, not forecasts for demo footage"
benchmarks\original_forecast.json.horizons.5.preview[46].last_value,7.496,"Synthetic diurnal traffic series, 1-minute bins; these are experiment results, not forecasts for demo footage"
benchmarks\original_forecast.json.horizons.5.preview[46].historical_mean,15.616,"Synthetic diurnal traffic series, 1-minute bins; these are experiment results, not forecasts for demo footage"
benchmarks\original_forecast.json.horizons.5.preview[46].moving_average,10.19,"Synthetic diurnal traffic series, 1-minute bins; these are experiment results, not forecasts for demo footage"
benchmarks\original_forecast.json.horizons.5.preview[46].gradient_boosting,9.699,"Synthetic diurnal traffic series, 1-minute bins; these are experiment results, not forecasts for demo footage"
benchmarks\original_forecast.json.horizons.5.preview[47].minute,2445,"Synthetic diurnal traffic series, 1-minute bins; these are experiment results, not forecasts for demo footage"
benchmarks\original_forecast.json.horizons.5.preview[47].actual,12.007,"Synthetic diurnal traffic series, 1-minute bins; these are experiment results, not forecasts for demo footage"
benchmarks\original_forecast.json.horizons.5.preview[47].last_value,12.322,"Synthetic diurnal traffic series, 1-minute bins; these are experiment results, not forecasts for demo footage"
benchmarks\original_forecast.json.horizons.5.preview[47].historical_mean,15.616,"Synthetic diurnal traffic series, 1-minute bins; these are experiment results, not forecasts for demo footage"
benchmarks\original_forecast.json.horizons.5.preview[47].moving_average,9.865,"Synthetic diurnal traffic series, 1-minute bins; these are experiment results, not forecasts for demo footage"
benchmarks\original_forecast.json.horizons.5.preview[47].gradient_boosting,9.785,"Synthetic diurnal traffic series, 1-minute bins; these are experiment results, not forecasts for demo footage"
benchmarks\original_forecast.json.horizons.5.preview[48].minute,2448,"Synthetic diurnal traffic series, 1-minute bins; these are experiment results, not forecasts for demo footage"
benchmarks\original_forecast.json.horizons.5.preview[48].actual,14.077,"Synthetic diurnal traffic series, 1-minute bins; these are experiment results, not forecasts for demo footage"
benchmarks\original_forecast.json.horizons.5.preview[48].last_value,15.303,"Synthetic diurnal traffic series, 1-minute bins; these are experiment results, not forecasts for demo footage"
benchmarks\original_forecast.json.horizons.5.preview[48].historical_mean,15.616,"Synthetic diurnal traffic series, 1-minute bins; these are experiment results, not forecasts for demo footage"
benchmarks\original_forecast.json.horizons.5.preview[48].moving_average,12.559,"Synthetic diurnal traffic series, 1-minute bins; these are experiment results, not forecasts for demo footage"
benchmarks\original_forecast.json.horizons.5.preview[48].gradient_boosting,10.417,"Synthetic diurnal traffic series, 1-minute bins; these are experiment results, not forecasts for demo footage"
benchmarks\original_forecast.json.horizons.5.preview[49].minute,2451,"Synthetic diurnal traffic series, 1-minute bins; these are experiment results, not forecasts for demo footage"
benchmarks\original_forecast.json.horizons.5.preview[49].actual,17.024,"Synthetic diurnal traffic series, 1-minute bins; these are experiment results, not forecasts for demo footage"
benchmarks\original_forecast.json.horizons.5.preview[49].last_value,14.862,"Synthetic diurnal traffic series, 1-minute bins; these are experiment results, not forecasts for demo footage"
benchmarks\original_forecast.json.horizons.5.preview[49].historical_mean,15.616,"Synthetic diurnal traffic series, 1-minute bins; these are experiment results, not forecasts for demo footage"
benchmarks\original_forecast.json.horizons.5.preview[49].moving_average,14.111,"Synthetic diurnal traffic series, 1-minute bins; these are experiment results, not forecasts for demo footage"
benchmarks\original_forecast.json.horizons.5.preview[49].gradient_boosting,11.372,"Synthetic diurnal traffic series, 1-minute bins; these are experiment results, not forecasts for demo footage"
benchmarks\original_forecast.json.horizons.10.models.last_value.mae,3.0543361719474613,"Synthetic diurnal traffic series, 1-minute bins; these are experiment results, not forecasts for demo footage"
benchmarks\original_forecast.json.horizons.10.models.last_value.rmse,3.777850293069602,"Synthetic diurnal traffic series, 1-minute bins; these are experiment results, not forecasts for demo footage"
benchmarks\original_forecast.json.horizons.10.models.last_value.mape_pct,40.535860093729994,"Synthetic diurnal traffic series, 1-minute bins; these are experiment results, not forecasts for demo footage"
benchmarks\original_forecast.json.horizons.10.models.last_value.mape_excludes_below,1,"Synthetic diurnal traffic series, 1-minute bins; these are experiment results, not forecasts for demo footage"
benchmarks\original_forecast.json.horizons.10.models.historical_mean.mae,6.335299223674366,"Synthetic diurnal traffic series, 1-minute bins; these are experiment results, not forecasts for demo footage"
benchmarks\original_forecast.json.horizons.10.models.historical_mean.rmse,7.17089614777534,"Synthetic diurnal traffic series, 1-minute bins; these are experiment results, not forecasts for demo footage"
benchmarks\original_forecast.json.horizons.10.models.historical_mean.mape_pct,102.25475959553185,"Synthetic diurnal traffic series, 1-minute bins; these are experiment results, not forecasts for demo footage"
benchmarks\original_forecast.json.horizons.10.models.historical_mean.mape_excludes_below,1,"Synthetic diurnal traffic series, 1-minute bins; these are experiment results, not forecasts for demo footage"
benchmarks\original_forecast.json.horizons.10.models.moving_average.mae,2.8324993140992865,"Synthetic diurnal traffic series, 1-minute bins; these are experiment results, not forecasts for demo footage"
benchmarks\original_forecast.json.horizons.10.models.moving_average.rmse,3.5121479377763385,"Synthetic diurnal traffic series, 1-minute bins; these are experiment results, not forecasts for demo footage"
benchmarks\original_forecast.json.horizons.10.models.moving_average.mape_pct,38.353883591667504,"Synthetic diurnal traffic series, 1-minute bins; these are experiment results, not forecasts for demo footage"
benchmarks\original_forecast.json.horizons.10.models.moving_average.mape_excludes_below,1,"Synthetic diurnal traffic series, 1-minute bins; these are experiment results, not forecasts for demo footage"
benchmarks\original_forecast.json.horizons.10.models.gradient_boosting.mae,2.7334196662130426,"Synthetic diurnal traffic series, 1-minute bins; these are experiment results, not forecasts for demo footage"
benchmarks\original_forecast.json.horizons.10.models.gradient_boosting.rmse,3.25274769154594,"Synthetic diurnal traffic series, 1-minute bins; these are experiment results, not forecasts for demo footage"
benchmarks\original_forecast.json.horizons.10.models.gradient_boosting.mape_pct,36.94017135971394,"Synthetic diurnal traffic series, 1-minute bins; these are experiment results, not forecasts for demo footage"
benchmarks\original_forecast.json.horizons.10.models.gradient_boosting.mape_excludes_below,1,"Synthetic diurnal traffic series, 1-minute bins; these are experiment results, not forecasts for demo footage"
benchmarks\original_forecast.json.horizons.10.test_points,566,"Synthetic diurnal traffic series, 1-minute bins; these are experiment results, not forecasts for demo footage"
benchmarks\original_forecast.json.horizons.10.preview[0].minute,2304,"Synthetic diurnal traffic series, 1-minute bins; these are experiment results, not forecasts for demo footage"
benchmarks\original_forecast.json.horizons.10.preview[0].actual,9.595,"Synthetic diurnal traffic series, 1-minute bins; these are experiment results, not forecasts for demo footage"
benchmarks\original_forecast.json.horizons.10.preview[0].last_value,6.595,"Synthetic diurnal traffic series, 1-minute bins; these are experiment results, not forecasts for demo footage"
benchmarks\original_forecast.json.horizons.10.preview[0].historical_mean,15.607,"Synthetic diurnal traffic series, 1-minute bins; these are experiment results, not forecasts for demo footage"
benchmarks\original_forecast.json.horizons.10.preview[0].moving_average,9.367,"Synthetic diurnal traffic series, 1-minute bins; these are experiment results, not forecasts for demo footage"
benchmarks\original_forecast.json.horizons.10.preview[0].gradient_boosting,10.626,"Synthetic diurnal traffic series, 1-minute bins; these are experiment results, not forecasts for demo footage"
benchmarks\original_forecast.json.horizons.10.preview[1].minute,2307,"Synthetic diurnal traffic series, 1-minute bins; these are experiment results, not forecasts for demo footage"
benchmarks\original_forecast.json.horizons.10.preview[1].actual,8.959,"Synthetic diurnal traffic series, 1-minute bins; these are experiment results, not forecasts for demo footage"
benchmarks\original_forecast.json.horizons.10.preview[1].last_value,12.141,"Synthetic diurnal traffic series, 1-minute bins; these are experiment results, not forecasts for demo footage"
benchmarks\original_forecast.json.horizons.10.preview[1].historical_mean,15.607,"Synthetic diurnal traffic series, 1-minute bins; these are experiment results, not forecasts for demo footage"
benchmarks\original_forecast.json.horizons.10.preview[1].moving_average,9.298,"Synthetic diurnal traffic series, 1-minute bins; these are experiment results, not forecasts for demo footage"
benchmarks\original_forecast.json.horizons.10.preview[1].gradient_boosting,9.398,"Synthetic diurnal traffic series, 1-minute bins; these are experiment results, not forecasts for demo footage"
benchmarks\original_forecast.json.horizons.10.preview[2].minute,2310,"Synthetic diurnal traffic series, 1-minute bins; these are experiment results, not forecasts for demo footage"
benchmarks\original_forecast.json.horizons.10.preview[2].actual,7.966,"Synthetic diurnal traffic series, 1-minute bins; these are experiment results, not forecasts for demo footage"
benchmarks\original_forecast.json.horizons.10.preview[2].last_value,11.309,"Synthetic diurnal traffic series, 1-minute bins; these are experiment results, not forecasts for demo footage"
benchmarks\original_forecast.json.horizons.10.preview[2].historical_mean,15.607,"Synthetic diurnal traffic series, 1-minute bins; these are experiment results, not forecasts for demo footage"
benchmarks\original_forecast.json.horizons.10.preview[2].moving_average,11.682,"Synthetic diurnal traffic series, 1-minute bins; these are experiment results, not forecasts for demo footage"
benchmarks\original_forecast.json.horizons.10.preview[2].gradient_boosting,12.079,"Synthetic diurnal traffic series, 1-minute bins; these are experiment results, not forecasts for demo footage"
benchmarks\original_forecast.json.horizons.10.preview[3].minute,2313,"Synthetic diurnal traffic series, 1-minute bins; these are experiment results, not forecasts for demo footage"
benchmarks\original_forecast.json.horizons.10.preview[3].actual,9.559,"Synthetic diurnal traffic series, 1-minute bins; these are experiment results, not forecasts for demo footage"
benchmarks\original_forecast.json.horizons.10.preview[3].last_value,8.874,"Synthetic diurnal traffic series, 1-minute bins; these are experiment results, not forecasts for demo footage"
benchmarks\original_forecast.json.horizons.10.preview[3].historical_mean,15.607,"Synthetic diurnal traffic series, 1-minute bins; these are experiment results, not forecasts for demo footage"
benchmarks\original_forecast.json.horizons.10.preview[3].moving_average,11.085,"Synthetic diurnal traffic series, 1-minute bins; these are experiment results, not forecasts for demo footage"
benchmarks\original_forecast.json.horizons.10.preview[3].gradient_boosting,9.238,"Synthetic diurnal traffic series, 1-minute bins; these are experiment results, not forecasts for demo footage"
benchmarks\original_forecast.json.horizons.10.preview[4].minute,2316,"Synthetic diurnal traffic series, 1-minute bins; these are experiment results, not forecasts for demo footage"
benchmarks\original_forecast.json.horizons.10.preview[4].actual,7.458,"Synthetic diurnal traffic series, 1-minute bins; these are experiment results, not forecasts for demo footage"
benchmarks\original_forecast.json.horizons.10.preview[4].last_value,7.602,"Synthetic diurnal traffic series, 1-minute bins; these are experiment results, not forecasts for demo footage"
benchmarks\original_forecast.json.horizons.10.preview[4].historical_mean,15.607,"Synthetic diurnal traffic series, 1-minute bins; these are experiment results, not forecasts for demo footage"
benchmarks\original_forecast.json.horizons.10.preview[4].moving_average,9.126,"Synthetic diurnal traffic series, 1-minute bins; these are experiment results, not forecasts for demo footage"
benchmarks\original_forecast.json.horizons.10.preview[4].gradient_boosting,9.576,"Synthetic diurnal traffic series, 1-minute bins; these are experiment results, not forecasts for demo footage"
benchmarks\original_forecast.json.horizons.10.preview[5].minute,2319,"Synthetic diurnal traffic series, 1-minute bins; these are experiment results, not forecasts for demo footage"
benchmarks\original_forecast.json.horizons.10.preview[5].actual,5.839,"Synthetic diurnal traffic series, 1-minute bins; these are experiment results, not forecasts for demo footage"
benchmarks\original_forecast.json.horizons.10.preview[5].last_value,7.32,"Synthetic diurnal traffic series, 1-minute bins; these are experiment results, not forecasts for demo footage"
benchmarks\original_forecast.json.horizons.10.preview[5].historical_mean,15.607,"Synthetic diurnal traffic series, 1-minute bins; these are experiment results, not forecasts for demo footage"
benchmarks\original_forecast.json.horizons.10.preview[5].moving_average,7.87,"Synthetic diurnal traffic series, 1-minute bins; these are experiment results, not forecasts for demo footage"
benchmarks\original_forecast.json.horizons.10.preview[5].gradient_boosting,8.756,"Synthetic diurnal traffic series, 1-minute bins; these are experiment results, not forecasts for demo footage"
benchmarks\original_forecast.json.horizons.10.preview[6].minute,2322,"Synthetic diurnal traffic series, 1-minute bins; these are experiment results, not forecasts for demo footage"
benchmarks\original_forecast.json.horizons.10.preview[6].actual,4.377,"Synthetic diurnal traffic series, 1-minute bins; these are experiment results, not forecasts for demo footage"
benchmarks\original_forecast.json.horizons.10.preview[6].last_value,6.137,"Synthetic diurnal traffic series, 1-minute bins; these are experiment results, not forecasts for demo footage"
benchmarks\original_forecast.json.horizons.10.preview[6].historical_mean,15.607,"Synthetic diurnal traffic series, 1-minute bins; these are experiment results, not forecasts for demo footage"
benchmarks\original_forecast.json.horizons.10.preview[6].moving_average,7.283,"Synthetic diurnal traffic series, 1-minute bins; these are experiment results, not forecasts for demo footage"
benchmarks\original_forecast.json.horizons.10.preview[6].gradient_boosting,8.945,"Synthetic diurnal traffic series, 1-minute bins; these are experiment results, not forecasts for demo footage"
benchmarks\original_forecast.json.horizons.10.preview[7].minute,2325,"Synthetic diurnal traffic series, 1-minute bins; these are experiment results, not forecasts for demo footage"
benchmarks\original_forecast.json.horizons.10.preview[7].actual,4.959,"Synthetic diurnal traffic series, 1-minute bins; these are experiment results, not forecasts for demo footage"
benchmarks\original_forecast.json.horizons.10.preview[7].last_value,6.41,"Synthetic diurnal traffic series, 1-minute bins; these are experiment results, not forecasts for demo footage"
benchmarks\original_forecast.json.horizons.10.preview[7].historical_mean,15.607,"Synthetic diurnal traffic series, 1-minute bins; these are experiment results, not forecasts for demo footage"
benchmarks\original_forecast.json.horizons.10.preview[7].moving_average,7.623,"Synthetic diurnal traffic series, 1-minute bins; these are experiment results, not forecasts for demo footage"
benchmarks\original_forecast.json.horizons.10.preview[7].gradient_boosting,8.943,"Synthetic diurnal traffic series, 1-minute bins; these are experiment results, not forecasts for demo footage"
benchmarks\original_forecast.json.horizons.10.preview[8].minute,2328,"Synthetic diurnal traffic series, 1-minute bins; these are experiment results, not forecasts for demo footage"
benchmarks\original_forecast.json.horizons.10.preview[8].actual,7.075,"Synthetic diurnal traffic series, 1-minute bins; these are experiment results, not forecasts for demo footage"
benchmarks\original_forecast.json.horizons.10.preview[8].last_value,7.226,"Synthetic diurnal traffic series, 1-minute bins; these are experiment results, not forecasts for demo footage"
benchmarks\original_forecast.json.horizons.10.preview[8].historical_mean,15.607,"Synthetic diurnal traffic series, 1-minute bins; these are experiment results, not forecasts for demo footage"
benchmarks\original_forecast.json.horizons.10.preview[8].moving_average,7.339,"Synthetic diurnal traffic series, 1-minute bins; these are experiment results, not forecasts for demo footage"
benchmarks\original_forecast.json.horizons.10.preview[8].gradient_boosting,8.423,"Synthetic diurnal traffic series, 1-minute bins; these are experiment results, not forecasts for demo footage"
benchmarks\original_forecast.json.horizons.10.preview[9].minute,2331,"Synthetic diurnal traffic series, 1-minute bins; these are experiment results, not forecasts for demo footage"
benchmarks\original_forecast.json.horizons.10.preview[9].actual,9.752,"Synthetic diurnal traffic series, 1-minute bins; these are experiment results, not forecasts for demo footage"
benchmarks\original_forecast.json.horizons.10.preview[9].last_value,4.762,"Synthetic diurnal traffic series, 1-minute bins; these are experiment results, not forecasts for demo footage"
benchmarks\original_forecast.json.horizons.10.preview[9].historical_mean,15.607,"Synthetic diurnal traffic series, 1-minute bins; these are experiment results, not forecasts for demo footage"
benchmarks\original_forecast.json.horizons.10.preview[9].moving_average,6.234,"Synthetic diurnal traffic series, 1-minute bins; these are experiment results, not forecasts for demo footage"
benchmarks\original_forecast.json.horizons.10.preview[9].gradient_boosting,11.175,"Synthetic diurnal traffic series, 1-minute bins; these are experiment results, not forecasts for demo footage"
benchmarks\original_forecast.json.horizons.10.preview[10].minute,2334,"Synthetic diurnal traffic series, 1-minute bins; these are experiment results, not forecasts for demo footage"
benchmarks\original_forecast.json.horizons.10.preview[10].actual,6.777,"Synthetic diurnal traffic series, 1-minute bins; these are experiment results, not forecasts for demo footage"
benchmarks\original_forecast.json.horizons.10.preview[10].last_value,5.475,"Synthetic diurnal traffic series, 1-minute bins; these are experiment results, not forecasts for demo footage"
benchmarks\original_forecast.json.horizons.10.preview[10].historical_mean,15.607,"Synthetic diurnal traffic series, 1-minute bins; these are experiment results, not forecasts for demo footage"
benchmarks\original_forecast.json.horizons.10.preview[10].moving_average,5.341,"Synthetic diurnal traffic series, 1-minute bins; these are experiment results, not forecasts for demo footage"
benchmarks\original_forecast.json.horizons.10.preview[10].gradient_boosting,10.974,"Synthetic diurnal traffic series, 1-minute bins; these are experiment results, not forecasts for demo footage"
benchmarks\original_forecast.json.horizons.10.preview[11].minute,2337,"Synthetic diurnal traffic series, 1-minute bins; these are experiment results, not forecasts for demo footage"
benchmarks\original_forecast.json.horizons.10.preview[11].actual,6.419,"Synthetic diurnal traffic series, 1-minute bins; these are experiment results, not forecasts for demo footage"
benchmarks\original_forecast.json.horizons.10.preview[11].last_value,9.211,"Synthetic diurnal traffic series, 1-minute bins; these are experiment results, not forecasts for demo footage"
benchmarks\original_forecast.json.horizons.10.preview[11].historical_mean,15.607,"Synthetic diurnal traffic series, 1-minute bins; these are experiment results, not forecasts for demo footage"
benchmarks\original_forecast.json.horizons.10.preview[11].moving_average,6.278,"Synthetic diurnal traffic series, 1-minute bins; these are experiment results, not forecasts for demo footage"
benchmarks\original_forecast.json.horizons.10.preview[11].gradient_boosting,9.736,"Synthetic diurnal traffic series, 1-minute bins; these are experiment results, not forecasts for demo footage"
benchmarks\original_forecast.json.horizons.10.preview[12].minute,2340,"Synthetic diurnal traffic series, 1-minute bins; these are experiment results, not forecasts for demo footage"
benchmarks\original_forecast.json.horizons.10.preview[12].actual,7.921,"Synthetic diurnal traffic series, 1-minute bins; these are experiment results, not forecasts for demo footage"
benchmarks\original_forecast.json.horizons.10.preview[12].last_value,6.755,"Synthetic diurnal traffic series, 1-minute bins; these are experiment results, not forecasts for demo footage"
benchmarks\original_forecast.json.horizons.10.preview[12].historical_mean,15.607,"Synthetic diurnal traffic series, 1-minute bins; these are experiment results, not forecasts for demo footage"
benchmarks\original_forecast.json.horizons.10.preview[12].moving_average,7.242,"Synthetic diurnal traffic series, 1-minute bins; these are experiment results, not forecasts for demo footage"
benchmarks\original_forecast.json.horizons.10.preview[12].gradient_boosting,9.3,"Synthetic diurnal traffic series, 1-minute bins; these are experiment results, not forecasts for demo footage"
benchmarks\original_forecast.json.horizons.10.preview[13].minute,2343,"Synthetic diurnal traffic series, 1-minute bins; these are experiment results, not forecasts for demo footage"
benchmarks\original_forecast.json.horizons.10.preview[13].actual,11.524,"Synthetic diurnal traffic series, 1-minute bins; these are experiment results, not forecasts for demo footage"
benchmarks\original_forecast.json.horizons.10.preview[13].last_value,10.795,"Synthetic diurnal traffic series, 1-minute bins; these are experiment results, not forecasts for demo footage"
benchmarks\original_forecast.json.horizons.10.preview[13].historical_mean,15.607,"Synthetic diurnal traffic series, 1-minute bins; these are experiment results, not forecasts for demo footage"
benchmarks\original_forecast.json.horizons.10.preview[13].moving_average,8.658,"Synthetic diurnal traffic series, 1-minute bins; these are experiment results, not forecasts for demo footage"
benchmarks\original_forecast.json.horizons.10.preview[13].gradient_boosting,6.364,"Synthetic diurnal traffic series, 1-minute bins; these are experiment results, not forecasts for demo footage"
benchmarks\original_forecast.json.horizons.10.preview[14].minute,2346,"Synthetic diurnal traffic series, 1-minute bins; these are experiment results, not forecasts for demo footage"
benchmarks\original_forecast.json.horizons.10.preview[14].actual,12.748,"Synthetic diurnal traffic series, 1-minute bins; these are experiment results, not forecasts for demo footage"
benchmarks\original_forecast.json.horizons.10.preview[14].last_value,4.95,"Synthetic diurnal traffic series, 1-minute bins; these are experiment results, not forecasts for demo footage"
benchmarks\original_forecast.json.horizons.10.preview[14].historical_mean,15.607,"Synthetic diurnal traffic series, 1-minute bins; these are experiment results, not forecasts for demo footage"
benchmarks\original_forecast.json.horizons.10.preview[14].moving_average,7.635,"Synthetic diurnal traffic series, 1-minute bins; these are experiment results, not forecasts for demo footage"
benchmarks\original_forecast.json.horizons.10.preview[14].gradient_boosting,7.943,"Synthetic diurnal traffic series, 1-minute bins; these are experiment results, not forecasts for demo footage"
benchmarks\original_forecast.json.horizons.10.preview[15].minute,2349,"Synthetic diurnal traffic series, 1-minute bins; these are experiment results, not forecasts for demo footage"
benchmarks\original_forecast.json.horizons.10.preview[15].actual,7.264,"Synthetic diurnal traffic series, 1-minute bins; these are experiment results, not forecasts for demo footage"
benchmarks\original_forecast.json.horizons.10.preview[15].last_value,7.454,"Synthetic diurnal traffic series, 1-minute bins; these are experiment results, not forecasts for demo footage"
benchmarks\original_forecast.json.horizons.10.preview[15].historical_mean,15.607,"Synthetic diurnal traffic series, 1-minute bins; these are experiment results, not forecasts for demo footage"
benchmarks\original_forecast.json.horizons.10.preview[15].moving_average,6.797,"Synthetic diurnal traffic series, 1-minute bins; these are experiment results, not forecasts for demo footage"
benchmarks\original_forecast.json.horizons.10.preview[15].gradient_boosting,7.954,"Synthetic diurnal traffic series, 1-minute bins; these are experiment results, not forecasts for demo footage"
benchmarks\original_forecast.json.horizons.10.preview[16].minute,2352,"Synthetic diurnal traffic series, 1-minute bins; these are experiment results, not forecasts for demo footage"
benchmarks\original_forecast.json.horizons.10.preview[16].actual,8.611,"Synthetic diurnal traffic series, 1-minute bins; these are experiment results, not forecasts for demo footage"
benchmarks\original_forecast.json.horizons.10.preview[16].last_value,10.668,"Synthetic diurnal traffic series, 1-minute bins; these are experiment results, not forecasts for demo footage"
benchmarks\original_forecast.json.horizons.10.preview[16].historical_mean,15.607,"Synthetic diurnal traffic series, 1-minute bins; these are experiment results, not forecasts for demo footage"
benchmarks\original_forecast.json.horizons.10.preview[16].moving_average,8.958,"Synthetic diurnal traffic series, 1-minute bins; these are experiment results, not forecasts for demo footage"
benchmarks\original_forecast.json.horizons.10.preview[16].gradient_boosting,6.79,"Synthetic diurnal traffic series, 1-minute bins; these are experiment results, not forecasts for demo footage"
benchmarks\original_forecast.json.horizons.10.preview[17].minute,2355,"Synthetic diurnal traffic series, 1-minute bins; these are experiment results, not forecasts for demo footage"
benchmarks\original_forecast.json.horizons.10.preview[17].actual,8.164,"Synthetic diurnal traffic series, 1-minute bins; these are experiment results, not forecasts for demo footage"
benchmarks\original_forecast.json.horizons.10.preview[17].last_value,11.027,"Synthetic diurnal traffic series, 1-minute bins; these are experiment results, not forecasts for demo footage"
benchmarks\original_forecast.json.horizons.10.preview[17].historical_mean,15.607,"Synthetic diurnal traffic series, 1-minute bins; these are experiment results, not forecasts for demo footage"
benchmarks\original_forecast.json.horizons.10.preview[17].moving_average,11.081,"Synthetic diurnal traffic series, 1-minute bins; these are experiment results, not forecasts for demo footage"
benchmarks\original_forecast.json.horizons.10.preview[17].gradient_boosting,9.031,"Synthetic diurnal traffic series, 1-minute bins; these are experiment results, not forecasts for demo footage"
benchmarks\original_forecast.json.horizons.10.preview[18].minute,2358,"Synthetic diurnal traffic series, 1-minute bins; these are experiment results, not forecasts for demo footage"
benchmarks\original_forecast.json.horizons.10.preview[18].actual,6.925,"Synthetic diurnal traffic series, 1-minute bins; these are experiment results, not forecasts for demo footage"
benchmarks\original_forecast.json.horizons.10.preview[18].last_value,8.787,"Synthetic diurnal traffic series, 1-minute bins; these are experiment results, not forecasts for demo footage"
benchmarks\original_forecast.json.horizons.10.preview[18].historical_mean,15.607,"Synthetic diurnal traffic series, 1-minute bins; these are experiment results, not forecasts for demo footage"
benchmarks\original_forecast.json.horizons.10.preview[18].moving_average,10.934,"Synthetic diurnal traffic series, 1-minute bins; these are experiment results, not forecasts for demo footage"
benchmarks\original_forecast.json.horizons.10.preview[18].gradient_boosting,9.403,"Synthetic diurnal traffic series, 1-minute bins; these are experiment results, not forecasts for demo footage"
benchmarks\original_forecast.json.horizons.10.preview[19].minute,2361,"Synthetic diurnal traffic series, 1-minute bins; these are experiment results, not forecasts for demo footage"
benchmarks\original_forecast.json.horizons.10.preview[19].actual,6.576,"Synthetic diurnal traffic series, 1-minute bins; these are experiment results, not forecasts for demo footage"
benchmarks\original_forecast.json.horizons.10.preview[19].last_value,11.367,"Synthetic diurnal traffic series, 1-minute bins; these are experiment results, not forecasts for demo footage"
benchmarks\original_forecast.json.horizons.10.preview[19].historical_mean,15.607,"Synthetic diurnal traffic series, 1-minute bins; these are experiment results, not forecasts for demo footage"
benchmarks\original_forecast.json.horizons.10.preview[19].moving_average,9.965,"Synthetic diurnal traffic series, 1-minute bins; these are experiment results, not forecasts for demo footage"
benchmarks\original_forecast.json.horizons.10.preview[19].gradient_boosting,10.033,"Synthetic diurnal traffic series, 1-minute bins; these are experiment results, not forecasts for demo footage"
benchmarks\original_forecast.json.horizons.10.preview[20].minute,2364,"Synthetic diurnal traffic series, 1-minute bins; these are experiment results, not forecasts for demo footage"
benchmarks\original_forecast.json.horizons.10.preview[20].actual,5.838,"Synthetic diurnal traffic series, 1-minute bins; these are experiment results, not forecasts for demo footage"
benchmarks\original_forecast.json.horizons.10.preview[20].last_value,8.181,"Synthetic diurnal traffic series, 1-minute bins; these are experiment results, not forecasts for demo footage"
benchmarks\original_forecast.json.horizons.10.preview[20].historical_mean,15.607,"Synthetic diurnal traffic series, 1-minute bins; these are experiment results, not forecasts for demo footage"
benchmarks\original_forecast.json.horizons.10.preview[20].moving_average,9.578,"Synthetic diurnal traffic series, 1-minute bins; these are experiment results, not forecasts for demo footage"
benchmarks\original_forecast.json.horizons.10.preview[20].gradient_boosting,8.508,"Synthetic diurnal traffic series, 1-minute bins; these are experiment results, not forecasts for demo footage"
benchmarks\original_forecast.json.horizons.10.preview[21].minute,2367,"Synthetic diurnal traffic series, 1-minute bins; these are experiment results, not forecasts for demo footage"
benchmarks\original_forecast.json.horizons.10.preview[21].actual,9.133,"Synthetic diurnal traffic series, 1-minute bins; these are experiment results, not forecasts for demo footage"
benchmarks\original_forecast.json.horizons.10.preview[21].last_value,6.643,"Synthetic diurnal traffic series, 1-minute bins; these are experiment results, not forecasts for demo footage"
benchmarks\original_forecast.json.horizons.10.preview[21].historical_mean,15.607,"Synthetic diurnal traffic series, 1-minute bins; these are experiment results, not forecasts for demo footage"
benchmarks\original_forecast.json.horizons.10.preview[21].moving_average,7.973,"Synthetic diurnal traffic series, 1-minute bins; these are experiment results, not forecasts for demo footage"
benchmarks\original_forecast.json.horizons.10.preview[21].gradient_boosting,8.828,"Synthetic diurnal traffic series, 1-minute bins; these are experiment results, not forecasts for demo footage"
benchmarks\original_forecast.json.horizons.10.preview[22].minute,2370,"Synthetic diurnal traffic series, 1-minute bins; these are experiment results, not forecasts for demo footage"
benchmarks\original_forecast.json.horizons.10.preview[22].actual,6.065,"Synthetic diurnal traffic series, 1-minute bins; these are experiment results, not forecasts for demo footage"
benchmarks\original_forecast.json.horizons.10.preview[22].last_value,7.85,"Synthetic diurnal traffic series, 1-minute bins; these are experiment results, not forecasts for demo footage"
benchmarks\original_forecast.json.horizons.10.preview[22].historical_mean,15.607,"Synthetic diurnal traffic series, 1-minute bins; these are experiment results, not forecasts for demo footage"
benchmarks\original_forecast.json.horizons.10.preview[22].moving_average,7.232,"Synthetic diurnal traffic series, 1-minute bins; these are experiment results, not forecasts for demo footage"
benchmarks\original_forecast.json.horizons.10.preview[22].gradient_boosting,9.132,"Synthetic diurnal traffic series, 1-minute bins; these are experiment results, not forecasts for demo footage"
benchmarks\original_forecast.json.horizons.10.preview[23].minute,2373,"Synthetic diurnal traffic series, 1-minute bins; these are experiment results, not forecasts for demo footage"
benchmarks\original_forecast.json.horizons.10.preview[23].actual,8.952,"Synthetic diurnal traffic series, 1-minute bins; these are experiment results, not forecasts for demo footage"
benchmarks\original_forecast.json.horizons.10.preview[23].last_value,4.813,"Synthetic diurnal traffic series, 1-minute bins; these are experiment results, not forecasts for demo footage"
benchmarks\original_forecast.json.horizons.10.preview[23].historical_mean,15.607,"Synthetic diurnal traffic series, 1-minute bins; these are experiment results, not forecasts for demo footage"
benchmarks\original_forecast.json.horizons.10.preview[23].moving_average,6.196,"Synthetic diurnal traffic series, 1-minute bins; these are experiment results, not forecasts for demo footage"
benchmarks\original_forecast.json.horizons.10.preview[23].gradient_boosting,12.057,"Synthetic diurnal traffic series, 1-minute bins; these are experiment results, not forecasts for demo footage"
benchmarks\original_forecast.json.horizons.10.preview[24].minute,2376,"Synthetic diurnal traffic series, 1-minute bins; these are experiment results, not forecasts for demo footage"
benchmarks\original_forecast.json.horizons.10.preview[24].actual,6.244,"Synthetic diurnal traffic series, 1-minute bins; these are experiment results, not forecasts for demo footage"
benchmarks\original_forecast.json.horizons.10.preview[24].last_value,8.444,"Synthetic diurnal traffic series, 1-minute bins; these are experiment results, not forecasts for demo footage"
benchmarks\original_forecast.json.horizons.10.preview[24].historical_mean,15.607,"Synthetic diurnal traffic series, 1-minute bins; these are experiment results, not forecasts for demo footage"
benchmarks\original_forecast.json.horizons.10.preview[24].moving_average,6.093,"Synthetic diurnal traffic series, 1-minute bins; these are experiment results, not forecasts for demo footage"
benchmarks\original_forecast.json.horizons.10.preview[24].gradient_boosting,10.338,"Synthetic diurnal traffic series, 1-minute bins; these are experiment results, not forecasts for demo footage"
benchmarks\original_forecast.json.horizons.10.preview[25].minute,2379,"Synthetic diurnal traffic series, 1-minute bins; these are experiment results, not forecasts for demo footage"
benchmarks\original_forecast.json.horizons.10.preview[25].actual,4.237,"Synthetic diurnal traffic series, 1-minute bins; these are experiment results, not forecasts for demo footage"
benchmarks\original_forecast.json.horizons.10.preview[25].last_value,5.897,"Synthetic diurnal traffic series, 1-minute bins; these are experiment results, not forecasts for demo footage"
benchmarks\original_forecast.json.horizons.10.preview[25].historical_mean,15.607,"Synthetic diurnal traffic series, 1-minute bins; these are experiment results, not forecasts for demo footage"
benchmarks\original_forecast.json.horizons.10.preview[25].moving_average,7.783,"Synthetic diurnal traffic series, 1-minute bins; these are experiment results, not forecasts for demo footage"
benchmarks\original_forecast.json.horizons.10.preview[25].gradient_boosting,9.919,"Synthetic diurnal traffic series, 1-minute bins; these are experiment results, not forecasts for demo footage"
benchmarks\original_forecast.json.horizons.10.preview[26].minute,2382,"Synthetic diurnal traffic series, 1-minute bins; these are experiment results, not forecasts for demo footage"
benchmarks\original_forecast.json.horizons.10.preview[26].actual,3.436,"Synthetic diurnal traffic series, 1-minute bins; these are experiment results, not forecasts for demo footage"
benchmarks\original_forecast.json.horizons.10.preview[26].last_value,11.069,"Synthetic diurnal traffic series, 1-minute bins; these are experiment results, not forecasts for demo footage"
benchmarks\original_forecast.json.horizons.10.preview[26].historical_mean,15.607,"Synthetic diurnal traffic series, 1-minute bins; these are experiment results, not forecasts for demo footage"
benchmarks\original_forecast.json.horizons.10.preview[26].moving_average,8.487,"Synthetic diurnal traffic series, 1-minute bins; these are experiment results, not forecasts for demo footage"
benchmarks\original_forecast.json.horizons.10.preview[26].gradient_boosting,9.597,"Synthetic diurnal traffic series, 1-minute bins; these are experiment results, not forecasts for demo footage"
benchmarks\original_forecast.json.horizons.10.preview[27].minute,2385,"Synthetic diurnal traffic series, 1-minute bins; these are experiment results, not forecasts for demo footage"
benchmarks\original_forecast.json.horizons.10.preview[27].actual,12.66,"Synthetic diurnal traffic series, 1-minute bins; these are experiment results, not forecasts for demo footage"
benchmarks\original_forecast.json.horizons.10.preview[27].last_value,7.053,"Synthetic diurnal traffic series, 1-minute bins; these are experiment results, not forecasts for demo footage"
benchmarks\original_forecast.json.horizons.10.preview[27].historical_mean,15.607,"Synthetic diurnal traffic series, 1-minute bins; these are experiment results, not forecasts for demo footage"
benchmarks\original_forecast.json.horizons.10.preview[27].moving_average,8.609,"Synthetic diurnal traffic series, 1-minute bins; these are experiment results, not forecasts for demo footage"
benchmarks\original_forecast.json.horizons.10.preview[27].gradient_boosting,9.372,"Synthetic diurnal traffic series, 1-minute bins; these are experiment results, not forecasts for demo footage"
benchmarks\original_forecast.json.horizons.10.preview[28].minute,2388,"Synthetic diurnal traffic series, 1-minute bins; these are experiment results, not forecasts for demo footage"
benchmarks\original_forecast.json.horizons.10.preview[28].actual,7.472,"Synthetic diurnal traffic series, 1-minute bins; these are experiment results, not forecasts for demo footage"
benchmarks\original_forecast.json.horizons.10.preview[28].last_value,5.493,"Synthetic diurnal traffic series, 1-minute bins; these are experiment results, not forecasts for demo footage"
benchmarks\original_forecast.json.horizons.10.preview[28].historical_mean,15.607,"Synthetic diurnal traffic series, 1-minute bins; these are experiment results, not forecasts for demo footage"
benchmarks\original_forecast.json.horizons.10.preview[28].moving_average,5.881,"Synthetic diurnal traffic series, 1-minute bins; these are experiment results, not forecasts for demo footage"
benchmarks\original_forecast.json.horizons.10.preview[28].gradient_boosting,11.279,"Synthetic diurnal traffic series, 1-minute bins; these are experiment results, not forecasts for demo footage"
benchmarks\original_forecast.json.horizons.10.preview[29].minute,2391,"Synthetic diurnal traffic series, 1-minute bins; these are experiment results, not forecasts for demo footage"
benchmarks\original_forecast.json.horizons.10.preview[29].actual,9.951,"Synthetic diurnal traffic series, 1-minute bins; these are experiment results, not forecasts for demo footage"
benchmarks\original_forecast.json.horizons.10.preview[29].last_value,3.26,"Synthetic diurnal traffic series, 1-minute bins; these are experiment results, not forecasts for demo footage"
benchmarks\original_forecast.json.horizons.10.preview[29].historical_mean,15.607,"Synthetic diurnal traffic series, 1-minute bins; these are experiment results, not forecasts for demo footage"
benchmarks\original_forecast.json.horizons.10.preview[29].moving_average,4.772,"Synthetic diurnal traffic series, 1-minute bins; these are experiment results, not forecasts for demo footage"
benchmarks\original_forecast.json.horizons.10.preview[29].gradient_boosting,10.029,"Synthetic diurnal traffic series, 1-minute bins; these are experiment results, not forecasts for demo footage"
benchmarks\original_forecast.json.horizons.10.preview[30].minute,2394,"Synthetic diurnal traffic series, 1-minute bins; these are experiment results, not forecasts for demo footage"
benchmarks\original_forecast.json.horizons.10.preview[30].actual,6.701,"Synthetic diurnal traffic series, 1-minute bins; these are experiment results, not forecasts for demo footage"
benchmarks\original_forecast.json.horizons.10.preview[30].last_value,9.424,"Synthetic diurnal traffic series, 1-minute bins; these are experiment results, not forecasts for demo footage"
benchmarks\original_forecast.json.horizons.10.preview[30].historical_mean,15.607,"Synthetic diurnal traffic series, 1-minute bins; these are experiment results, not forecasts for demo footage"
benchmarks\original_forecast.json.horizons.10.preview[30].moving_average,6.049,"Synthetic diurnal traffic series, 1-minute bins; these are experiment results, not forecasts for demo footage"
benchmarks\original_forecast.json.horizons.10.preview[30].gradient_boosting,8.069,"Synthetic diurnal traffic series, 1-minute bins; these are experiment results, not forecasts for demo footage"
benchmarks\original_forecast.json.horizons.10.preview[31].minute,2397,"Synthetic diurnal traffic series, 1-minute bins; these are experiment results, not forecasts for demo footage"
benchmarks\original_forecast.json.horizons.10.preview[31].actual,10.826,"Synthetic diurnal traffic series, 1-minute bins; these are experiment results, not forecasts for demo footage"
benchmarks\original_forecast.json.horizons.10.preview[31].last_value,9.35,"Synthetic diurnal traffic series, 1-minute bins; these are experiment results, not forecasts for demo footage"
benchmarks\original_forecast.json.horizons.10.preview[31].historical_mean,15.607,"Synthetic diurnal traffic series, 1-minute bins; these are experiment results, not forecasts for demo footage"
benchmarks\original_forecast.json.horizons.10.preview[31].moving_average,9.882,"Synthetic diurnal traffic series, 1-minute bins; these are experiment results, not forecasts for demo footage"
benchmarks\original_forecast.json.horizons.10.preview[31].gradient_boosting,7.205,"Synthetic diurnal traffic series, 1-minute bins; these are experiment results, not forecasts for demo footage"
benchmarks\original_forecast.json.horizons.10.preview[32].minute,2400,"Synthetic diurnal traffic series, 1-minute bins; these are experiment results, not forecasts for demo footage"
benchmarks\original_forecast.json.horizons.10.preview[32].actual,10.062,"Synthetic diurnal traffic series, 1-minute bins; these are experiment results, not forecasts for demo footage"
benchmarks\original_forecast.json.horizons.10.preview[32].last_value,6.131,"Synthetic diurnal traffic series, 1-minute bins; these are experiment results, not forecasts for demo footage"
benchmarks\original_forecast.json.horizons.10.preview[32].historical_mean,15.607,"Synthetic diurnal traffic series, 1-minute bins; these are experiment results, not forecasts for demo footage"
benchmarks\original_forecast.json.horizons.10.preview[32].moving_average,8.012,"Synthetic diurnal traffic series, 1-minute bins; these are experiment results, not forecasts for demo footage"
benchmarks\original_forecast.json.horizons.10.preview[32].gradient_boosting,8.037,"Synthetic diurnal traffic series, 1-minute bins; these are experiment results, not forecasts for demo footage"
benchmarks\original_forecast.json.horizons.10.preview[33].minute,2403,"Synthetic diurnal traffic series, 1-minute bins; these are experiment results, not forecasts for demo footage"
benchmarks\original_forecast.json.horizons.10.preview[33].actual,9.928,"Synthetic diurnal traffic series, 1-minute bins; these are experiment results, not forecasts for demo footage"
benchmarks\original_forecast.json.horizons.10.preview[33].last_value,7.478,"Synthetic diurnal traffic series, 1-minute bins; these are experiment results, not forecasts for demo footage"
benchmarks\original_forecast.json.horizons.10.preview[33].historical_mean,15.607,"Synthetic diurnal traffic series, 1-minute bins; these are experiment results, not forecasts for demo footage"
benchmarks\original_forecast.json.horizons.10.preview[33].moving_average,7.616,"Synthetic diurnal traffic series, 1-minute bins; these are experiment results, not forecasts for demo footage"
benchmarks\original_forecast.json.horizons.10.preview[33].gradient_boosting,9.452,"Synthetic diurnal traffic series, 1-minute bins; these are experiment results, not forecasts for demo footage"
benchmarks\original_forecast.json.horizons.10.preview[34].minute,2406,"Synthetic diurnal traffic series, 1-minute bins; these are experiment results, not forecasts for demo footage"
benchmarks\original_forecast.json.horizons.10.preview[34].actual,10.211,"Synthetic diurnal traffic series, 1-minute bins; these are experiment results, not forecasts for demo footage"
benchmarks\original_forecast.json.horizons.10.preview[34].last_value,11.517,"Synthetic diurnal traffic series, 1-minute bins; these are experiment results, not forecasts for demo footage"
benchmarks\original_forecast.json.horizons.10.preview[34].historical_mean,15.607,"Synthetic diurnal traffic series, 1-minute bins; these are experiment results, not forecasts for demo footage"
benchmarks\original_forecast.json.horizons.10.preview[34].moving_average,8.508,"Synthetic diurnal traffic series, 1-minute bins; these are experiment results, not forecasts for demo footage"
benchmarks\original_forecast.json.horizons.10.preview[34].gradient_boosting,9.585,"Synthetic diurnal traffic series, 1-minute bins; these are experiment results, not forecasts for demo footage"
benchmarks\original_forecast.json.horizons.10.preview[35].minute,2409,"Synthetic diurnal traffic series, 1-minute bins; these are experiment results, not forecasts for demo footage"
benchmarks\original_forecast.json.horizons.10.preview[35].actual,12.738,"Synthetic diurnal traffic series, 1-minute bins; these are experiment results, not forecasts for demo footage"
benchmarks\original_forecast.json.horizons.10.preview[35].last_value,10.326,"Synthetic diurnal traffic series, 1-minute bins; these are experiment results, not forecasts for demo footage"
benchmarks\original_forecast.json.horizons.10.preview[35].historical_mean,15.607,"Synthetic diurnal traffic series, 1-minute bins; these are experiment results, not forecasts for demo footage"
benchmarks\original_forecast.json.horizons.10.preview[35].moving_average,10.322,"Synthetic diurnal traffic series, 1-minute bins; these are experiment results, not forecasts for demo footage"
benchmarks\original_forecast.json.horizons.10.preview[35].gradient_boosting,9.757,"Synthetic diurnal traffic series, 1-minute bins; these are experiment results, not forecasts for demo footage"
benchmarks\original_forecast.json.horizons.10.preview[36].minute,2412,"Synthetic diurnal traffic series, 1-minute bins; these are experiment results, not forecasts for demo footage"
benchmarks\original_forecast.json.horizons.10.preview[36].actual,11.227,"Synthetic diurnal traffic series, 1-minute bins; these are experiment results, not forecasts for demo footage"
benchmarks\original_forecast.json.horizons.10.preview[36].last_value,11.204,"Synthetic diurnal traffic series, 1-minute bins; these are experiment results, not forecasts for demo footage"
benchmarks\original_forecast.json.horizons.10.preview[36].historical_mean,15.607,"Synthetic diurnal traffic series, 1-minute bins; these are experiment results, not forecasts for demo footage"
benchmarks\original_forecast.json.horizons.10.preview[36].moving_average,10.17,"Synthetic diurnal traffic series, 1-minute bins; these are experiment results, not forecasts for demo footage"
benchmarks\original_forecast.json.horizons.10.preview[36].gradient_boosting,10.724,"Synthetic diurnal traffic series, 1-minute bins; these are experiment results, not forecasts for demo footage"
benchmarks\original_forecast.json.horizons.10.preview[37].minute,2415,"Synthetic diurnal traffic series, 1-minute bins; these are experiment results, not forecasts for demo footage"
benchmarks\original_forecast.json.horizons.10.preview[37].actual,11.208,"Synthetic diurnal traffic series, 1-minute bins; these are experiment results, not forecasts for demo footage"
benchmarks\original_forecast.json.horizons.10.preview[37].last_value,14.02,"Synthetic diurnal traffic series, 1-minute bins; these are experiment results, not forecasts for demo footage"
benchmarks\original_forecast.json.horizons.10.preview[37].historical_mean,15.607,"Synthetic diurnal traffic series, 1-minute bins; these are experiment results, not forecasts for demo footage"
benchmarks\original_forecast.json.horizons.10.preview[37].moving_average,11.455,"Synthetic diurnal traffic series, 1-minute bins; these are experiment results, not forecasts for demo footage"
benchmarks\original_forecast.json.horizons.10.preview[37].gradient_boosting,11.111,"Synthetic diurnal traffic series, 1-minute bins; these are experiment results, not forecasts for demo footage"
benchmarks\original_forecast.json.horizons.10.preview[38].minute,2418,"Synthetic diurnal traffic series, 1-minute bins; these are experiment results, not forecasts for demo footage"
benchmarks\original_forecast.json.horizons.10.preview[38].actual,7.06,"Synthetic diurnal traffic series, 1-minute bins; these are experiment results, not forecasts for demo footage"
benchmarks\original_forecast.json.horizons.10.preview[38].last_value,11.686,"Synthetic diurnal traffic series, 1-minute bins; these are experiment results, not forecasts for demo footage"
benchmarks\original_forecast.json.horizons.10.preview[38].historical_mean,15.607,"Synthetic diurnal traffic series, 1-minute bins; these are experiment results, not forecasts for demo footage"
benchmarks\original_forecast.json.horizons.10.preview[38].moving_average,12.417,"Synthetic diurnal traffic series, 1-minute bins; these are experiment results, not forecasts for demo footage"
benchmarks\original_forecast.json.horizons.10.preview[38].gradient_boosting,12.36,"Synthetic diurnal traffic series, 1-minute bins; these are experiment results, not forecasts for demo footage"
benchmarks\original_forecast.json.horizons.10.preview[39].minute,2421,"Synthetic diurnal traffic series, 1-minute bins; these are experiment results, not forecasts for demo footage"
benchmarks\original_forecast.json.horizons.10.preview[39].actual,7.361,"Synthetic diurnal traffic series, 1-minute bins; these are experiment results, not forecasts for demo footage"
benchmarks\original_forecast.json.horizons.10.preview[39].last_value,9.384,"Synthetic diurnal traffic series, 1-minute bins; these are experiment results, not forecasts for demo footage"
benchmarks\original_forecast.json.horizons.10.preview[39].historical_mean,15.607,"Synthetic diurnal traffic series, 1-minute bins; these are experiment results, not forecasts for demo footage"
benchmarks\original_forecast.json.horizons.10.preview[39].moving_average,11.752,"Synthetic diurnal traffic series, 1-minute bins; these are experiment results, not forecasts for demo footage"
benchmarks\original_forecast.json.horizons.10.preview[39].gradient_boosting,10.427,"Synthetic diurnal traffic series, 1-minute bins; these are experiment results, not forecasts for demo footage"
benchmarks\original_forecast.json.horizons.10.preview[40].minute,2424,"Synthetic diurnal traffic series, 1-minute bins; these are experiment results, not forecasts for demo footage"
benchmarks\original_forecast.json.horizons.10.preview[40].actual,14.164,"Synthetic diurnal traffic series, 1-minute bins; these are experiment results, not forecasts for demo footage"
benchmarks\original_forecast.json.horizons.10.preview[40].last_value,8.738,"Synthetic diurnal traffic series, 1-minute bins; these are experiment results, not forecasts for demo footage"
benchmarks\original_forecast.json.horizons.10.preview[40].historical_mean,15.607,"Synthetic diurnal traffic series, 1-minute bins; these are experiment results, not forecasts for demo footage"
benchmarks\original_forecast.json.horizons.10.preview[40].moving_average,10.211,"Synthetic diurnal traffic series, 1-minute bins; these are experiment results, not forecasts for demo footage"
benchmarks\original_forecast.json.horizons.10.preview[40].gradient_boosting,10.256,"Synthetic diurnal traffic series, 1-minute bins; these are experiment results, not forecasts for demo footage"
benchmarks\original_forecast.json.horizons.10.preview[41].minute,2427,"Synthetic diurnal traffic series, 1-minute bins; these are experiment results, not forecasts for demo footage"
benchmarks\original_forecast.json.horizons.10.preview[41].actual,13.393,"Synthetic diurnal traffic series, 1-minute bins; these are experiment results, not forecasts for demo footage"
benchmarks\original_forecast.json.horizons.10.preview[41].last_value,5.999,"Synthetic diurnal traffic series, 1-minute bins; these are experiment results, not forecasts for demo footage"
benchmarks\original_forecast.json.horizons.10.preview[41].historical_mean,15.607,"Synthetic diurnal traffic series, 1-minute bins; these are experiment results, not forecasts for demo footage"
benchmarks\original_forecast.json.horizons.10.preview[41].moving_average,8.502,"Synthetic diurnal traffic series, 1-minute bins; these are experiment results, not forecasts for demo footage"
benchmarks\original_forecast.json.horizons.10.preview[41].gradient_boosting,11.424,"Synthetic diurnal traffic series, 1-minute bins; these are experiment results, not forecasts for demo footage"
benchmarks\original_forecast.json.horizons.10.preview[42].minute,2430,"Synthetic diurnal traffic series, 1-minute bins; these are experiment results, not forecasts for demo footage"
benchmarks\original_forecast.json.horizons.10.preview[42].actual,10.225,"Synthetic diurnal traffic series, 1-minute bins; these are experiment results, not forecasts for demo footage"
benchmarks\original_forecast.json.horizons.10.preview[42].last_value,10.545,"Synthetic diurnal traffic series, 1-minute bins; these are experiment results, not forecasts for demo footage"
benchmarks\original_forecast.json.horizons.10.preview[42].historical_mean,15.607,"Synthetic diurnal traffic series, 1-minute bins; these are experiment results, not forecasts for demo footage"
benchmarks\original_forecast.json.horizons.10.preview[42].moving_average,7.697,"Synthetic diurnal traffic series, 1-minute bins; these are experiment results, not forecasts for demo footage"
benchmarks\original_forecast.json.horizons.10.preview[42].gradient_boosting,11.099,"Synthetic diurnal traffic series, 1-minute bins; these are experiment results, not forecasts for demo footage"
benchmarks\original_forecast.json.horizons.10.preview[43].minute,2433,"Synthetic diurnal traffic series, 1-minute bins; these are experiment results, not forecasts for demo footage"
benchmarks\original_forecast.json.horizons.10.preview[43].actual,8.276,"Synthetic diurnal traffic series, 1-minute bins; these are experiment results, not forecasts for demo footage"
benchmarks\original_forecast.json.horizons.10.preview[43].last_value,8.737,"Synthetic diurnal traffic series, 1-minute bins; these are experiment results, not forecasts for demo footage"
benchmarks\original_forecast.json.horizons.10.preview[43].historical_mean,15.607,"Synthetic diurnal traffic series, 1-minute bins; these are experiment results, not forecasts for demo footage"
benchmarks\original_forecast.json.horizons.10.preview[43].moving_average,9.025,"Synthetic diurnal traffic series, 1-minute bins; these are experiment results, not forecasts for demo footage"
benchmarks\original_forecast.json.horizons.10.preview[43].gradient_boosting,10.998,"Synthetic diurnal traffic series, 1-minute bins; these are experiment results, not forecasts for demo footage"
benchmarks\original_forecast.json.horizons.10.preview[44].minute,2436,"Synthetic diurnal traffic series, 1-minute bins; these are experiment results, not forecasts for demo footage"
benchmarks\original_forecast.json.horizons.10.preview[44].actual,10.451,"Synthetic diurnal traffic series, 1-minute bins; these are experiment results, not forecasts for demo footage"
benchmarks\original_forecast.json.horizons.10.preview[44].last_value,12.615,"Synthetic diurnal traffic series, 1-minute bins; these are experiment results, not forecasts for demo footage"
benchmarks\original_forecast.json.horizons.10.preview[44].historical_mean,15.607,"Synthetic diurnal traffic series, 1-minute bins; these are experiment results, not forecasts for demo footage"
benchmarks\original_forecast.json.horizons.10.preview[44].moving_average,12.26,"Synthetic diurnal traffic series, 1-minute bins; these are experiment results, not forecasts for demo footage"
benchmarks\original_forecast.json.horizons.10.preview[44].gradient_boosting,10.1,"Synthetic diurnal traffic series, 1-minute bins; these are experiment results, not forecasts for demo footage"
benchmarks\original_forecast.json.horizons.10.preview[45].minute,2439,"Synthetic diurnal traffic series, 1-minute bins; these are experiment results, not forecasts for demo footage"
benchmarks\original_forecast.json.horizons.10.preview[45].actual,14.954,"Synthetic diurnal traffic series, 1-minute bins; these are experiment results, not forecasts for demo footage"
benchmarks\original_forecast.json.horizons.10.preview[45].last_value,12.596,"Synthetic diurnal traffic series, 1-minute bins; these are experiment results, not forecasts for demo footage"
benchmarks\original_forecast.json.horizons.10.preview[45].historical_mean,15.607,"Synthetic diurnal traffic series, 1-minute bins; these are experiment results, not forecasts for demo footage"
benchmarks\original_forecast.json.horizons.10.preview[45].moving_average,13.063,"Synthetic diurnal traffic series, 1-minute bins; these are experiment results, not forecasts for demo footage"
benchmarks\original_forecast.json.horizons.10.preview[45].gradient_boosting,10.028,"Synthetic diurnal traffic series, 1-minute bins; these are experiment results, not forecasts for demo footage"
benchmarks\original_forecast.json.horizons.10.preview[46].minute,2442,"Synthetic diurnal traffic series, 1-minute bins; these are experiment results, not forecasts for demo footage"
benchmarks\original_forecast.json.horizons.10.preview[46].actual,13.354,"Synthetic diurnal traffic series, 1-minute bins; these are experiment results, not forecasts for demo footage"
benchmarks\original_forecast.json.horizons.10.preview[46].last_value,7.496,"Synthetic diurnal traffic series, 1-minute bins; these are experiment results, not forecasts for demo footage"
benchmarks\original_forecast.json.horizons.10.preview[46].historical_mean,15.607,"Synthetic diurnal traffic series, 1-minute bins; these are experiment results, not forecasts for demo footage"
benchmarks\original_forecast.json.horizons.10.preview[46].moving_average,10.19,"Synthetic diurnal traffic series, 1-minute bins; these are experiment results, not forecasts for demo footage"
benchmarks\original_forecast.json.horizons.10.preview[46].gradient_boosting,10.718,"Synthetic diurnal traffic series, 1-minute bins; these are experiment results, not forecasts for demo footage"
benchmarks\original_forecast.json.horizons.10.preview[47].minute,2445,"Synthetic diurnal traffic series, 1-minute bins; these are experiment results, not forecasts for demo footage"
benchmarks\original_forecast.json.horizons.10.preview[47].actual,13.045,"Synthetic diurnal traffic series, 1-minute bins; these are experiment results, not forecasts for demo footage"
benchmarks\original_forecast.json.horizons.10.preview[47].last_value,12.322,"Synthetic diurnal traffic series, 1-minute bins; these are experiment results, not forecasts for demo footage"
benchmarks\original_forecast.json.horizons.10.preview[47].historical_mean,15.607,"Synthetic diurnal traffic series, 1-minute bins; these are experiment results, not forecasts for demo footage"
benchmarks\original_forecast.json.horizons.10.preview[47].moving_average,9.865,"Synthetic diurnal traffic series, 1-minute bins; these are experiment results, not forecasts for demo footage"
benchmarks\original_forecast.json.horizons.10.preview[47].gradient_boosting,11.199,"Synthetic diurnal traffic series, 1-minute bins; these are experiment results, not forecasts for demo footage"
benchmarks\original_forecast.json.horizons.10.preview[48].minute,2448,"Synthetic diurnal traffic series, 1-minute bins; these are experiment results, not forecasts for demo footage"
benchmarks\original_forecast.json.horizons.10.preview[48].actual,9.834,"Synthetic diurnal traffic series, 1-minute bins; these are experiment results, not forecasts for demo footage"
benchmarks\original_forecast.json.horizons.10.preview[48].last_value,15.303,"Synthetic diurnal traffic series, 1-minute bins; these are experiment results, not forecasts for demo footage"
benchmarks\original_forecast.json.horizons.10.preview[48].historical_mean,15.607,"Synthetic diurnal traffic series, 1-minute bins; these are experiment results, not forecasts for demo footage"
benchmarks\original_forecast.json.horizons.10.preview[48].moving_average,12.559,"Synthetic diurnal traffic series, 1-minute bins; these are experiment results, not forecasts for demo footage"
benchmarks\original_forecast.json.horizons.10.preview[48].gradient_boosting,9.929,"Synthetic diurnal traffic series, 1-minute bins; these are experiment results, not forecasts for demo footage"
benchmarks\original_forecast.json.horizons.10.preview[49].minute,2451,"Synthetic diurnal traffic series, 1-minute bins; these are experiment results, not forecasts for demo footage"
benchmarks\original_forecast.json.horizons.10.preview[49].actual,7.834,"Synthetic diurnal traffic series, 1-minute bins; these are experiment results, not forecasts for demo footage"
benchmarks\original_forecast.json.horizons.10.preview[49].last_value,14.862,"Synthetic diurnal traffic series, 1-minute bins; these are experiment results, not forecasts for demo footage"
benchmarks\original_forecast.json.horizons.10.preview[49].historical_mean,15.607,"Synthetic diurnal traffic series, 1-minute bins; these are experiment results, not forecasts for demo footage"
benchmarks\original_forecast.json.horizons.10.preview[49].moving_average,14.111,"Synthetic diurnal traffic series, 1-minute bins; these are experiment results, not forecasts for demo footage"
benchmarks\original_forecast.json.horizons.10.preview[49].gradient_boosting,10.189,"Synthetic diurnal traffic series, 1-minute bins; these are experiment results, not forecasts for demo footage"
benchmarks\original_forecast.json.horizons.15.models.last_value.mae,3.1145854879007366,"Synthetic diurnal traffic series, 1-minute bins; these are experiment results, not forecasts for demo footage"
benchmarks\original_forecast.json.horizons.15.models.last_value.rmse,3.8791742319278573,"Synthetic diurnal traffic series, 1-minute bins; these are experiment results, not forecasts for demo footage"
benchmarks\original_forecast.json.horizons.15.models.last_value.mape_pct,41.1441122611621,"Synthetic diurnal traffic series, 1-minute bins; these are experiment results, not forecasts for demo footage"
benchmarks\original_forecast.json.horizons.15.models.last_value.mape_excludes_below,1,"Synthetic diurnal traffic series, 1-minute bins; these are experiment results, not forecasts for demo footage"
benchmarks\original_forecast.json.horizons.15.models.historical_mean.mae,6.310765461736342,"Synthetic diurnal traffic series, 1-minute bins; these are experiment results, not forecasts for demo footage"
benchmarks\original_forecast.json.horizons.15.models.historical_mean.rmse,7.15382351336205,"Synthetic diurnal traffic series, 1-minute bins; these are experiment results, not forecasts for demo footage"
benchmarks\original_forecast.json.horizons.15.models.historical_mean.mape_pct,102.14197526008932,"Synthetic diurnal traffic series, 1-minute bins; these are experiment results, not forecasts for demo footage"
benchmarks\original_forecast.json.horizons.15.models.historical_mean.mape_excludes_below,1,"Synthetic diurnal traffic series, 1-minute bins; these are experiment results, not forecasts for demo footage"
benchmarks\original_forecast.json.horizons.15.models.moving_average.mae,2.8583080946451145,"Synthetic diurnal traffic series, 1-minute bins; these are experiment results, not forecasts for demo footage"
benchmarks\original_forecast.json.horizons.15.models.moving_average.rmse,3.498893178119376,"Synthetic diurnal traffic series, 1-minute bins; these are experiment results, not forecasts for demo footage"
benchmarks\original_forecast.json.horizons.15.models.moving_average.mape_pct,39.041658712675904,"Synthetic diurnal traffic series, 1-minute bins; these are experiment results, not forecasts for demo footage"
benchmarks\original_forecast.json.horizons.15.models.moving_average.mape_excludes_below,1,"Synthetic diurnal traffic series, 1-minute bins; these are experiment results, not forecasts for demo footage"
benchmarks\original_forecast.json.horizons.15.models.gradient_boosting.mae,2.4987016204089936,"Synthetic diurnal traffic series, 1-minute bins; these are experiment results, not forecasts for demo footage"
benchmarks\original_forecast.json.horizons.15.models.gradient_boosting.rmse,3.067382066009849,"Synthetic diurnal traffic series, 1-minute bins; these are experiment results, not forecasts for demo footage"
benchmarks\original_forecast.json.horizons.15.models.gradient_boosting.mape_pct,34.46605054431332,"Synthetic diurnal traffic series, 1-minute bins; these are experiment results, not forecasts for demo footage"
benchmarks\original_forecast.json.horizons.15.models.gradient_boosting.mape_excludes_below,1,"Synthetic diurnal traffic series, 1-minute bins; these are experiment results, not forecasts for demo footage"
benchmarks\original_forecast.json.horizons.15.test_points,561,"Synthetic diurnal traffic series, 1-minute bins; these are experiment results, not forecasts for demo footage"
benchmarks\original_forecast.json.horizons.15.preview[0].minute,2304,"Synthetic diurnal traffic series, 1-minute bins; these are experiment results, not forecasts for demo footage"
benchmarks\original_forecast.json.horizons.15.preview[0].actual,7.32,"Synthetic diurnal traffic series, 1-minute bins; these are experiment results, not forecasts for demo footage"
benchmarks\original_forecast.json.horizons.15.preview[0].last_value,6.595,"Synthetic diurnal traffic series, 1-minute bins; these are experiment results, not forecasts for demo footage"
benchmarks\original_forecast.json.horizons.15.preview[0].historical_mean,15.589,"Synthetic diurnal traffic series, 1-minute bins; these are experiment results, not forecasts for demo footage"
benchmarks\original_forecast.json.horizons.15.preview[0].moving_average,9.367,"Synthetic diurnal traffic series, 1-minute bins; these are experiment results, not forecasts for demo footage"
benchmarks\original_forecast.json.horizons.15.preview[0].gradient_boosting,8.939,"Synthetic diurnal traffic series, 1-minute bins; these are experiment results, not forecasts for demo footage"
benchmarks\original_forecast.json.horizons.15.preview[1].minute,2307,"Synthetic diurnal traffic series, 1-minute bins; these are experiment results, not forecasts for demo footage"
benchmarks\original_forecast.json.horizons.15.preview[1].actual,6.137,"Synthetic diurnal traffic series, 1-minute bins; these are experiment results, not forecasts for demo footage"
benchmarks\original_forecast.json.horizons.15.preview[1].last_value,12.141,"Synthetic diurnal traffic series, 1-minute bins; these are experiment results, not forecasts for demo footage"
benchmarks\original_forecast.json.horizons.15.preview[1].historical_mean,15.589,"Synthetic diurnal traffic series, 1-minute bins; these are experiment results, not forecasts for demo footage"
benchmarks\original_forecast.json.horizons.15.preview[1].moving_average,9.298,"Synthetic diurnal traffic series, 1-minute bins; these are experiment results, not forecasts for demo footage"
benchmarks\original_forecast.json.horizons.15.preview[1].gradient_boosting,10.22,"Synthetic diurnal traffic series, 1-minute bins; these are experiment results, not forecasts for demo footage"
benchmarks\original_forecast.json.horizons.15.preview[2].minute,2310,"Synthetic diurnal traffic series, 1-minute bins; these are experiment results, not forecasts for demo footage"
benchmarks\original_forecast.json.horizons.15.preview[2].actual,6.41,"Synthetic diurnal traffic series, 1-minute bins; these are experiment results, not forecasts for demo footage"
benchmarks\original_forecast.json.horizons.15.preview[2].last_value,11.309,"Synthetic diurnal traffic series, 1-minute bins; these are experiment results, not forecasts for demo footage"
benchmarks\original_forecast.json.horizons.15.preview[2].historical_mean,15.589,"Synthetic diurnal traffic series, 1-minute bins; these are experiment results, not forecasts for demo footage"
benchmarks\original_forecast.json.horizons.15.preview[2].moving_average,11.682,"Synthetic diurnal traffic series, 1-minute bins; these are experiment results, not forecasts for demo footage"
benchmarks\original_forecast.json.horizons.15.preview[2].gradient_boosting,10.199,"Synthetic diurnal traffic series, 1-minute bins; these are experiment results, not forecasts for demo footage"
benchmarks\original_forecast.json.horizons.15.preview[3].minute,2313,"Synthetic diurnal traffic series, 1-minute bins; these are experiment results, not forecasts for demo footage"
benchmarks\original_forecast.json.horizons.15.preview[3].actual,7.226,"Synthetic diurnal traffic series, 1-minute bins; these are experiment results, not forecasts for demo footage"
benchmarks\original_forecast.json.horizons.15.preview[3].last_value,8.874,"Synthetic diurnal traffic series, 1-minute bins; these are experiment results, not forecasts for demo footage"
benchmarks\original_forecast.json.horizons.15.preview[3].historical_mean,15.589,"Synthetic diurnal traffic series, 1-minute bins; these are experiment results, not forecasts for demo footage"
benchmarks\original_forecast.json.horizons.15.preview[3].moving_average,11.085,"Synthetic diurnal traffic series, 1-minute bins; these are experiment results, not forecasts for demo footage"
benchmarks\original_forecast.json.horizons.15.preview[3].gradient_boosting,9.372,"Synthetic diurnal traffic series, 1-minute bins; these are experiment results, not forecasts for demo footage"
benchmarks\original_forecast.json.horizons.15.preview[4].minute,2316,"Synthetic diurnal traffic series, 1-minute bins; these are experiment results, not forecasts for demo footage"
benchmarks\original_forecast.json.horizons.15.preview[4].actual,4.762,"Synthetic diurnal traffic series, 1-minute bins; these are experiment results, not forecasts for demo footage"
benchmarks\original_forecast.json.horizons.15.preview[4].last_value,7.602,"Synthetic diurnal traffic series, 1-minute bins; these are experiment results, not forecasts for demo footage"
benchmarks\original_forecast.json.horizons.15.preview[4].historical_mean,15.589,"Synthetic diurnal traffic series, 1-minute bins; these are experiment results, not forecasts for demo footage"
benchmarks\original_forecast.json.horizons.15.preview[4].moving_average,9.126,"Synthetic diurnal traffic series, 1-minute bins; these are experiment results, not forecasts for demo footage"
benchmarks\original_forecast.json.horizons.15.preview[4].gradient_boosting,9.085,"Synthetic diurnal traffic series, 1-minute bins; these are experiment results, not forecasts for demo footage"
benchmarks\original_forecast.json.horizons.15.preview[5].minute,2319,"Synthetic diurnal traffic series, 1-minute bins; these are experiment results, not forecasts for demo footage"
benchmarks\original_forecast.json.horizons.15.preview[5].actual,5.475,"Synthetic diurnal traffic series, 1-minute bins; these are experiment results, not forecasts for demo footage"
benchmarks\original_forecast.json.horizons.15.preview[5].last_value,7.32,"Synthetic diurnal traffic series, 1-minute bins; these are experiment results, not forecasts for demo footage"
benchmarks\original_forecast.json.horizons.15.preview[5].historical_mean,15.589,"Synthetic diurnal traffic series, 1-minute bins; these are experiment results, not forecasts for demo footage"
benchmarks\original_forecast.json.horizons.15.preview[5].moving_average,7.87,"Synthetic diurnal traffic series, 1-minute bins; these are experiment results, not forecasts for demo footage"
benchmarks\original_forecast.json.horizons.15.preview[5].gradient_boosting,11.269,"Synthetic diurnal traffic series, 1-minute bins; these are experiment results, not forecasts for demo footage"
benchmarks\original_forecast.json.horizons.15.preview[6].minute,2322,"Synthetic diurnal traffic series, 1-minute bins; these are experiment results, not forecasts for demo footage"
benchmarks\original_forecast.json.horizons.15.preview[6].actual,9.211,"Synthetic diurnal traffic series, 1-minute bins; these are experiment results, not forecasts for demo footage"
benchmarks\original_forecast.json.horizons.15.preview[6].last_value,6.137,"Synthetic diurnal traffic series, 1-minute bins; these are experiment results, not forecasts for demo footage"
benchmarks\original_forecast.json.horizons.15.preview[6].historical_mean,15.589,"Synthetic diurnal traffic series, 1-minute bins; these are experiment results, not forecasts for demo footage"
benchmarks\original_forecast.json.horizons.15.preview[6].moving_average,7.283,"Synthetic diurnal traffic series, 1-minute bins; these are experiment results, not forecasts for demo footage"
benchmarks\original_forecast.json.horizons.15.preview[6].gradient_boosting,11.803,"Synthetic diurnal traffic series, 1-minute bins; these are experiment results, not forecasts for demo footage"
benchmarks\original_forecast.json.horizons.15.preview[7].minute,2325,"Synthetic diurnal traffic series, 1-minute bins; these are experiment results, not forecasts for demo footage"
benchmarks\original_forecast.json.horizons.15.preview[7].actual,6.755,"Synthetic diurnal traffic series, 1-minute bins; these are experiment results, not forecasts for demo footage"
benchmarks\original_forecast.json.horizons.15.preview[7].last_value,6.41,"Synthetic diurnal traffic series, 1-minute bins; these are experiment results, not forecasts for demo footage"
benchmarks\original_forecast.json.horizons.15.preview[7].historical_mean,15.589,"Synthetic diurnal traffic series, 1-minute bins; these are experiment results, not forecasts for demo footage"
benchmarks\original_forecast.json.horizons.15.preview[7].moving_average,7.623,"Synthetic diurnal traffic series, 1-minute bins; these are experiment results, not forecasts for demo footage"
benchmarks\original_forecast.json.horizons.15.preview[7].gradient_boosting,9.559,"Synthetic diurnal traffic series, 1-minute bins; these are experiment results, not forecasts for demo footage"
benchmarks\original_forecast.json.horizons.15.preview[8].minute,2328,"Synthetic diurnal traffic series, 1-minute bins; these are experiment results, not forecasts for demo footage"
benchmarks\original_forecast.json.horizons.15.preview[8].actual,10.795,"Synthetic diurnal traffic series, 1-minute bins; these are experiment results, not forecasts for demo footage"
benchmarks\original_forecast.json.horizons.15.preview[8].last_value,7.226,"Synthetic diurnal traffic series, 1-minute bins; these are experiment results, not forecasts for demo footage"
benchmarks\original_forecast.json.horizons.15.preview[8].historical_mean,15.589,"Synthetic diurnal traffic series, 1-minute bins; these are experiment results, not forecasts for demo footage"
benchmarks\original_forecast.json.horizons.15.preview[8].moving_average,7.339,"Synthetic diurnal traffic series, 1-minute bins; these are experiment results, not forecasts for demo footage"
benchmarks\original_forecast.json.horizons.15.preview[8].gradient_boosting,9.788,"Synthetic diurnal traffic series, 1-minute bins; these are experiment results, not forecasts for demo footage"
benchmarks\original_forecast.json.horizons.15.preview[9].minute,2331,"Synthetic diurnal traffic series, 1-minute bins; these are experiment results, not forecasts for demo footage"
benchmarks\original_forecast.json.horizons.15.preview[9].actual,4.95,"Synthetic diurnal traffic series, 1-minute bins; these are experiment results, not forecasts for demo footage"
benchmarks\original_forecast.json.horizons.15.preview[9].last_value,4.762,"Synthetic diurnal traffic series, 1-minute bins; these are experiment results, not forecasts for demo footage"
benchmarks\original_forecast.json.horizons.15.preview[9].historical_mean,15.589,"Synthetic diurnal traffic series, 1-minute bins; these are experiment results, not forecasts for demo footage"
benchmarks\original_forecast.json.horizons.15.preview[9].moving_average,6.234,"Synthetic diurnal traffic series, 1-minute bins; these are experiment results, not forecasts for demo footage"
benchmarks\original_forecast.json.horizons.15.preview[9].gradient_boosting,8.225,"Synthetic diurnal traffic series, 1-minute bins; these are experiment results, not forecasts for demo footage"
benchmarks\original_forecast.json.horizons.15.preview[10].minute,2334,"Synthetic diurnal traffic series, 1-minute bins; these are experiment results, not forecasts for demo footage"
benchmarks\original_forecast.json.horizons.15.preview[10].actual,7.454,"Synthetic diurnal traffic series, 1-minute bins; these are experiment results, not forecasts for demo footage"
benchmarks\original_forecast.json.horizons.15.preview[10].last_value,5.475,"Synthetic diurnal traffic series, 1-minute bins; these are experiment results, not forecasts for demo footage"
benchmarks\original_forecast.json.horizons.15.preview[10].historical_mean,15.589,"Synthetic diurnal traffic series, 1-minute bins; these are experiment results, not forecasts for demo footage"
benchmarks\original_forecast.json.horizons.15.preview[10].moving_average,5.341,"Synthetic diurnal traffic series, 1-minute bins; these are experiment results, not forecasts for demo footage"
benchmarks\original_forecast.json.horizons.15.preview[10].gradient_boosting,8.077,"Synthetic diurnal traffic series, 1-minute bins; these are experiment results, not forecasts for demo footage"
benchmarks\original_forecast.json.horizons.15.preview[11].minute,2337,"Synthetic diurnal traffic series, 1-minute bins; these are experiment results, not forecasts for demo footage"
benchmarks\original_forecast.json.horizons.15.preview[11].actual,10.668,"Synthetic diurnal traffic series, 1-minute bins; these are experiment results, not forecasts for demo footage"
benchmarks\original_forecast.json.horizons.15.preview[11].last_value,9.211,"Synthetic diurnal traffic series, 1-minute bins; these are experiment results, not forecasts for demo footage"
benchmarks\original_forecast.json.horizons.15.preview[11].historical_mean,15.589,"Synthetic diurnal traffic series, 1-minute bins; these are experiment results, not forecasts for demo footage"
benchmarks\original_forecast.json.horizons.15.preview[11].moving_average,6.278,"Synthetic diurnal traffic series, 1-minute bins; these are experiment results, not forecasts for demo footage"
benchmarks\original_forecast.json.horizons.15.preview[11].gradient_boosting,7.452,"Synthetic diurnal traffic series, 1-minute bins; these are experiment results, not forecasts for demo footage"
benchmarks\original_forecast.json.horizons.15.preview[12].minute,2340,"Synthetic diurnal traffic series, 1-minute bins; these are experiment results, not forecasts for demo footage"
benchmarks\original_forecast.json.horizons.15.preview[12].actual,11.027,"Synthetic diurnal traffic series, 1-minute bins; these are experiment results, not forecasts for demo footage"
benchmarks\original_forecast.json.horizons.15.preview[12].last_value,6.755,"Synthetic diurnal traffic series, 1-minute bins; these are experiment results, not forecasts for demo footage"
benchmarks\original_forecast.json.horizons.15.preview[12].historical_mean,15.589,"Synthetic diurnal traffic series, 1-minute bins; these are experiment results, not forecasts for demo footage"
benchmarks\original_forecast.json.horizons.15.preview[12].moving_average,7.242,"Synthetic diurnal traffic series, 1-minute bins; these are experiment results, not forecasts for demo footage"
benchmarks\original_forecast.json.horizons.15.preview[12].gradient_boosting,7.057,"Synthetic diurnal traffic series, 1-minute bins; these are experiment results, not forecasts for demo footage"
benchmarks\original_forecast.json.horizons.15.preview[13].minute,2343,"Synthetic diurnal traffic series, 1-minute bins; these are experiment results, not forecasts for demo footage"
benchmarks\original_forecast.json.horizons.15.preview[13].actual,8.787,"Synthetic diurnal traffic series, 1-minute bins; these are experiment results, not forecasts for demo footage"
benchmarks\original_forecast.json.horizons.15.preview[13].last_value,10.795,"Synthetic diurnal traffic series, 1-minute bins; these are experiment results, not forecasts for demo footage"
benchmarks\original_forecast.json.horizons.15.preview[13].historical_mean,15.589,"Synthetic diurnal traffic series, 1-minute bins; these are experiment results, not forecasts for demo footage"
benchmarks\original_forecast.json.horizons.15.preview[13].moving_average,8.658,"Synthetic diurnal traffic series, 1-minute bins; these are experiment results, not forecasts for demo footage"
benchmarks\original_forecast.json.horizons.15.preview[13].gradient_boosting,7.153,"Synthetic diurnal traffic series, 1-minute bins; these are experiment results, not forecasts for demo footage"
benchmarks\original_forecast.json.horizons.15.preview[14].minute,2346,"Synthetic diurnal traffic series, 1-minute bins; these are experiment results, not forecasts for demo footage"
benchmarks\original_forecast.json.horizons.15.preview[14].actual,11.367,"Synthetic diurnal traffic series, 1-minute bins; these are experiment results, not forecasts for demo footage"
benchmarks\original_forecast.json.horizons.15.preview[14].last_value,4.95,"Synthetic diurnal traffic series, 1-minute bins; these are experiment results, not forecasts for demo footage"
benchmarks\original_forecast.json.horizons.15.preview[14].historical_mean,15.589,"Synthetic diurnal traffic series, 1-minute bins; these are experiment results, not forecasts for demo footage"
benchmarks\original_forecast.json.horizons.15.preview[14].moving_average,7.635,"Synthetic diurnal traffic series, 1-minute bins; these are experiment results, not forecasts for demo footage"
benchmarks\original_forecast.json.horizons.15.preview[14].gradient_boosting,7.424,"Synthetic diurnal traffic series, 1-minute bins; these are experiment results, not forecasts for demo footage"
benchmarks\original_forecast.json.horizons.15.preview[15].minute,2349,"Synthetic diurnal traffic series, 1-minute bins; these are experiment results, not forecasts for demo footage"
benchmarks\original_forecast.json.horizons.15.preview[15].actual,8.181,"Synthetic diurnal traffic series, 1-minute bins; these are experiment results, not forecasts for demo footage"
benchmarks\original_forecast.json.horizons.15.preview[15].last_value,7.454,"Synthetic diurnal traffic series, 1-minute bins; these are experiment results, not forecasts for demo footage"
benchmarks\original_forecast.json.horizons.15.preview[15].historical_mean,15.589,"Synthetic diurnal traffic series, 1-minute bins; these are experiment results, not forecasts for demo footage"
benchmarks\original_forecast.json.horizons.15.preview[15].moving_average,6.797,"Synthetic diurnal traffic series, 1-minute bins; these are experiment results, not forecasts for demo footage"
benchmarks\original_forecast.json.horizons.15.preview[15].gradient_boosting,7.721,"Synthetic diurnal traffic series, 1-minute bins; these are experiment results, not forecasts for demo footage"
benchmarks\original_forecast.json.horizons.15.preview[16].minute,2352,"Synthetic diurnal traffic series, 1-minute bins; these are experiment results, not forecasts for demo footage"
benchmarks\original_forecast.json.horizons.15.preview[16].actual,6.643,"Synthetic diurnal traffic series, 1-minute bins; these are experiment results, not forecasts for demo footage"
benchmarks\original_forecast.json.horizons.15.preview[16].last_value,10.668,"Synthetic diurnal traffic series, 1-minute bins; these are experiment results, not forecasts for demo footage"
benchmarks\original_forecast.json.horizons.15.preview[16].historical_mean,15.589,"Synthetic diurnal traffic series, 1-minute bins; these are experiment results, not forecasts for demo footage"
benchmarks\original_forecast.json.horizons.15.preview[16].moving_average,8.958,"Synthetic diurnal traffic series, 1-minute bins; these are experiment results, not forecasts for demo footage"
benchmarks\original_forecast.json.horizons.15.preview[16].gradient_boosting,7.963,"Synthetic diurnal traffic series, 1-minute bins; these are experiment results, not forecasts for demo footage"
benchmarks\original_forecast.json.horizons.15.preview[17].minute,2355,"Synthetic diurnal traffic series, 1-minute bins; these are experiment results, not forecasts for demo footage"
benchmarks\original_forecast.json.horizons.15.preview[17].actual,7.85,"Synthetic diurnal traffic series, 1-minute bins; these are experiment results, not forecasts for demo footage"
benchmarks\original_forecast.json.horizons.15.preview[17].last_value,11.027,"Synthetic diurnal traffic series, 1-minute bins; these are experiment results, not forecasts for demo footage"
benchmarks\original_forecast.json.horizons.15.preview[17].historical_mean,15.589,"Synthetic diurnal traffic series, 1-minute bins; these are experiment results, not forecasts for demo footage"
benchmarks\original_forecast.json.horizons.15.preview[17].moving_average,11.081,"Synthetic diurnal traffic series, 1-minute bins; these are experiment results, not forecasts for demo footage"
benchmarks\original_forecast.json.horizons.15.preview[17].gradient_boosting,9.032,"Synthetic diurnal traffic series, 1-minute bins; these are experiment results, not forecasts for demo footage"
benchmarks\original_forecast.json.horizons.15.preview[18].minute,2358,"Synthetic diurnal traffic series, 1-minute bins; these are experiment results, not forecasts for demo footage"
benchmarks\original_forecast.json.horizons.15.preview[18].actual,4.813,"Synthetic diurnal traffic series, 1-minute bins; these are experiment results, not forecasts for demo footage"
benchmarks\original_forecast.json.horizons.15.preview[18].last_value,8.787,"Synthetic diurnal traffic series, 1-minute bins; these are experiment results, not forecasts for demo footage"
benchmarks\original_forecast.json.horizons.15.preview[18].historical_mean,15.589,"Synthetic diurnal traffic series, 1-minute bins; these are experiment results, not forecasts for demo footage"
benchmarks\original_forecast.json.horizons.15.preview[18].moving_average,10.934,"Synthetic diurnal traffic series, 1-minute bins; these are experiment results, not forecasts for demo footage"
benchmarks\original_forecast.json.horizons.15.preview[18].gradient_boosting,7.965,"Synthetic diurnal traffic series, 1-minute bins; these are experiment results, not forecasts for demo footage"
benchmarks\original_forecast.json.horizons.15.preview[19].minute,2361,"Synthetic diurnal traffic series, 1-minute bins; these are experiment results, not forecasts for demo footage"
benchmarks\original_forecast.json.horizons.15.preview[19].actual,8.444,"Synthetic diurnal traffic series, 1-minute bins; these are experiment results, not forecasts for demo footage"
benchmarks\original_forecast.json.horizons.15.preview[19].last_value,11.367,"Synthetic diurnal traffic series, 1-minute bins; these are experiment results, not forecasts for demo footage"
benchmarks\original_forecast.json.horizons.15.preview[19].historical_mean,15.589,"Synthetic diurnal traffic series, 1-minute bins; these are experiment results, not forecasts for demo footage"
benchmarks\original_forecast.json.horizons.15.preview[19].moving_average,9.965,"Synthetic diurnal traffic series, 1-minute bins; these are experiment results, not forecasts for demo footage"
benchmarks\original_forecast.json.horizons.15.preview[19].gradient_boosting,9.4,"Synthetic diurnal traffic series, 1-minute bins; these are experiment results, not forecasts for demo footage"
benchmarks\original_forecast.json.horizons.15.preview[20].minute,2364,"Synthetic diurnal traffic series, 1-minute bins; these are experiment results, not forecasts for demo footage"
benchmarks\original_forecast.json.horizons.15.preview[20].actual,5.897,"Synthetic diurnal traffic series, 1-minute bins; these are experiment results, not forecasts for demo footage"
benchmarks\original_forecast.json.horizons.15.preview[20].last_value,8.181,"Synthetic diurnal traffic series, 1-minute bins; these are experiment results, not forecasts for demo footage"
benchmarks\original_forecast.json.horizons.15.preview[20].historical_mean,15.589,"Synthetic diurnal traffic series, 1-minute bins; these are experiment results, not forecasts for demo footage"
benchmarks\original_forecast.json.horizons.15.preview[20].moving_average,9.578,"Synthetic diurnal traffic series, 1-minute bins; these are experiment results, not forecasts for demo footage"
benchmarks\original_forecast.json.horizons.15.preview[20].gradient_boosting,9.435,"Synthetic diurnal traffic series, 1-minute bins; these are experiment results, not forecasts for demo footage"
benchmarks\original_forecast.json.horizons.15.preview[21].minute,2367,"Synthetic diurnal traffic series, 1-minute bins; these are experiment results, not forecasts for demo footage"
benchmarks\original_forecast.json.horizons.15.preview[21].actual,11.069,"Synthetic diurnal traffic series, 1-minute bins; these are experiment results, not forecasts for demo footage"
benchmarks\original_forecast.json.horizons.15.preview[21].last_value,6.643,"Synthetic diurnal traffic series, 1-minute bins; these are experiment results, not forecasts for demo footage"
benchmarks\original_forecast.json.horizons.15.preview[21].historical_mean,15.589,"Synthetic diurnal traffic series, 1-minute bins; these are experiment results, not forecasts for demo footage"
benchmarks\original_forecast.json.horizons.15.preview[21].moving_average,7.973,"Synthetic diurnal traffic series, 1-minute bins; these are experiment results, not forecasts for demo footage"
benchmarks\original_forecast.json.horizons.15.preview[21].gradient_boosting,10.536,"Synthetic diurnal traffic series, 1-minute bins; these are experiment results, not forecasts for demo footage"
benchmarks\original_forecast.json.horizons.15.preview[22].minute,2370,"Synthetic diurnal traffic series, 1-minute bins; these are experiment results, not forecasts for demo footage"
benchmarks\original_forecast.json.horizons.15.preview[22].actual,7.053,"Synthetic diurnal traffic series, 1-minute bins; these are experiment results, not forecasts for demo footage"
benchmarks\original_forecast.json.horizons.15.preview[22].last_value,7.85,"Synthetic diurnal traffic series, 1-minute bins; these are experiment results, not forecasts for demo footage"
benchmarks\original_forecast.json.horizons.15.preview[22].historical_mean,15.589,"Synthetic diurnal traffic series, 1-minute bins; these are experiment results, not forecasts for demo footage"
benchmarks\original_forecast.json.horizons.15.preview[22].moving_average,7.232,"Synthetic diurnal traffic series, 1-minute bins; these are experiment results, not forecasts for demo footage"
benchmarks\original_forecast.json.horizons.15.preview[22].gradient_boosting,10.07,"Synthetic diurnal traffic series, 1-minute bins; these are experiment results, not forecasts for demo footage"
benchmarks\original_forecast.json.horizons.15.preview[23].minute,2373,"Synthetic diurnal traffic series, 1-minute bins; these are experiment results, not forecasts for demo footage"
benchmarks\original_forecast.json.horizons.15.preview[23].actual,5.493,"Synthetic diurnal traffic series, 1-minute bins; these are experiment results, not forecasts for demo footage"
benchmarks\original_forecast.json.horizons.15.preview[23].last_value,4.813,"Synthetic diurnal traffic series, 1-minute bins; these are experiment results, not forecasts for demo footage"
benchmarks\original_forecast.json.horizons.15.preview[23].historical_mean,15.589,"Synthetic diurnal traffic series, 1-minute bins; these are experiment results, not forecasts for demo footage"
benchmarks\original_forecast.json.horizons.15.preview[23].moving_average,6.196,"Synthetic diurnal traffic series, 1-minute bins; these are experiment results, not forecasts for demo footage"
benchmarks\original_forecast.json.horizons.15.preview[23].gradient_boosting,8.308,"Synthetic diurnal traffic series, 1-minute bins; these are experiment results, not forecasts for demo footage"
benchmarks\original_forecast.json.horizons.15.preview[24].minute,2376,"Synthetic diurnal traffic series, 1-minute bins; these are experiment results, not forecasts for demo footage"
benchmarks\original_forecast.json.horizons.15.preview[24].actual,3.26,"Synthetic diurnal traffic series, 1-minute bins; these are experiment results, not forecasts for demo footage"
benchmarks\original_forecast.json.horizons.15.preview[24].last_value,8.444,"Synthetic diurnal traffic series, 1-minute bins; these are experiment results, not forecasts for demo footage"
benchmarks\original_forecast.json.horizons.15.preview[24].historical_mean,15.589,"Synthetic diurnal traffic series, 1-minute bins; these are experiment results, not forecasts for demo footage"
benchmarks\original_forecast.json.horizons.15.preview[24].moving_average,6.093,"Synthetic diurnal traffic series, 1-minute bins; these are experiment results, not forecasts for demo footage"
benchmarks\original_forecast.json.horizons.15.preview[24].gradient_boosting,6.994,"Synthetic diurnal traffic series, 1-minute bins; these are experiment results, not forecasts for demo footage"
benchmarks\original_forecast.json.horizons.15.preview[25].minute,2379,"Synthetic diurnal traffic series, 1-minute bins; these are experiment results, not forecasts for demo footage"
benchmarks\original_forecast.json.horizons.15.preview[25].actual,9.424,"Synthetic diurnal traffic series, 1-minute bins; these are experiment results, not forecasts for demo footage"
benchmarks\original_forecast.json.horizons.15.preview[25].last_value,5.897,"Synthetic diurnal traffic series, 1-minute bins; these are experiment results, not forecasts for demo footage"
benchmarks\original_forecast.json.horizons.15.preview[25].historical_mean,15.589,"Synthetic diurnal traffic series, 1-minute bins; these are experiment results, not forecasts for demo footage"
benchmarks\original_forecast.json.horizons.15.preview[25].moving_average,7.783,"Synthetic diurnal traffic series, 1-minute bins; these are experiment results, not forecasts for demo footage"
benchmarks\original_forecast.json.horizons.15.preview[25].gradient_boosting,8.903,"Synthetic diurnal traffic series, 1-minute bins; these are experiment results, not forecasts for demo footage"
benchmarks\original_forecast.json.horizons.15.preview[26].minute,2382,"Synthetic diurnal traffic series, 1-minute bins; these are experiment results, not forecasts for demo footage"
benchmarks\original_forecast.json.horizons.15.preview[26].actual,9.35,"Synthetic diurnal traffic series, 1-minute bins; these are experiment results, not forecasts for demo footage"
benchmarks\original_forecast.json.horizons.15.preview[26].last_value,11.069,"Synthetic diurnal traffic series, 1-minute bins; these are experiment results, not forecasts for demo footage"
benchmarks\original_forecast.json.horizons.15.preview[26].historical_mean,15.589,"Synthetic diurnal traffic series, 1-minute bins; these are experiment results, not forecasts for demo footage"
benchmarks\original_forecast.json.horizons.15.preview[26].moving_average,8.487,"Synthetic diurnal traffic series, 1-minute bins; these are experiment results, not forecasts for demo footage"
benchmarks\original_forecast.json.horizons.15.preview[26].gradient_boosting,7.522,"Synthetic diurnal traffic series, 1-minute bins; these are experiment results, not forecasts for demo footage"
benchmarks\original_forecast.json.horizons.15.preview[27].minute,2385,"Synthetic diurnal traffic series, 1-minute bins; these are experiment results, not forecasts for demo footage"
benchmarks\original_forecast.json.horizons.15.preview[27].actual,6.131,"Synthetic diurnal traffic series, 1-minute bins; these are experiment results, not forecasts for demo footage"
benchmarks\original_forecast.json.horizons.15.preview[27].last_value,7.053,"Synthetic diurnal traffic series, 1-minute bins; these are experiment results, not forecasts for demo footage"
benchmarks\original_forecast.json.horizons.15.preview[27].historical_mean,15.589,"Synthetic diurnal traffic series, 1-minute bins; these are experiment results, not forecasts for demo footage"
benchmarks\original_forecast.json.horizons.15.preview[27].moving_average,8.609,"Synthetic diurnal traffic series, 1-minute bins; these are experiment results, not forecasts for demo footage"
benchmarks\original_forecast.json.horizons.15.preview[27].gradient_boosting,7.819,"Synthetic diurnal traffic series, 1-minute bins; these are experiment results, not forecasts for demo footage"
benchmarks\original_forecast.json.horizons.15.preview[28].minute,2388,"Synthetic diurnal traffic series, 1-minute bins; these are experiment results, not forecasts for demo footage"
benchmarks\original_forecast.json.horizons.15.preview[28].actual,7.478,"Synthetic diurnal traffic series, 1-minute bins; these are experiment results, not forecasts for demo footage"
benchmarks\original_forecast.json.horizons.15.preview[28].last_value,5.493,"Synthetic diurnal traffic series, 1-minute bins; these are experiment results, not forecasts for demo footage"
benchmarks\original_forecast.json.horizons.15.preview[28].historical_mean,15.589,"Synthetic diurnal traffic series, 1-minute bins; these are experiment results, not forecasts for demo footage"
benchmarks\original_forecast.json.horizons.15.preview[28].moving_average,5.881,"Synthetic diurnal traffic series, 1-minute bins; these are experiment results, not forecasts for demo footage"
benchmarks\original_forecast.json.horizons.15.preview[28].gradient_boosting,7.188,"Synthetic diurnal traffic series, 1-minute bins; these are experiment results, not forecasts for demo footage"
benchmarks\original_forecast.json.horizons.15.preview[29].minute,2391,"Synthetic diurnal traffic series, 1-minute bins; these are experiment results, not forecasts for demo footage"
benchmarks\original_forecast.json.horizons.15.preview[29].actual,11.517,"Synthetic diurnal traffic series, 1-minute bins; these are experiment results, not forecasts for demo footage"
benchmarks\original_forecast.json.horizons.15.preview[29].last_value,3.26,"Synthetic diurnal traffic series, 1-minute bins; these are experiment results, not forecasts for demo footage"
benchmarks\original_forecast.json.horizons.15.preview[29].historical_mean,15.589,"Synthetic diurnal traffic series, 1-minute bins; these are experiment results, not forecasts for demo footage"
benchmarks\original_forecast.json.horizons.15.preview[29].moving_average,4.772,"Synthetic diurnal traffic series, 1-minute bins; these are experiment results, not forecasts for demo footage"
benchmarks\original_forecast.json.horizons.15.preview[29].gradient_boosting,7.595,"Synthetic diurnal traffic series, 1-minute bins; these are experiment results, not forecasts for demo footage"
benchmarks\original_forecast.json.horizons.15.preview[30].minute,2394,"Synthetic diurnal traffic series, 1-minute bins; these are experiment results, not forecasts for demo footage"
benchmarks\original_forecast.json.horizons.15.preview[30].actual,10.326,"Synthetic diurnal traffic series, 1-minute bins; these are experiment results, not forecasts for demo footage"
benchmarks\original_forecast.json.horizons.15.preview[30].last_value,9.424,"Synthetic diurnal traffic series, 1-minute bins; these are experiment results, not forecasts for demo footage"
benchmarks\original_forecast.json.horizons.15.preview[30].historical_mean,15.589,"Synthetic diurnal traffic series, 1-minute bins; these are experiment results, not forecasts for demo footage"
benchmarks\original_forecast.json.horizons.15.preview[30].moving_average,6.049,"Synthetic diurnal traffic series, 1-minute bins; these are experiment results, not forecasts for demo footage"
benchmarks\original_forecast.json.horizons.15.preview[30].gradient_boosting,8.712,"Synthetic diurnal traffic series, 1-minute bins; these are experiment results, not forecasts for demo footage"
benchmarks\original_forecast.json.horizons.15.preview[31].minute,2397,"Synthetic diurnal traffic series, 1-minute bins; these are experiment results, not forecasts for demo footage"
benchmarks\original_forecast.json.horizons.15.preview[31].actual,11.204,"Synthetic diurnal traffic series, 1-minute bins; these are experiment results, not forecasts for demo footage"
benchmarks\original_forecast.json.horizons.15.preview[31].last_value,9.35,"Synthetic diurnal traffic series, 1-minute bins; these are experiment results, not forecasts for demo footage"
benchmarks\original_forecast.json.horizons.15.preview[31].historical_mean,15.589,"Synthetic diurnal traffic series, 1-minute bins; these are experiment results, not forecasts for demo footage"
benchmarks\original_forecast.json.horizons.15.preview[31].moving_average,9.882,"Synthetic diurnal traffic series, 1-minute bins; these are experiment results, not forecasts for demo footage"
benchmarks\original_forecast.json.horizons.15.preview[31].gradient_boosting,9.449,"Synthetic diurnal traffic series, 1-minute bins; these are experiment results, not forecasts for demo footage"
benchmarks\original_forecast.json.horizons.15.preview[32].minute,2400,"Synthetic diurnal traffic series, 1-minute bins; these are experiment results, not forecasts for demo footage"
benchmarks\original_forecast.json.horizons.15.preview[32].actual,14.02,"Synthetic diurnal traffic series, 1-minute bins; these are experiment results, not forecasts for demo footage"
benchmarks\original_forecast.json.horizons.15.preview[32].last_value,6.131,"Synthetic diurnal traffic series, 1-minute bins; these are experiment results, not forecasts for demo footage"
benchmarks\original_forecast.json.horizons.15.preview[32].historical_mean,15.589,"Synthetic diurnal traffic series, 1-minute bins; these are experiment results, not forecasts for demo footage"
benchmarks\original_forecast.json.horizons.15.preview[32].moving_average,8.012,"Synthetic diurnal traffic series, 1-minute bins; these are experiment results, not forecasts for demo footage"
benchmarks\original_forecast.json.horizons.15.preview[32].gradient_boosting,9.473,"Synthetic diurnal traffic series, 1-minute bins; these are experiment results, not forecasts for demo footage"
benchmarks\original_forecast.json.horizons.15.preview[33].minute,2403,"Synthetic diurnal traffic series, 1-minute bins; these are experiment results, not forecasts for demo footage"
benchmarks\original_forecast.json.horizons.15.preview[33].actual,11.686,"Synthetic diurnal traffic series, 1-minute bins; these are experiment results, not forecasts for demo footage"
benchmarks\original_forecast.json.horizons.15.preview[33].last_value,7.478,"Synthetic diurnal traffic series, 1-minute bins; these are experiment results, not forecasts for demo footage"
benchmarks\original_forecast.json.horizons.15.preview[33].historical_mean,15.589,"Synthetic diurnal traffic series, 1-minute bins; these are experiment results, not forecasts for demo footage"
benchmarks\original_forecast.json.horizons.15.preview[33].moving_average,7.616,"Synthetic diurnal traffic series, 1-minute bins; these are experiment results, not forecasts for demo footage"
benchmarks\original_forecast.json.horizons.15.preview[33].gradient_boosting,9.128,"Synthetic diurnal traffic series, 1-minute bins; these are experiment results, not forecasts for demo footage"
benchmarks\original_forecast.json.horizons.15.preview[34].minute,2406,"Synthetic diurnal traffic series, 1-minute bins; these are experiment results, not forecasts for demo footage"
benchmarks\original_forecast.json.horizons.15.preview[34].actual,9.384,"Synthetic diurnal traffic series, 1-minute bins; these are experiment results, not forecasts for demo footage"
benchmarks\original_forecast.json.horizons.15.preview[34].last_value,11.517,"Synthetic diurnal traffic series, 1-minute bins; these are experiment results, not forecasts for demo footage"
benchmarks\original_forecast.json.horizons.15.preview[34].historical_mean,15.589,"Synthetic diurnal traffic series, 1-minute bins; these are experiment results, not forecasts for demo footage"
benchmarks\original_forecast.json.horizons.15.preview[34].moving_average,8.508,"Synthetic diurnal traffic series, 1-minute bins; these are experiment results, not forecasts for demo footage"
benchmarks\original_forecast.json.horizons.15.preview[34].gradient_boosting,10.064,"Synthetic diurnal traffic series, 1-minute bins; these are experiment results, not forecasts for demo footage"
benchmarks\original_forecast.json.horizons.15.preview[35].minute,2409,"Synthetic diurnal traffic series, 1-minute bins; these are experiment results, not forecasts for demo footage"
benchmarks\original_forecast.json.horizons.15.preview[35].actual,8.738,"Synthetic diurnal traffic series, 1-minute bins; these are experiment results, not forecasts for demo footage"
benchmarks\original_forecast.json.horizons.15.preview[35].last_value,10.326,"Synthetic diurnal traffic series, 1-minute bins; these are experiment results, not forecasts for demo footage"
benchmarks\original_forecast.json.horizons.15.preview[35].historical_mean,15.589,"Synthetic diurnal traffic series, 1-minute bins; these are experiment results, not forecasts for demo footage"
benchmarks\original_forecast.json.horizons.15.preview[35].moving_average,10.322,"Synthetic diurnal traffic series, 1-minute bins; these are experiment results, not forecasts for demo footage"
benchmarks\original_forecast.json.horizons.15.preview[35].gradient_boosting,11.511,"Synthetic diurnal traffic series, 1-minute bins; these are experiment results, not forecasts for demo footage"
benchmarks\original_forecast.json.horizons.15.preview[36].minute,2412,"Synthetic diurnal traffic series, 1-minute bins; these are experiment results, not forecasts for demo footage"
benchmarks\original_forecast.json.horizons.15.preview[36].actual,5.999,"Synthetic diurnal traffic series, 1-minute bins; these are experiment results, not forecasts for demo footage"
benchmarks\original_forecast.json.horizons.15.preview[36].last_value,11.204,"Synthetic diurnal traffic series, 1-minute bins; these are experiment results, not forecasts for demo footage"
benchmarks\original_forecast.json.horizons.15.preview[36].historical_mean,15.589,"Synthetic diurnal traffic series, 1-minute bins; these are experiment results, not forecasts for demo footage"
benchmarks\original_forecast.json.horizons.15.preview[36].moving_average,10.17,"Synthetic diurnal traffic series, 1-minute bins; these are experiment results, not forecasts for demo footage"
benchmarks\original_forecast.json.horizons.15.preview[36].gradient_boosting,11.92,"Synthetic diurnal traffic series, 1-minute bins; these are experiment results, not forecasts for demo footage"
benchmarks\original_forecast.json.horizons.15.preview[37].minute,2415,"Synthetic diurnal traffic series, 1-minute bins; these are experiment results, not forecasts for demo footage"
benchmarks\original_forecast.json.horizons.15.preview[37].actual,10.545,"Synthetic diurnal traffic series, 1-minute bins; these are experiment results, not forecasts for demo footage"
benchmarks\original_forecast.json.horizons.15.preview[37].last_value,14.02,"Synthetic diurnal traffic series, 1-minute bins; these are experiment results, not forecasts for demo footage"
benchmarks\original_forecast.json.horizons.15.preview[37].historical_mean,15.589,"Synthetic diurnal traffic series, 1-minute bins; these are experiment results, not forecasts for demo footage"
benchmarks\original_forecast.json.horizons.15.preview[37].moving_average,11.455,"Synthetic diurnal traffic series, 1-minute bins; these are experiment results, not forecasts for demo footage"
benchmarks\original_forecast.json.horizons.15.preview[37].gradient_boosting,13.15,"Synthetic diurnal traffic series, 1-minute bins; these are experiment results, not forecasts for demo footage"
benchmarks\original_forecast.json.horizons.15.preview[38].minute,2418,"Synthetic diurnal traffic series, 1-minute bins; these are experiment results, not forecasts for demo footage"
benchmarks\original_forecast.json.horizons.15.preview[38].actual,8.737,"Synthetic diurnal traffic series, 1-minute bins; these are experiment results, not forecasts for demo footage"
benchmarks\original_forecast.json.horizons.15.preview[38].last_value,11.686,"Synthetic diurnal traffic series, 1-minute bins; these are experiment results, not forecasts for demo footage"
benchmarks\original_forecast.json.horizons.15.preview[38].historical_mean,15.589,"Synthetic diurnal traffic series, 1-minute bins; these are experiment results, not forecasts for demo footage"
benchmarks\original_forecast.json.horizons.15.preview[38].moving_average,12.417,"Synthetic diurnal traffic series, 1-minute bins; these are experiment results, not forecasts for demo footage"
benchmarks\original_forecast.json.horizons.15.preview[38].gradient_boosting,12.079,"Synthetic diurnal traffic series, 1-minute bins; these are experiment results, not forecasts for demo footage"
benchmarks\original_forecast.json.horizons.15.preview[39].minute,2421,"Synthetic diurnal traffic series, 1-minute bins; these are experiment results, not forecasts for demo footage"
benchmarks\original_forecast.json.horizons.15.preview[39].actual,12.615,"Synthetic diurnal traffic series, 1-minute bins; these are experiment results, not forecasts for demo footage"
benchmarks\original_forecast.json.horizons.15.preview[39].last_value,9.384,"Synthetic diurnal traffic series, 1-minute bins; these are experiment results, not forecasts for demo footage"
benchmarks\original_forecast.json.horizons.15.preview[39].historical_mean,15.589,"Synthetic diurnal traffic series, 1-minute bins; these are experiment results, not forecasts for demo footage"
benchmarks\original_forecast.json.horizons.15.preview[39].moving_average,11.752,"Synthetic diurnal traffic series, 1-minute bins; these are experiment results, not forecasts for demo footage"
benchmarks\original_forecast.json.horizons.15.preview[39].gradient_boosting,10.744,"Synthetic diurnal traffic series, 1-minute bins; these are experiment results, not forecasts for demo footage"
benchmarks\original_forecast.json.horizons.15.preview[40].minute,2424,"Synthetic diurnal traffic series, 1-minute bins; these are experiment results, not forecasts for demo footage"
benchmarks\original_forecast.json.horizons.15.preview[40].actual,12.596,"Synthetic diurnal traffic series, 1-minute bins; these are experiment results, not forecasts for demo footage"
benchmarks\original_forecast.json.horizons.15.preview[40].last_value,8.738,"Synthetic diurnal traffic series, 1-minute bins; these are experiment results, not forecasts for demo footage"
benchmarks\original_forecast.json.horizons.15.preview[40].historical_mean,15.589,"Synthetic diurnal traffic series, 1-minute bins; these are experiment results, not forecasts for demo footage"
benchmarks\original_forecast.json.horizons.15.preview[40].moving_average,10.211,"Synthetic diurnal traffic series, 1-minute bins; these are experiment results, not forecasts for demo footage"
benchmarks\original_forecast.json.horizons.15.preview[40].gradient_boosting,9.745,"Synthetic diurnal traffic series, 1-minute bins; these are experiment results, not forecasts for demo footage"
benchmarks\original_forecast.json.horizons.15.preview[41].minute,2427,"Synthetic diurnal traffic series, 1-minute bins; these are experiment results, not forecasts for demo footage"
benchmarks\original_forecast.json.horizons.15.preview[41].actual,7.496,"Synthetic diurnal traffic series, 1-minute bins; these are experiment results, not forecasts for demo footage"
benchmarks\original_forecast.json.horizons.15.preview[41].last_value,5.999,"Synthetic diurnal traffic series, 1-minute bins; these are experiment results, not forecasts for demo footage"
benchmarks\original_forecast.json.horizons.15.preview[41].historical_mean,15.589,"Synthetic diurnal traffic series, 1-minute bins; these are experiment results, not forecasts for demo footage"
benchmarks\original_forecast.json.horizons.15.preview[41].moving_average,8.502,"Synthetic diurnal traffic series, 1-minute bins; these are experiment results, not forecasts for demo footage"
benchmarks\original_forecast.json.horizons.15.preview[41].gradient_boosting,10.822,"Synthetic diurnal traffic series, 1-minute bins; these are experiment results, not forecasts for demo footage"
benchmarks\original_forecast.json.horizons.15.preview[42].minute,2430,"Synthetic diurnal traffic series, 1-minute bins; these are experiment results, not forecasts for demo footage"
benchmarks\original_forecast.json.horizons.15.preview[42].actual,12.322,"Synthetic diurnal traffic series, 1-minute bins; these are experiment results, not forecasts for demo footage"
benchmarks\original_forecast.json.horizons.15.preview[42].last_value,10.545,"Synthetic diurnal traffic series, 1-minute bins; these are experiment results, not forecasts for demo footage"
benchmarks\original_forecast.json.horizons.15.preview[42].historical_mean,15.589,"Synthetic diurnal traffic series, 1-minute bins; these are experiment results, not forecasts for demo footage"
benchmarks\original_forecast.json.horizons.15.preview[42].moving_average,7.697,"Synthetic diurnal traffic series, 1-minute bins; these are experiment results, not forecasts for demo footage"
benchmarks\original_forecast.json.horizons.15.preview[42].gradient_boosting,10.408,"Synthetic diurnal traffic series, 1-minute bins; these are experiment results, not forecasts for demo footage"
benchmarks\original_forecast.json.horizons.15.preview[43].minute,2433,"Synthetic diurnal traffic series, 1-minute bins; these are experiment results, not forecasts for demo footage"
benchmarks\original_forecast.json.horizons.15.preview[43].actual,15.303,"Synthetic diurnal traffic series, 1-minute bins; these are experiment results, not forecasts for demo footage"
benchmarks\original_forecast.json.horizons.15.preview[43].last_value,8.737,"Synthetic diurnal traffic series, 1-minute bins; these are experiment results, not forecasts for demo footage"
benchmarks\original_forecast.json.horizons.15.preview[43].historical_mean,15.589,"Synthetic diurnal traffic series, 1-minute bins; these are experiment results, not forecasts for demo footage"
benchmarks\original_forecast.json.horizons.15.preview[43].moving_average,9.025,"Synthetic diurnal traffic series, 1-minute bins; these are experiment results, not forecasts for demo footage"
benchmarks\original_forecast.json.horizons.15.preview[43].gradient_boosting,10.445,"Synthetic diurnal traffic series, 1-minute bins; these are experiment results, not forecasts for demo footage"
benchmarks\original_forecast.json.horizons.15.preview[44].minute,2436,"Synthetic diurnal traffic series, 1-minute bins; these are experiment results, not forecasts for demo footage"
benchmarks\original_forecast.json.horizons.15.preview[44].actual,14.862,"Synthetic diurnal traffic series, 1-minute bins; these are experiment results, not forecasts for demo footage"
benchmarks\original_forecast.json.horizons.15.preview[44].last_value,12.615,"Synthetic diurnal traffic series, 1-minute bins; these are experiment results, not forecasts for demo footage"
benchmarks\original_forecast.json.horizons.15.preview[44].historical_mean,15.589,"Synthetic diurnal traffic series, 1-minute bins; these are experiment results, not forecasts for demo footage"
benchmarks\original_forecast.json.horizons.15.preview[44].moving_average,12.26,"Synthetic diurnal traffic series, 1-minute bins; these are experiment results, not forecasts for demo footage"
benchmarks\original_forecast.json.horizons.15.preview[44].gradient_boosting,11.153,"Synthetic diurnal traffic series, 1-minute bins; these are experiment results, not forecasts for demo footage"
benchmarks\original_forecast.json.horizons.15.preview[45].minute,2439,"Synthetic diurnal traffic series, 1-minute bins; these are experiment results, not forecasts for demo footage"
benchmarks\original_forecast.json.horizons.15.preview[45].actual,15.366,"Synthetic diurnal traffic series, 1-minute bins; these are experiment results, not forecasts for demo footage"
benchmarks\original_forecast.json.horizons.15.preview[45].last_value,12.596,"Synthetic diurnal traffic series, 1-minute bins; these are experiment results, not forecasts for demo footage"
benchmarks\original_forecast.json.horizons.15.preview[45].historical_mean,15.589,"Synthetic diurnal traffic series, 1-minute bins; these are experiment results, not forecasts for demo footage"
benchmarks\original_forecast.json.horizons.15.preview[45].moving_average,13.063,"Synthetic diurnal traffic series, 1-minute bins; these are experiment results, not forecasts for demo footage"
benchmarks\original_forecast.json.horizons.15.preview[45].gradient_boosting,11.44,"Synthetic diurnal traffic series, 1-minute bins; these are experiment results, not forecasts for demo footage"
benchmarks\original_forecast.json.horizons.15.preview[46].minute,2442,"Synthetic diurnal traffic series, 1-minute bins; these are experiment results, not forecasts for demo footage"
benchmarks\original_forecast.json.horizons.15.preview[46].actual,12.303,"Synthetic diurnal traffic series, 1-minute bins; these are experiment results, not forecasts for demo footage"
benchmarks\original_forecast.json.horizons.15.preview[46].last_value,7.496,"Synthetic diurnal traffic series, 1-minute bins; these are experiment results, not forecasts for demo footage"
benchmarks\original_forecast.json.horizons.15.preview[46].historical_mean,15.589,"Synthetic diurnal traffic series, 1-minute bins; these are experiment results, not forecasts for demo footage"
benchmarks\original_forecast.json.horizons.15.preview[46].moving_average,10.19,"Synthetic diurnal traffic series, 1-minute bins; these are experiment results, not forecasts for demo footage"
benchmarks\original_forecast.json.horizons.15.preview[46].gradient_boosting,11.072,"Synthetic diurnal traffic series, 1-minute bins; these are experiment results, not forecasts for demo footage"
benchmarks\original_forecast.json.horizons.15.preview[47].minute,2445,"Synthetic diurnal traffic series, 1-minute bins; these are experiment results, not forecasts for demo footage"
benchmarks\original_forecast.json.horizons.15.preview[47].actual,6.926,"Synthetic diurnal traffic series, 1-minute bins; these are experiment results, not forecasts for demo footage"
benchmarks\original_forecast.json.horizons.15.preview[47].last_value,12.322,"Synthetic diurnal traffic series, 1-minute bins; these are experiment results, not forecasts for demo footage"
benchmarks\original_forecast.json.horizons.15.preview[47].historical_mean,15.589,"Synthetic diurnal traffic series, 1-minute bins; these are experiment results, not forecasts for demo footage"
benchmarks\original_forecast.json.horizons.15.preview[47].moving_average,9.865,"Synthetic diurnal traffic series, 1-minute bins; these are experiment results, not forecasts for demo footage"
benchmarks\original_forecast.json.horizons.15.preview[47].gradient_boosting,11.268,"Synthetic diurnal traffic series, 1-minute bins; these are experiment results, not forecasts for demo footage"
benchmarks\original_forecast.json.horizons.15.preview[48].minute,2448,"Synthetic diurnal traffic series, 1-minute bins; these are experiment results, not forecasts for demo footage"
benchmarks\original_forecast.json.horizons.15.preview[48].actual,12.725,"Synthetic diurnal traffic series, 1-minute bins; these are experiment results, not forecasts for demo footage"
benchmarks\original_forecast.json.horizons.15.preview[48].last_value,15.303,"Synthetic diurnal traffic series, 1-minute bins; these are experiment results, not forecasts for demo footage"
benchmarks\original_forecast.json.horizons.15.preview[48].historical_mean,15.589,"Synthetic diurnal traffic series, 1-minute bins; these are experiment results, not forecasts for demo footage"
benchmarks\original_forecast.json.horizons.15.preview[48].moving_average,12.559,"Synthetic diurnal traffic series, 1-minute bins; these are experiment results, not forecasts for demo footage"
benchmarks\original_forecast.json.horizons.15.preview[48].gradient_boosting,10.287,"Synthetic diurnal traffic series, 1-minute bins; these are experiment results, not forecasts for demo footage"
benchmarks\original_forecast.json.horizons.15.preview[49].minute,2451,"Synthetic diurnal traffic series, 1-minute bins; these are experiment results, not forecasts for demo footage"
benchmarks\original_forecast.json.horizons.15.preview[49].actual,11.901,"Synthetic diurnal traffic series, 1-minute bins; these are experiment results, not forecasts for demo footage"
benchmarks\original_forecast.json.horizons.15.preview[49].last_value,14.862,"Synthetic diurnal traffic series, 1-minute bins; these are experiment results, not forecasts for demo footage"
benchmarks\original_forecast.json.horizons.15.preview[49].historical_mean,15.589,"Synthetic diurnal traffic series, 1-minute bins; these are experiment results, not forecasts for demo footage"
benchmarks\original_forecast.json.horizons.15.preview[49].moving_average,14.111,"Synthetic diurnal traffic series, 1-minute bins; these are experiment results, not forecasts for demo footage"
benchmarks\original_forecast.json.horizons.15.preview[49].gradient_boosting,10.304,"Synthetic diurnal traffic series, 1-minute bins; these are experiment results, not forecasts for demo footage"
benchmarks\original_live_verification.json.upload.status_events[0].progress,0.01,"Actual HTTP upload and fresh CPU inference/reprocessing through the running application; integration verification, not detection accuracy. Stage delivery age is not frame-to-screen latency."
benchmarks\original_live_verification.json.upload.status_events[1].progress,0.163125,"Actual HTTP upload and fresh CPU inference/reprocessing through the running application; integration verification, not detection accuracy. Stage delivery age is not frame-to-screen latency."
benchmarks\original_live_verification.json.upload.status_events[2].progress,0.275625,"Actual HTTP upload and fresh CPU inference/reprocessing through the running application; integration verification, not detection accuracy. Stage delivery age is not frame-to-screen latency."
benchmarks\original_live_verification.json.upload.status_events[3].progress,0.38812500000000005,"Actual HTTP upload and fresh CPU inference/reprocessing through the running application; integration verification, not detection accuracy. Stage delivery age is not frame-to-screen latency."
benchmarks\original_live_verification.json.upload.status_events[4].progress,0.556875,"Actual HTTP upload and fresh CPU inference/reprocessing through the running application; integration verification, not detection accuracy. Stage delivery age is not frame-to-screen latency."
benchmarks\original_live_verification.json.upload.status_events[5].progress,0.669375,"Actual HTTP upload and fresh CPU inference/reprocessing through the running application; integration verification, not detection accuracy. Stage delivery age is not frame-to-screen latency."
benchmarks\original_live_verification.json.upload.status_events[6].progress,0.838125,"Actual HTTP upload and fresh CPU inference/reprocessing through the running application; integration verification, not detection accuracy. Stage delivery age is not frame-to-screen latency."
benchmarks\original_live_verification.json.upload.status_events[7].progress,1.0,"Actual HTTP upload and fresh CPU inference/reprocessing through the running application; integration verification, not detection accuracy. Stage delivery age is not frame-to-screen latency."
benchmarks\original_live_verification.json.upload.status_delivery_ms.p50,114.637,"Actual HTTP upload and fresh CPU inference/reprocessing through the running application; integration verification, not detection accuracy. Stage delivery age is not frame-to-screen latency."
benchmarks\original_live_verification.json.upload.status_delivery_ms.p95,200.5301,"Actual HTTP upload and fresh CPU inference/reprocessing through the running application; integration verification, not detection accuracy. Stage delivery age is not frame-to-screen latency."
benchmarks\original_live_verification.json.upload.status_delivery_ms.p99,201.65402,"Actual HTTP upload and fresh CPU inference/reprocessing through the running application; integration verification, not detection accuracy. Stage delivery age is not frame-to-screen latency."
benchmarks\original_live_verification.json.aerial_reprocess.status_events[0].progress,0.0,"Actual HTTP upload and fresh CPU inference/reprocessing through the running application; integration verification, not detection accuracy. Stage delivery age is not frame-to-screen latency."
benchmarks\original_live_verification.json.aerial_reprocess.status_events[1].progress,0.01,"Actual HTTP upload and fresh CPU inference/reprocessing through the running application; integration verification, not detection accuracy. Stage delivery age is not frame-to-screen latency."
benchmarks\original_live_verification.json.aerial_reprocess.status_events[2].progress,0.035625,"Actual HTTP upload and fresh CPU inference/reprocessing through the running application; integration verification, not detection accuracy. Stage delivery age is not frame-to-screen latency."
benchmarks\original_live_verification.json.aerial_reprocess.status_events[3].progress,0.07312500000000001,"Actual HTTP upload and fresh CPU inference/reprocessing through the running application; integration verification, not detection accuracy. Stage delivery age is not frame-to-screen latency."
benchmarks\original_live_verification.json.aerial_reprocess.status_events[4].progress,0.091875,"Actual HTTP upload and fresh CPU inference/reprocessing through the running application; integration verification, not detection accuracy. Stage delivery age is not frame-to-screen latency."
benchmarks\original_live_verification.json.aerial_reprocess.status_events[5].progress,0.129375,"Actual HTTP upload and fresh CPU inference/reprocessing through the running application; integration verification, not detection accuracy. Stage delivery age is not frame-to-screen latency."
benchmarks\original_live_verification.json.aerial_reprocess.status_events[6].progress,0.148125,"Actual HTTP upload and fresh CPU inference/reprocessing through the running application; integration verification, not detection accuracy. Stage delivery age is not frame-to-screen latency."
benchmarks\original_live_verification.json.aerial_reprocess.status_events[7].progress,0.16687500000000002,"Actual HTTP upload and fresh CPU inference/reprocessing through the running application; integration verification, not detection accuracy. Stage delivery age is not frame-to-screen latency."
benchmarks\original_live_verification.json.aerial_reprocess.status_events[8].progress,0.204375,"Actual HTTP upload and fresh CPU inference/reprocessing through the running application; integration verification, not detection accuracy. Stage delivery age is not frame-to-screen latency."
benchmarks\original_live_verification.json.aerial_reprocess.status_events[9].progress,0.22312500000000002,"Actual HTTP upload and fresh CPU inference/reprocessing through the running application; integration verification, not detection accuracy. Stage delivery age is not frame-to-screen latency."
benchmarks\original_live_verification.json.aerial_reprocess.status_events[10].progress,0.241875,"Actual HTTP upload and fresh CPU inference/reprocessing through the running application; integration verification, not detection accuracy. Stage delivery age is not frame-to-screen latency."
benchmarks\original_live_verification.json.aerial_reprocess.status_events[11].progress,0.26062500000000005,"Actual HTTP upload and fresh CPU inference/reprocessing through the running application; integration verification, not detection accuracy. Stage delivery age is not frame-to-screen latency."
benchmarks\original_live_verification.json.aerial_reprocess.status_events[12].progress,0.298125,"Actual HTTP upload and fresh CPU inference/reprocessing through the running application; integration verification, not detection accuracy. Stage delivery age is not frame-to-screen latency."
benchmarks\original_live_verification.json.aerial_reprocess.status_events[13].progress,0.335625,"Actual HTTP upload and fresh CPU inference/reprocessing through the running application; integration verification, not detection accuracy. Stage delivery age is not frame-to-screen latency."
benchmarks\original_live_verification.json.aerial_reprocess.status_events[14].progress,0.354375,"Actual HTTP upload and fresh CPU inference/reprocessing through the running application; integration verification, not detection accuracy. Stage delivery age is not frame-to-screen latency."
benchmarks\original_live_verification.json.aerial_reprocess.status_events[15].progress,0.37312500000000004,"Actual HTTP upload and fresh CPU inference/reprocessing through the running application; integration verification, not detection accuracy. Stage delivery age is not frame-to-screen latency."
benchmarks\original_live_verification.json.aerial_reprocess.status_events[16].progress,0.39187500000000003,"Actual HTTP upload and fresh CPU inference/reprocessing through the running application; integration verification, not detection accuracy. Stage delivery age is not frame-to-screen latency."
benchmarks\original_live_verification.json.aerial_reprocess.status_events[17].progress,0.410625,"Actual HTTP upload and fresh CPU inference/reprocessing through the running application; integration verification, not detection accuracy. Stage delivery age is not frame-to-screen latency."
benchmarks\original_live_verification.json.aerial_reprocess.status_events[18].progress,0.429375,"Actual HTTP upload and fresh CPU inference/reprocessing through the running application; integration verification, not detection accuracy. Stage delivery age is not frame-to-screen latency."
benchmarks\original_live_verification.json.aerial_reprocess.status_events[19].progress,0.448125,"Actual HTTP upload and fresh CPU inference/reprocessing through the running application; integration verification, not detection accuracy. Stage delivery age is not frame-to-screen latency."
benchmarks\original_live_verification.json.aerial_reprocess.status_events[20].progress,0.46687500000000004,"Actual HTTP upload and fresh CPU inference/reprocessing through the running application; integration verification, not detection accuracy. Stage delivery age is not frame-to-screen latency."
benchmarks\original_live_verification.json.aerial_reprocess.status_events[21].progress,0.485625,"Actual HTTP upload and fresh CPU inference/reprocessing through the running application; integration verification, not detection accuracy. Stage delivery age is not frame-to-screen latency."
benchmarks\original_live_verification.json.aerial_reprocess.status_events[22].progress,0.504375,"Actual HTTP upload and fresh CPU inference/reprocessing through the running application; integration verification, not detection accuracy. Stage delivery age is not frame-to-screen latency."
benchmarks\original_live_verification.json.aerial_reprocess.status_events[23].progress,0.5231250000000001,"Actual HTTP upload and fresh CPU inference/reprocessing through the running application; integration verification, not detection accuracy. Stage delivery age is not frame-to-screen latency."
benchmarks\original_live_verification.json.aerial_reprocess.status_events[24].progress,0.541875,"Actual HTTP upload and fresh CPU inference/reprocessing through the running application; integration verification, not detection accuracy. Stage delivery age is not frame-to-screen latency."
benchmarks\original_live_verification.json.aerial_reprocess.status_events[25].progress,0.560625,"Actual HTTP upload and fresh CPU inference/reprocessing through the running application; integration verification, not detection accuracy. Stage delivery age is not frame-to-screen latency."
benchmarks\original_live_verification.json.aerial_reprocess.status_events[26].progress,0.598125,"Actual HTTP upload and fresh CPU inference/reprocessing through the running application; integration verification, not detection accuracy. Stage delivery age is not frame-to-screen latency."
benchmarks\original_live_verification.json.aerial_reprocess.status_events[27].progress,0.6168750000000001,"Actual HTTP upload and fresh CPU inference/reprocessing through the running application; integration verification, not detection accuracy. Stage delivery age is not frame-to-screen latency."
benchmarks\original_live_verification.json.aerial_reprocess.status_events[28].progress,0.6356250000000001,"Actual HTTP upload and fresh CPU inference/reprocessing through the running application; integration verification, not detection accuracy. Stage delivery age is not frame-to-screen latency."
benchmarks\original_live_verification.json.aerial_reprocess.status_events[29].progress,0.654375,"Actual HTTP upload and fresh CPU inference/reprocessing through the running application; integration verification, not detection accuracy. Stage delivery age is not frame-to-screen latency."
benchmarks\original_live_verification.json.aerial_reprocess.status_events[30].progress,0.673125,"Actual HTTP upload and fresh CPU inference/reprocessing through the running application; integration verification, not detection accuracy. Stage delivery age is not frame-to-screen latency."
benchmarks\original_live_verification.json.aerial_reprocess.status_events[31].progress,0.691875,"Actual HTTP upload and fresh CPU inference/reprocessing through the running application; integration verification, not detection accuracy. Stage delivery age is not frame-to-screen latency."
benchmarks\original_live_verification.json.aerial_reprocess.status_events[32].progress,0.710625,"Actual HTTP upload and fresh CPU inference/reprocessing through the running application; integration verification, not detection accuracy. Stage delivery age is not frame-to-screen latency."
benchmarks\original_live_verification.json.aerial_reprocess.status_events[33].progress,0.729375,"Actual HTTP upload and fresh CPU inference/reprocessing through the running application; integration verification, not detection accuracy. Stage delivery age is not frame-to-screen latency."
benchmarks\original_live_verification.json.aerial_reprocess.status_events[34].progress,0.748125,"Actual HTTP upload and fresh CPU inference/reprocessing through the running application; integration verification, not detection accuracy. Stage delivery age is not frame-to-screen latency."
benchmarks\original_live_verification.json.aerial_reprocess.status_events[35].progress,0.766875,"Actual HTTP upload and fresh CPU inference/reprocessing through the running application; integration verification, not detection accuracy. Stage delivery age is not frame-to-screen latency."
benchmarks\original_live_verification.json.aerial_reprocess.status_events[36].progress,0.785625,"Actual HTTP upload and fresh CPU inference/reprocessing through the running application; integration verification, not detection accuracy. Stage delivery age is not frame-to-screen latency."
benchmarks\original_live_verification.json.aerial_reprocess.status_events[37].progress,0.8043750000000001,"Actual HTTP upload and fresh CPU inference/reprocessing through the running application; integration verification, not detection accuracy. Stage delivery age is not frame-to-screen latency."
benchmarks\original_live_verification.json.aerial_reprocess.status_events[38].progress,0.823125,"Actual HTTP upload and fresh CPU inference/reprocessing through the running application; integration verification, not detection accuracy. Stage delivery age is not frame-to-screen latency."
benchmarks\original_live_verification.json.aerial_reprocess.status_events[39].progress,0.841875,"Actual HTTP upload and fresh CPU inference/reprocessing through the running application; integration verification, not detection accuracy. Stage delivery age is not frame-to-screen latency."
benchmarks\original_live_verification.json.aerial_reprocess.status_events[40].progress,0.8606250000000001,"Actual HTTP upload and fresh CPU inference/reprocessing through the running application; integration verification, not detection accuracy. Stage delivery age is not frame-to-screen latency."
benchmarks\original_live_verification.json.aerial_reprocess.status_events[41].progress,0.879375,"Actual HTTP upload and fresh CPU inference/reprocessing through the running application; integration verification, not detection accuracy. Stage delivery age is not frame-to-screen latency."
benchmarks\original_live_verification.json.aerial_reprocess.status_events[42].progress,1.0,"Actual HTTP upload and fresh CPU inference/reprocessing through the running application; integration verification, not detection accuracy. Stage delivery age is not frame-to-screen latency."
benchmarks\original_live_verification.json.aerial_reprocess.status_delivery_ms.p50,237.207,"Actual HTTP upload and fresh CPU inference/reprocessing through the running application; integration verification, not detection accuracy. Stage delivery age is not frame-to-screen latency."
benchmarks\original_live_verification.json.aerial_reprocess.status_delivery_ms.p95,478.33500000000004,"Actual HTTP upload and fresh CPU inference/reprocessing through the running application; integration verification, not detection accuracy. Stage delivery age is not frame-to-screen latency."
benchmarks\original_live_verification.json.aerial_reprocess.status_delivery_ms.p99,496.987,"Actual HTTP upload and fresh CPU inference/reprocessing through the running application; integration verification, not detection accuracy. Stage delivery age is not frame-to-screen latency."
benchmarks\original_live_verification.json.performance.resolution,960,"Actual HTTP upload and fresh CPU inference/reprocessing through the running application; integration verification, not detection accuracy. Stage delivery age is not frame-to-screen latency."
benchmarks\original_live_verification.json.performance.sample_every,1,"Actual HTTP upload and fresh CPU inference/reprocessing through the running application; integration verification, not detection accuracy. Stage delivery age is not frame-to-screen latency."
benchmarks\original_live_verification.json.performance.processed_frames,480,"Actual HTTP upload and fresh CPU inference/reprocessing through the running application; integration verification, not detection accuracy. Stage delivery age is not frame-to-screen latency."
benchmarks\original_live_verification.json.performance.decoded_frames,480,"Actual HTTP upload and fresh CPU inference/reprocessing through the running application; integration verification, not detection accuracy. Stage delivery age is not frame-to-screen latency."
benchmarks\original_live_verification.json.performance.wall_seconds,22.85,"Actual HTTP upload and fresh CPU inference/reprocessing through the running application; integration verification, not detection accuracy. Stage delivery age is not frame-to-screen latency."
benchmarks\original_live_verification.json.performance.processed_fps,21.007,"Actual HTTP upload and fresh CPU inference/reprocessing through the running application; integration verification, not detection accuracy. Stage delivery age is not frame-to-screen latency."
benchmarks\original_live_verification.json.performance.video_seconds_per_wall_second,0.876,"Actual HTTP upload and fresh CPU inference/reprocessing through the running application; integration verification, not detection accuracy. Stage delivery age is not frame-to-screen latency."
benchmarks\original_live_verification.json.performance.inference_ms.p50,42.09,"Actual HTTP upload and fresh CPU inference/reprocessing through the running application; integration verification, not detection accuracy. Stage delivery age is not frame-to-screen latency."
benchmarks\original_live_verification.json.performance.inference_ms.p95,57.193,"Actual HTTP upload and fresh CPU inference/reprocessing through the running application; integration verification, not detection accuracy. Stage delivery age is not frame-to-screen latency."
benchmarks\original_live_verification.json.performance.inference_ms.p99,64.659,"Actual HTTP upload and fresh CPU inference/reprocessing through the running application; integration verification, not detection accuracy. Stage delivery age is not frame-to-screen latency."
benchmarks\original_live_verification.json.performance.memory_rss_mb,639.86,"Actual HTTP upload and fresh CPU inference/reprocessing through the running application; integration verification, not detection accuracy. Stage delivery age is not frame-to-screen latency."
benchmarks\original_live_verification.json.performance.first_result_seconds,1.822,"Actual HTTP upload and fresh CPU inference/reprocessing through the running application; integration verification, not detection accuracy. Stage delivery age is not frame-to-screen latency."
benchmarks\original_live_verification.json.performance.source_size_bytes,7867428,"Actual HTTP upload and fresh CPU inference/reprocessing through the running application; integration verification, not detection accuracy. Stage delivery age is not frame-to-screen latency."
benchmarks\original_load.json.scenarios[0].clients,1,"Loopback API + SQLite result queries, sequential requests per client; does not measure concurrent inference or GPU"
benchmarks\original_load.json.scenarios[0].requests,50,"Loopback API + SQLite result queries, sequential requests per client; does not measure concurrent inference or GPU"
benchmarks\original_load.json.scenarios[0].errors,0,"Loopback API + SQLite result queries, sequential requests per client; does not measure concurrent inference or GPU"
benchmarks\original_load.json.scenarios[0].wall_seconds,0.7680139001458883,"Loopback API + SQLite result queries, sequential requests per client; does not measure concurrent inference or GPU"
benchmarks\original_load.json.scenarios[0].rps,65.10298835802611,"Loopback API + SQLite result queries, sequential requests per client; does not measure concurrent inference or GPU"
benchmarks\original_load.json.scenarios[0].latency_ms.p50,9.37474996317178,"Loopback API + SQLite result queries, sequential requests per client; does not measure concurrent inference or GPU"
benchmarks\original_load.json.scenarios[0].latency_ms.p95,29.46544493315741,"Loopback API + SQLite result queries, sequential requests per client; does not measure concurrent inference or GPU"
benchmarks\original_load.json.scenarios[0].latency_ms.p99,43.92237984575327,"Loopback API + SQLite result queries, sequential requests per client; does not measure concurrent inference or GPU"
benchmarks\original_load.json.scenarios[1].clients,4,"Loopback API + SQLite result queries, sequential requests per client; does not measure concurrent inference or GPU"
benchmarks\original_load.json.scenarios[1].requests,200,"Loopback API + SQLite result queries, sequential requests per client; does not measure concurrent inference or GPU"
benchmarks\original_load.json.scenarios[1].errors,0,"Loopback API + SQLite result queries, sequential requests per client; does not measure concurrent inference or GPU"
benchmarks\original_load.json.scenarios[1].wall_seconds,2.0525432999711484,"Loopback API + SQLite result queries, sequential requests per client; does not measure concurrent inference or GPU"
benchmarks\original_load.json.scenarios[1].rps,97.44008811059494,"Loopback API + SQLite result queries, sequential requests per client; does not measure concurrent inference or GPU"
benchmarks\original_load.json.scenarios[1].latency_ms.p50,28.861299972049892,"Loopback API + SQLite result queries, sequential requests per client; does not measure concurrent inference or GPU"
benchmarks\original_load.json.scenarios[1].latency_ms.p95,97.76296505006029,"Loopback API + SQLite result queries, sequential requests per client; does not measure concurrent inference or GPU"
benchmarks\original_load.json.scenarios[1].latency_ms.p99,124.07118796138076,"Loopback API + SQLite result queries, sequential requests per client; does not measure concurrent inference or GPU"
benchmarks\original_load.json.scenarios[2].clients,16,"Loopback API + SQLite result queries, sequential requests per client; does not measure concurrent inference or GPU"
benchmarks\original_load.json.scenarios[2].requests,800,"Loopback API + SQLite result queries, sequential requests per client; does not measure concurrent inference or GPU"
benchmarks\original_load.json.scenarios[2].errors,0,"Loopback API + SQLite result queries, sequential requests per client; does not measure concurrent inference or GPU"
benchmarks\original_load.json.scenarios[2].wall_seconds,14.655779900029302,"Loopback API + SQLite result queries, sequential requests per client; does not measure concurrent inference or GPU"
benchmarks\original_load.json.scenarios[2].rps,54.58597259627245,"Loopback API + SQLite result queries, sequential requests per client; does not measure concurrent inference or GPU"
benchmarks\original_load.json.scenarios[2].latency_ms.p50,140.75599994976074,"Loopback API + SQLite result queries, sequential requests per client; does not measure concurrent inference or GPU"
benchmarks\original_load.json.scenarios[2].latency_ms.p95,838.4484849404543,"Loopback API + SQLite result queries, sequential requests per client; does not measure concurrent inference or GPU"
benchmarks\original_load.json.scenarios[2].latency_ms.p99,1078.7710370030252,"Loopback API + SQLite result queries, sequential requests per client; does not measure concurrent inference or GPU"
benchmarks\original_load.json.scenarios[3].clients,32,"Loopback API + SQLite result queries, sequential requests per client; does not measure concurrent inference or GPU"
benchmarks\original_load.json.scenarios[3].requests,1600,"Loopback API + SQLite result queries, sequential requests per client; does not measure concurrent inference or GPU"
benchmarks\original_load.json.scenarios[3].errors,0,"Loopback API + SQLite result queries, sequential requests per client; does not measure concurrent inference or GPU"
benchmarks\original_load.json.scenarios[3].wall_seconds,41.04836319992319,"Loopback API + SQLite result queries, sequential requests per client; does not measure concurrent inference or GPU"
benchmarks\original_load.json.scenarios[3].rps,38.97841168982334,"Loopback API + SQLite result queries, sequential requests per client; does not measure concurrent inference or GPU"
benchmarks\original_load.json.scenarios[3].latency_ms.p50,598.7868998199701,"Loopback API + SQLite result queries, sequential requests per client; does not measure concurrent inference or GPU"
benchmarks\original_load.json.scenarios[3].latency_ms.p95,2013.082750048488,"Loopback API + SQLite result queries, sequential requests per client; does not measure concurrent inference or GPU"
benchmarks\original_load.json.scenarios[3].latency_ms.p99,2393.129678114783,"Loopback API + SQLite result queries, sequential requests per client; does not measure concurrent inference or GPU"
benchmarks\original_load.json.database_query_ms.p50,3.5920499358326197,"Loopback API + SQLite result queries, sequential requests per client; does not measure concurrent inference or GPU"
benchmarks\original_load.json.database_query_ms.p95,6.715229956898835,"Loopback API + SQLite result queries, sequential requests per client; does not measure concurrent inference or GPU"
benchmarks\original_load.json.database_query_ms.p99,8.530588017310954,"Loopback API + SQLite result queries, sequential requests per client; does not measure concurrent inference or GPU"
benchmarks\original_load.json.sse.initial_snapshot_ms,15.530700096860528,"Loopback API + SQLite result queries, sequential requests per client; does not measure concurrent inference or GPU"
benchmarks\original_pipeline.json.performance.resolution,960,Measured CPU/GPU run on attributed source video; detection accuracy not inferred from speed
benchmarks\original_pipeline.json.performance.sample_every,1,Measured CPU/GPU run on attributed source video; detection accuracy not inferred from speed
benchmarks\original_pipeline.json.performance.processed_frames,480,Measured CPU/GPU run on attributed source video; detection accuracy not inferred from speed
benchmarks\original_pipeline.json.performance.decoded_frames,480,Measured CPU/GPU run on attributed source video; detection accuracy not inferred from speed
benchmarks\original_pipeline.json.performance.wall_seconds,24.632,Measured CPU/GPU run on attributed source video; detection accuracy not inferred from speed
benchmarks\original_pipeline.json.performance.processed_fps,19.487,Measured CPU/GPU run on attributed source video; detection accuracy not inferred from speed
benchmarks\original_pipeline.json.performance.video_seconds_per_wall_second,0.813,Measured CPU/GPU run on attributed source video; detection accuracy not inferred from speed
benchmarks\original_pipeline.json.performance.inference_ms.p50,40.773,Measured CPU/GPU run on attributed source video; detection accuracy not inferred from speed
benchmarks\original_pipeline.json.performance.inference_ms.p95,55.411,Measured CPU/GPU run on attributed source video; detection accuracy not inferred from speed
benchmarks\original_pipeline.json.performance.inference_ms.p99,62.294,Measured CPU/GPU run on attributed source video; detection accuracy not inferred from speed
benchmarks\original_pipeline.json.performance.memory_rss_mb,585.28,Measured CPU/GPU run on attributed source video; detection accuracy not inferred from speed
benchmarks\original_pipeline.json.performance.first_result_seconds,2.794,Measured CPU/GPU run on attributed source video; detection accuracy not inferred from speed
benchmarks\original_pipeline.json.performance.source_size_bytes,7867428,Measured CPU/GPU run on attributed source video; detection accuracy not inferred from speed
benchmarks\original_pipeline.json.performance.result_size_bytes,6763350,Measured CPU/GPU run on attributed source video; detection accuracy not inferred from speed
benchmarks\original_pipeline.json.summary.unique_tracks,359,Measured CPU/GPU run on attributed source video; detection accuracy not inferred from speed
benchmarks\original_pipeline.json.summary.classes.car,209,Measured CPU/GPU run on attributed source video; detection accuracy not inferred from speed
benchmarks\original_pipeline.json.summary.classes.person,129,Measured CPU/GPU run on attributed source video; detection accuracy not inferred from speed
benchmarks\original_pipeline.json.summary.classes.motorcycle,10,Measured CPU/GPU run on attributed source video; detection accuracy not inferred from speed
benchmarks\original_pipeline.json.summary.classes.truck,3,Measured CPU/GPU run on attributed source video; detection accuracy not inferred from speed
benchmarks\original_pipeline.json.summary.classes.bus,8,Measured CPU/GPU run on attributed source video; detection accuracy not inferred from speed
benchmarks\original_pipeline.json.summary.vehicles,230,Measured CPU/GPU run on attributed source video; detection accuracy not inferred from speed
benchmarks\original_pipeline.json.summary.pedestrians,129,Measured CPU/GPU run on attributed source video; detection accuracy not inferred from speed
benchmarks\original_pipeline.json.summary.cyclists,0,Measured CPU/GPU run on attributed source video; detection accuracy not inferred from speed
benchmarks\original_pipeline.json.summary.throughput,87,Measured CPU/GPU run on attributed source video; detection accuracy not inferred from speed
benchmarks\original_pipeline.json.summary.turns.N→W,3,Measured CPU/GPU run on attributed source video; detection accuracy not inferred from speed
benchmarks\original_pipeline.json.summary.turns.W→W,32,Measured CPU/GPU run on attributed source video; detection accuracy not inferred from speed
benchmarks\original_pipeline.json.summary.turns.S→N,10,Measured CPU/GPU run on attributed source video; detection accuracy not inferred from speed
benchmarks\original_pipeline.json.summary.turns.S→S,13,Measured CPU/GPU run on attributed source video; detection accuracy not inferred from speed
benchmarks\original_pipeline.json.summary.turns.N→N,14,Measured CPU/GPU run on attributed source video; detection accuracy not inferred from speed
benchmarks\original_pipeline.json.summary.turns.N→S,14,Measured CPU/GPU run on attributed source video; detection accuracy not inferred from speed
benchmarks\original_pipeline.json.summary.turns.S→W,1,Measured CPU/GPU run on attributed source video; detection accuracy not inferred from speed
benchmarks\original_pipeline.json.summary.max_queue,11,Measured CPU/GPU run on attributed source video; detection accuracy not inferred from speed
benchmarks\original_risk.json.splits.train.seed,1001,Synthetic independent scenarios; not real near-miss labels or field accuracy
benchmarks\original_risk.json.splits.train.n,6000,Synthetic independent scenarios; not real near-miss labels or field accuracy
benchmarks\original_risk.json.splits.validation.seed,2002,Synthetic independent scenarios; not real near-miss labels or field accuracy
benchmarks\original_risk.json.splits.validation.n,2000,Synthetic independent scenarios; not real near-miss labels or field accuracy
benchmarks\original_risk.json.splits.test.seed,3003,Synthetic independent scenarios; not real near-miss labels or field accuracy
benchmarks\original_risk.json.splits.test.n,3000,Synthetic independent scenarios; not real near-miss labels or field accuracy
benchmarks\original_risk.json.models.logistic_regression.auroc,0.9123558501683501,Synthetic independent scenarios; not real near-miss labels or field accuracy
benchmarks\original_risk.json.models.logistic_regression.auprc,0.6104253771680759,Synthetic independent scenarios; not real near-miss labels or field accuracy
benchmarks\original_risk.json.models.logistic_regression.precision,0.49734513274336284,Synthetic independent scenarios; not real near-miss labels or field accuracy
benchmarks\original_risk.json.models.logistic_regression.recall,0.7805555555555556,Synthetic independent scenarios; not real near-miss labels or field accuracy
benchmarks\original_risk.json.models.logistic_regression.f1,0.6075675675675676,Synthetic independent scenarios; not real near-miss labels or field accuracy
benchmarks\original_risk.json.models.logistic_regression.brier,0.06652450289746013,Synthetic independent scenarios; not real near-miss labels or field accuracy
benchmarks\original_risk.json.models.logistic_regression.ece,0.015433321267826896,Synthetic independent scenarios; not real near-miss labels or field accuracy
benchmarks\original_risk.json.models.logistic_regression.threshold,0.2,Synthetic independent scenarios; not real near-miss labels or field accuracy
benchmarks\original_risk.json.models.logistic_regression.confusion_matrix[0][0],2356,Synthetic independent scenarios; not real near-miss labels or field accuracy
benchmarks\original_risk.json.models.logistic_regression.confusion_matrix[0][1],284,Synthetic independent scenarios; not real near-miss labels or field accuracy
benchmarks\original_risk.json.models.logistic_regression.confusion_matrix[1][0],79,Synthetic independent scenarios; not real near-miss labels or field accuracy
benchmarks\original_risk.json.models.logistic_regression.confusion_matrix[1][1],281,Synthetic independent scenarios; not real near-miss labels or field accuracy
benchmarks\original_risk.json.models.logistic_regression.false_alerts_per_1000_pairs,94.66666666666666,Synthetic independent scenarios; not real near-miss labels or field accuracy
benchmarks\original_risk.json.models.logistic_regression.train_evaluate_seconds,0.05246000015176833,Synthetic independent scenarios; not real near-miss labels or field accuracy
benchmarks\original_risk.json.models.hist_gradient_boosting.auroc,0.9735048400673402,Synthetic independent scenarios; not real near-miss labels or field accuracy
benchmarks\original_risk.json.models.hist_gradient_boosting.auprc,0.8240434458645829,Synthetic independent scenarios; not real near-miss labels or field accuracy
benchmarks\original_risk.json.models.hist_gradient_boosting.precision,0.7309644670050761,Synthetic independent scenarios; not real near-miss labels or field accuracy
benchmarks\original_risk.json.models.hist_gradient_boosting.recall,0.8,Synthetic independent scenarios; not real near-miss labels or field accuracy
benchmarks\original_risk.json.models.hist_gradient_boosting.f1,0.7639257294429708,Synthetic independent scenarios; not real near-miss labels or field accuracy
benchmarks\original_risk.json.models.hist_gradient_boosting.brier,0.04136825847038837,Synthetic independent scenarios; not real near-miss labels or field accuracy
benchmarks\original_risk.json.models.hist_gradient_boosting.ece,0.009860810737952403,Synthetic independent scenarios; not real near-miss labels or field accuracy
benchmarks\original_risk.json.models.hist_gradient_boosting.threshold,0.4,Synthetic independent scenarios; not real near-miss labels or field accuracy
benchmarks\original_risk.json.models.hist_gradient_boosting.confusion_matrix[0][0],2534,Synthetic independent scenarios; not real near-miss labels or field accuracy
benchmarks\original_risk.json.models.hist_gradient_boosting.confusion_matrix[0][1],106,Synthetic independent scenarios; not real near-miss labels or field accuracy
benchmarks\original_risk.json.models.hist_gradient_boosting.confusion_matrix[1][0],72,Synthetic independent scenarios; not real near-miss labels or field accuracy
benchmarks\original_risk.json.models.hist_gradient_boosting.confusion_matrix[1][1],288,Synthetic independent scenarios; not real near-miss labels or field accuracy
benchmarks\original_risk.json.models.hist_gradient_boosting.false_alerts_per_1000_pairs,35.333333333333336,Synthetic independent scenarios; not real near-miss labels or field accuracy
benchmarks\original_risk.json.models.hist_gradient_boosting.train_evaluate_seconds,0.18272070004604757,Synthetic independent scenarios; not real near-miss labels or field accuracy
benchmarks\original_risk.json.test_prevalence,0.12,Synthetic independent scenarios; not real near-miss labels or field accuracy
benchmarks\original_simulation.json.runs[0].seed,42,"Seeded microscopic simulation, not a field trial; selection on separate tuning seeds"
benchmarks\original_simulation.json.runs[0].settings.seed,42,"Seeded microscopic simulation, not a field trial; selection on separate tuning seeds"
benchmarks\original_simulation.json.runs[0].settings.duration,300,"Seeded microscopic simulation, not a field trial; selection on separate tuning seeds"
benchmarks\original_simulation.json.runs[0].settings.demand[0],0.38,"Seeded microscopic simulation, not a field trial; selection on separate tuning seeds"
benchmarks\original_simulation.json.runs[0].settings.demand[1],0.12,"Seeded microscopic simulation, not a field trial; selection on separate tuning seeds"
benchmarks\original_simulation.json.runs[0].settings.demand[2],0.32,"Seeded microscopic simulation, not a field trial; selection on separate tuning seeds"
benchmarks\original_simulation.json.runs[0].settings.demand[3],0.1,"Seeded microscopic simulation, not a field trial; selection on separate tuning seeds"
benchmarks\original_simulation.json.runs[0].settings.pedestrian_rate,0.06,"Seeded microscopic simulation, not a field trial; selection on separate tuning seeds"
benchmarks\original_simulation.json.runs[0].settings.min_green,12,"Seeded microscopic simulation, not a field trial; selection on separate tuning seeds"
benchmarks\original_simulation.json.runs[0].settings.max_green,60,"Seeded microscopic simulation, not a field trial; selection on separate tuning seeds"
benchmarks\original_simulation.json.runs[0].settings.yellow,3,"Seeded microscopic simulation, not a field trial; selection on separate tuning seeds"
benchmarks\original_simulation.json.runs[0].settings.all_red,2,"Seeded microscopic simulation, not a field trial; selection on separate tuning seeds"
benchmarks\original_simulation.json.runs[0].settings.pedestrian_interval,12,"Seeded microscopic simulation, not a field trial; selection on separate tuning seeds"
benchmarks\original_simulation.json.runs[0].search.candidates,35,"Seeded microscopic simulation, not a field trial; selection on separate tuning seeds"
benchmarks\original_simulation.json.runs[0].search.tuning_seeds[0],143,"Seeded microscopic simulation, not a field trial; selection on separate tuning seeds"
benchmarks\original_simulation.json.runs[0].search.tuning_seeds[1],253,"Seeded microscopic simulation, not a field trial; selection on separate tuning seeds"
benchmarks\original_simulation.json.runs[0].search.selected.greens[0],30,"Seeded microscopic simulation, not a field trial; selection on separate tuning seeds"
benchmarks\original_simulation.json.runs[0].search.selected.greens[1],12,"Seeded microscopic simulation, not a field trial; selection on separate tuning seeds"
benchmarks\original_simulation.json.runs[0].search.selected.objective,42.174499999999995,"Seeded microscopic simulation, not a field trial; selection on separate tuning seeds"
benchmarks\original_simulation.json.runs[0].runs[0].greens[0],30,"Seeded microscopic simulation, not a field trial; selection on separate tuning seeds"
benchmarks\original_simulation.json.runs[0].runs[0].greens[1],30,"Seeded microscopic simulation, not a field trial; selection on separate tuning seeds"
benchmarks\original_simulation.json.runs[0].runs[0].metrics.delay,55.632,"Seeded microscopic simulation, not a field trial; selection on separate tuning seeds"
benchmarks\original_simulation.json.runs[0].runs[0].metrics.throughput,191,"Seeded microscopic simulation, not a field trial; selection on separate tuning seeds"
benchmarks\original_simulation.json.runs[0].runs[0].metrics.mean_queue,44.987,"Seeded microscopic simulation, not a field trial; selection on separate tuning seeds"
benchmarks\original_simulation.json.runs[0].runs[0].metrics.max_queue,89,"Seeded microscopic simulation, not a field trial; selection on separate tuning seeds"
benchmarks\original_simulation.json.runs[0].runs[0].metrics.stops,0.395,"Seeded microscopic simulation, not a field trial; selection on separate tuning seeds"
benchmarks\original_simulation.json.runs[0].runs[0].metrics.pedestrian_wait,30.694,"Seeded microscopic simulation, not a field trial; selection on separate tuning seeds"
benchmarks\original_simulation.json.runs[0].runs[0].metrics.arrived,291,"Seeded microscopic simulation, not a field trial; selection on separate tuning seeds"
benchmarks\original_simulation.json.runs[0].runs[0].metrics.unfinished,100,"Seeded microscopic simulation, not a field trial; selection on separate tuning seeds"
benchmarks\original_simulation.json.runs[0].runs[0].metrics.pedestrians_served,36,"Seeded microscopic simulation, not a field trial; selection on separate tuning seeds"
benchmarks\original_simulation.json.runs[0].runs[0].metrics.pedestrians_unserved,4,"Seeded microscopic simulation, not a field trial; selection on separate tuning seeds"
benchmarks\original_simulation.json.runs[0].runs[0].metrics.approach_delay[0],78.228,"Seeded microscopic simulation, not a field trial; selection on separate tuning seeds"
benchmarks\original_simulation.json.runs[0].runs[0].metrics.approach_delay[1],19.734,"Seeded microscopic simulation, not a field trial; selection on separate tuning seeds"
benchmarks\original_simulation.json.runs[0].runs[0].metrics.approach_delay[2],56.247,"Seeded microscopic simulation, not a field trial; selection on separate tuning seeds"
benchmarks\original_simulation.json.runs[0].runs[0].metrics.approach_delay[3],14.513,"Seeded microscopic simulation, not a field trial; selection on separate tuning seeds"
benchmarks\original_simulation.json.runs[0].runs[0].metrics.objective,82.944,"Seeded microscopic simulation, not a field trial; selection on separate tuning seeds"
benchmarks\original_simulation.json.runs[0].runs[1].metrics.delay,40.223,"Seeded microscopic simulation, not a field trial; selection on separate tuning seeds"
benchmarks\original_simulation.json.runs[0].runs[1].metrics.throughput,223,"Seeded microscopic simulation, not a field trial; selection on separate tuning seeds"
benchmarks\original_simulation.json.runs[0].runs[1].metrics.mean_queue,28.166,"Seeded microscopic simulation, not a field trial; selection on separate tuning seeds"
benchmarks\original_simulation.json.runs[0].runs[1].metrics.max_queue,54,"Seeded microscopic simulation, not a field trial; selection on separate tuning seeds"
benchmarks\original_simulation.json.runs[0].runs[1].metrics.stops,0.557,"Seeded microscopic simulation, not a field trial; selection on separate tuning seeds"
benchmarks\original_simulation.json.runs[0].runs[1].metrics.pedestrian_wait,34.806,"Seeded microscopic simulation, not a field trial; selection on separate tuning seeds"
benchmarks\original_simulation.json.runs[0].runs[1].metrics.arrived,291,"Seeded microscopic simulation, not a field trial; selection on separate tuning seeds"
benchmarks\original_simulation.json.runs[0].runs[1].metrics.unfinished,68,"Seeded microscopic simulation, not a field trial; selection on separate tuning seeds"
benchmarks\original_simulation.json.runs[0].runs[1].metrics.pedestrians_served,32,"Seeded microscopic simulation, not a field trial; selection on separate tuning seeds"
benchmarks\original_simulation.json.runs[0].runs[1].metrics.pedestrians_unserved,8,"Seeded microscopic simulation, not a field trial; selection on separate tuning seeds"
benchmarks\original_simulation.json.runs[0].runs[1].metrics.approach_delay[0],50.082,"Seeded microscopic simulation, not a field trial; selection on separate tuning seeds"
benchmarks\original_simulation.json.runs[0].runs[1].metrics.approach_delay[1],33.91,"Seeded microscopic simulation, not a field trial; selection on separate tuning seeds"
benchmarks\original_simulation.json.runs[0].runs[1].metrics.approach_delay[2],20.459,"Seeded microscopic simulation, not a field trial; selection on separate tuning seeds"
benchmarks\original_simulation.json.runs[0].runs[1].metrics.approach_delay[3],58.403,"Seeded microscopic simulation, not a field trial; selection on separate tuning seeds"
benchmarks\original_simulation.json.runs[0].runs[1].metrics.objective,61.124,"Seeded microscopic simulation, not a field trial; selection on separate tuning seeds"
benchmarks\original_simulation.json.runs[0].runs[2].greens[0],30,"Seeded microscopic simulation, not a field trial; selection on separate tuning seeds"
benchmarks\original_simulation.json.runs[0].runs[2].greens[1],12,"Seeded microscopic simulation, not a field trial; selection on separate tuning seeds"
benchmarks\original_simulation.json.runs[0].runs[2].metrics.delay,38.058,"Seeded microscopic simulation, not a field trial; selection on separate tuning seeds"
benchmarks\original_simulation.json.runs[0].runs[2].metrics.throughput,233,"Seeded microscopic simulation, not a field trial; selection on separate tuning seeds"
benchmarks\original_simulation.json.runs[0].runs[2].metrics.mean_queue,25.146,"Seeded microscopic simulation, not a field trial; selection on separate tuning seeds"
benchmarks\original_simulation.json.runs[0].runs[2].metrics.max_queue,51,"Seeded microscopic simulation, not a field trial; selection on separate tuning seeds"
benchmarks\original_simulation.json.runs[0].runs[2].metrics.stops,0.612,"Seeded microscopic simulation, not a field trial; selection on separate tuning seeds"
benchmarks\original_simulation.json.runs[0].runs[2].metrics.pedestrian_wait,25.294,"Seeded microscopic simulation, not a field trial; selection on separate tuning seeds"
benchmarks\original_simulation.json.runs[0].runs[2].metrics.arrived,291,"Seeded microscopic simulation, not a field trial; selection on separate tuning seeds"
benchmarks\original_simulation.json.runs[0].runs[2].metrics.unfinished,58,"Seeded microscopic simulation, not a field trial; selection on separate tuning seeds"
benchmarks\original_simulation.json.runs[0].runs[2].metrics.pedestrians_served,36,"Seeded microscopic simulation, not a field trial; selection on separate tuning seeds"
benchmarks\original_simulation.json.runs[0].runs[2].metrics.pedestrians_unserved,4,"Seeded microscopic simulation, not a field trial; selection on separate tuning seeds"
benchmarks\original_simulation.json.runs[0].runs[2].metrics.approach_delay[0],50.092,"Seeded microscopic simulation, not a field trial; selection on separate tuning seeds"
benchmarks\original_simulation.json.runs[0].runs[2].metrics.approach_delay[1],26.733,"Seeded microscopic simulation, not a field trial; selection on separate tuning seeds"
benchmarks\original_simulation.json.runs[0].runs[2].metrics.approach_delay[2],20.439,"Seeded microscopic simulation, not a field trial; selection on separate tuning seeds"
benchmarks\original_simulation.json.runs[0].runs[2].metrics.approach_delay[3],48.938,"Seeded microscopic simulation, not a field trial; selection on separate tuning seeds"
benchmarks\original_simulation.json.runs[0].runs[2].metrics.objective,55.776,"Seeded microscopic simulation, not a field trial; selection on separate tuning seeds"
benchmarks\original_simulation.json.runs[0].improvement_pct.delay,31.59,"Seeded microscopic simulation, not a field trial; selection on separate tuning seeds"
benchmarks\original_simulation.json.runs[0].improvement_pct.mean_queue,44.1,"Seeded microscopic simulation, not a field trial; selection on separate tuning seeds"
benchmarks\original_simulation.json.runs[0].improvement_pct.stops,-54.94,"Seeded microscopic simulation, not a field trial; selection on separate tuning seeds"
benchmarks\original_simulation.json.runs[0].improvement_pct.pedestrian_wait,17.59,"Seeded microscopic simulation, not a field trial; selection on separate tuning seeds"
benchmarks\original_simulation.json.runs[0].improvement_pct.throughput,21.99,"Seeded microscopic simulation, not a field trial; selection on separate tuning seeds"
benchmarks\original_simulation.json.runs[1].seed,43,"Seeded microscopic simulation, not a field trial; selection on separate tuning seeds"
benchmarks\original_simulation.json.runs[1].settings.seed,43,"Seeded microscopic simulation, not a field trial; selection on separate tuning seeds"
benchmarks\original_simulation.json.runs[1].settings.duration,300,"Seeded microscopic simulation, not a field trial; selection on separate tuning seeds"
benchmarks\original_simulation.json.runs[1].settings.demand[0],0.38,"Seeded microscopic simulation, not a field trial; selection on separate tuning seeds"
benchmarks\original_simulation.json.runs[1].settings.demand[1],0.12,"Seeded microscopic simulation, not a field trial; selection on separate tuning seeds"
benchmarks\original_simulation.json.runs[1].settings.demand[2],0.32,"Seeded microscopic simulation, not a field trial; selection on separate tuning seeds"
benchmarks\original_simulation.json.runs[1].settings.demand[3],0.1,"Seeded microscopic simulation, not a field trial; selection on separate tuning seeds"
benchmarks\original_simulation.json.runs[1].settings.pedestrian_rate,0.06,"Seeded microscopic simulation, not a field trial; selection on separate tuning seeds"
benchmarks\original_simulation.json.runs[1].settings.min_green,12,"Seeded microscopic simulation, not a field trial; selection on separate tuning seeds"
benchmarks\original_simulation.json.runs[1].settings.max_green,60,"Seeded microscopic simulation, not a field trial; selection on separate tuning seeds"
benchmarks\original_simulation.json.runs[1].settings.yellow,3,"Seeded microscopic simulation, not a field trial; selection on separate tuning seeds"
benchmarks\original_simulation.json.runs[1].settings.all_red,2,"Seeded microscopic simulation, not a field trial; selection on separate tuning seeds"
benchmarks\original_simulation.json.runs[1].settings.pedestrian_interval,12,"Seeded microscopic simulation, not a field trial; selection on separate tuning seeds"
benchmarks\original_simulation.json.runs[1].search.candidates,35,"Seeded microscopic simulation, not a field trial; selection on separate tuning seeds"
benchmarks\original_simulation.json.runs[1].search.tuning_seeds[0],144,"Seeded microscopic simulation, not a field trial; selection on separate tuning seeds"
benchmarks\original_simulation.json.runs[1].search.tuning_seeds[1],254,"Seeded microscopic simulation, not a field trial; selection on separate tuning seeds"
benchmarks\original_simulation.json.runs[1].search.selected.greens[0],40,"Seeded microscopic simulation, not a field trial; selection on separate tuning seeds"
benchmarks\original_simulation.json.runs[1].search.selected.greens[1],12,"Seeded microscopic simulation, not a field trial; selection on separate tuning seeds"
benchmarks\original_simulation.json.runs[1].search.selected.objective,45.835499999999996,"Seeded microscopic simulation, not a field trial; selection on separate tuning seeds"
benchmarks\original_simulation.json.runs[1].runs[0].greens[0],30,"Seeded microscopic simulation, not a field trial; selection on separate tuning seeds"
benchmarks\original_simulation.json.runs[1].runs[0].greens[1],30,"Seeded microscopic simulation, not a field trial; selection on separate tuning seeds"
benchmarks\original_simulation.json.runs[1].runs[0].metrics.delay,47.4,"Seeded microscopic simulation, not a field trial; selection on separate tuning seeds"
benchmarks\original_simulation.json.runs[1].runs[0].metrics.throughput,187,"Seeded microscopic simulation, not a field trial; selection on separate tuning seeds"
benchmarks\original_simulation.json.runs[1].runs[0].metrics.mean_queue,33.226,"Seeded microscopic simulation, not a field trial; selection on separate tuning seeds"
benchmarks\original_simulation.json.runs[1].runs[0].metrics.max_queue,69,"Seeded microscopic simulation, not a field trial; selection on separate tuning seeds"
benchmarks\original_simulation.json.runs[1].runs[0].metrics.stops,0.431,"Seeded microscopic simulation, not a field trial; selection on separate tuning seeds"
benchmarks\original_simulation.json.runs[1].runs[0].metrics.pedestrian_wait,30.363,"Seeded microscopic simulation, not a field trial; selection on separate tuning seeds"
benchmarks\original_simulation.json.runs[1].runs[0].metrics.arrived,267,"Seeded microscopic simulation, not a field trial; selection on separate tuning seeds"
benchmarks\original_simulation.json.runs[1].runs[0].metrics.unfinished,80,"Seeded microscopic simulation, not a field trial; selection on separate tuning seeds"
benchmarks\original_simulation.json.runs[1].runs[0].metrics.pedestrians_served,30,"Seeded microscopic simulation, not a field trial; selection on separate tuning seeds"
benchmarks\original_simulation.json.runs[1].runs[0].metrics.pedestrians_unserved,6,"Seeded microscopic simulation, not a field trial; selection on separate tuning seeds"
benchmarks\original_simulation.json.runs[1].runs[0].metrics.approach_delay[0],69.558,"Seeded microscopic simulation, not a field trial; selection on separate tuning seeds"
benchmarks\original_simulation.json.runs[1].runs[0].metrics.approach_delay[1],15.376,"Seeded microscopic simulation, not a field trial; selection on separate tuning seeds"
benchmarks\original_simulation.json.runs[1].runs[0].metrics.approach_delay[2],43.532,"Seeded microscopic simulation, not a field trial; selection on separate tuning seeds"
benchmarks\original_simulation.json.runs[1].runs[0].metrics.approach_delay[3],19.013,"Seeded microscopic simulation, not a field trial; selection on separate tuning seeds"
benchmarks\original_simulation.json.runs[1].runs[0].metrics.objective,70.778,"Seeded microscopic simulation, not a field trial; selection on separate tuning seeds"
benchmarks\original_simulation.json.runs[1].runs[1].metrics.delay,25.594,"Seeded microscopic simulation, not a field trial; selection on separate tuning seeds"
benchmarks\original_simulation.json.runs[1].runs[1].metrics.throughput,222,"Seeded microscopic simulation, not a field trial; selection on separate tuning seeds"
benchmarks\original_simulation.json.runs[1].runs[1].metrics.mean_queue,13.01,"Seeded microscopic simulation, not a field trial; selection on separate tuning seeds"
benchmarks\original_simulation.json.runs[1].runs[1].metrics.max_queue,32,"Seeded microscopic simulation, not a field trial; selection on separate tuning seeds"
benchmarks\original_simulation.json.runs[1].runs[1].metrics.stops,0.547,"Seeded microscopic simulation, not a field trial; selection on separate tuning seeds"
benchmarks\original_simulation.json.runs[1].runs[1].metrics.pedestrian_wait,27.807,"Seeded microscopic simulation, not a field trial; selection on separate tuning seeds"
benchmarks\original_simulation.json.runs[1].runs[1].metrics.arrived,267,"Seeded microscopic simulation, not a field trial; selection on separate tuning seeds"
benchmarks\original_simulation.json.runs[1].runs[1].metrics.unfinished,45,"Seeded microscopic simulation, not a field trial; selection on separate tuning seeds"
benchmarks\original_simulation.json.runs[1].runs[1].metrics.pedestrians_served,33,"Seeded microscopic simulation, not a field trial; selection on separate tuning seeds"
benchmarks\original_simulation.json.runs[1].runs[1].metrics.pedestrians_unserved,3,"Seeded microscopic simulation, not a field trial; selection on separate tuning seeds"
benchmarks\original_simulation.json.runs[1].runs[1].metrics.approach_delay[0],30.848,"Seeded microscopic simulation, not a field trial; selection on separate tuning seeds"
benchmarks\original_simulation.json.runs[1].runs[1].metrics.approach_delay[1],26.254,"Seeded microscopic simulation, not a field trial; selection on separate tuning seeds"
benchmarks\original_simulation.json.runs[1].runs[1].metrics.approach_delay[2],16.165,"Seeded microscopic simulation, not a field trial; selection on separate tuning seeds"
benchmarks\original_simulation.json.runs[1].runs[1].metrics.approach_delay[3],33.563,"Seeded microscopic simulation, not a field trial; selection on separate tuning seeds"
benchmarks\original_simulation.json.runs[1].runs[1].metrics.objective,39.312,"Seeded microscopic simulation, not a field trial; selection on separate tuning seeds"
benchmarks\original_simulation.json.runs[1].runs[2].greens[0],40,"Seeded microscopic simulation, not a field trial; selection on separate tuning seeds"
benchmarks\original_simulation.json.runs[1].runs[2].greens[1],12,"Seeded microscopic simulation, not a field trial; selection on separate tuning seeds"
benchmarks\original_simulation.json.runs[1].runs[2].metrics.delay,26.21,"Seeded microscopic simulation, not a field trial; selection on separate tuning seeds"
benchmarks\original_simulation.json.runs[1].runs[2].metrics.throughput,226,"Seeded microscopic simulation, not a field trial; selection on separate tuning seeds"
benchmarks\original_simulation.json.runs[1].runs[2].metrics.mean_queue,13.505,"Seeded microscopic simulation, not a field trial; selection on separate tuning seeds"
benchmarks\original_simulation.json.runs[1].runs[2].metrics.max_queue,30,"Seeded microscopic simulation, not a field trial; selection on separate tuning seeds"
benchmarks\original_simulation.json.runs[1].runs[2].metrics.stops,0.521,"Seeded microscopic simulation, not a field trial; selection on separate tuning seeds"
benchmarks\original_simulation.json.runs[1].runs[2].metrics.pedestrian_wait,29.474,"Seeded microscopic simulation, not a field trial; selection on separate tuning seeds"
benchmarks\original_simulation.json.runs[1].runs[2].metrics.arrived,267,"Seeded microscopic simulation, not a field trial; selection on separate tuning seeds"
benchmarks\original_simulation.json.runs[1].runs[2].metrics.unfinished,41,"Seeded microscopic simulation, not a field trial; selection on separate tuning seeds"
benchmarks\original_simulation.json.runs[1].runs[2].metrics.pedestrians_served,29,"Seeded microscopic simulation, not a field trial; selection on separate tuning seeds"
benchmarks\original_simulation.json.runs[1].runs[2].metrics.pedestrians_unserved,7,"Seeded microscopic simulation, not a field trial; selection on separate tuning seeds"
benchmarks\original_simulation.json.runs[1].runs[2].metrics.approach_delay[0],28.36,"Seeded microscopic simulation, not a field trial; selection on separate tuning seeds"
benchmarks\original_simulation.json.runs[1].runs[2].metrics.approach_delay[1],26.782,"Seeded microscopic simulation, not a field trial; selection on separate tuning seeds"
benchmarks\original_simulation.json.runs[1].runs[2].metrics.approach_delay[2],13.828,"Seeded microscopic simulation, not a field trial; selection on separate tuning seeds"
benchmarks\original_simulation.json.runs[1].runs[2].metrics.approach_delay[3],50.654,"Seeded microscopic simulation, not a field trial; selection on separate tuning seeds"
benchmarks\original_simulation.json.runs[1].runs[2].metrics.objective,41.67,"Seeded microscopic simulation, not a field trial; selection on separate tuning seeds"
benchmarks\original_simulation.json.runs[1].improvement_pct.delay,44.7,"Seeded microscopic simulation, not a field trial; selection on separate tuning seeds"
benchmarks\original_simulation.json.runs[1].improvement_pct.mean_queue,59.35,"Seeded microscopic simulation, not a field trial; selection on separate tuning seeds"
benchmarks\original_simulation.json.runs[1].improvement_pct.stops,-20.88,"Seeded microscopic simulation, not a field trial; selection on separate tuning seeds"
benchmarks\original_simulation.json.runs[1].improvement_pct.pedestrian_wait,2.93,"Seeded microscopic simulation, not a field trial; selection on separate tuning seeds"
benchmarks\original_simulation.json.runs[1].improvement_pct.throughput,20.86,"Seeded microscopic simulation, not a field trial; selection on separate tuning seeds"
benchmarks\original_simulation.json.runs[2].seed,44,"Seeded microscopic simulation, not a field trial; selection on separate tuning seeds"
benchmarks\original_simulation.json.runs[2].settings.seed,44,"Seeded microscopic simulation, not a field trial; selection on separate tuning seeds"
benchmarks\original_simulation.json.runs[2].settings.duration,300,"Seeded microscopic simulation, not a field trial; selection on separate tuning seeds"
benchmarks\original_simulation.json.runs[2].settings.demand[0],0.38,"Seeded microscopic simulation, not a field trial; selection on separate tuning seeds"
benchmarks\original_simulation.json.runs[2].settings.demand[1],0.12,"Seeded microscopic simulation, not a field trial; selection on separate tuning seeds"
benchmarks\original_simulation.json.runs[2].settings.demand[2],0.32,"Seeded microscopic simulation, not a field trial; selection on separate tuning seeds"
benchmarks\original_simulation.json.runs[2].settings.demand[3],0.1,"Seeded microscopic simulation, not a field trial; selection on separate tuning seeds"
benchmarks\original_simulation.json.runs[2].settings.pedestrian_rate,0.06,"Seeded microscopic simulation, not a field trial; selection on separate tuning seeds"
benchmarks\original_simulation.json.runs[2].settings.min_green,12,"Seeded microscopic simulation, not a field trial; selection on separate tuning seeds"
benchmarks\original_simulation.json.runs[2].settings.max_green,60,"Seeded microscopic simulation, not a field trial; selection on separate tuning seeds"
benchmarks\original_simulation.json.runs[2].settings.yellow,3,"Seeded microscopic simulation, not a field trial; selection on separate tuning seeds"
benchmarks\original_simulation.json.runs[2].settings.all_red,2,"Seeded microscopic simulation, not a field trial; selection on separate tuning seeds"
benchmarks\original_simulation.json.runs[2].settings.pedestrian_interval,12,"Seeded microscopic simulation, not a field trial; selection on separate tuning seeds"
benchmarks\original_simulation.json.runs[2].search.candidates,35,"Seeded microscopic simulation, not a field trial; selection on separate tuning seeds"
benchmarks\original_simulation.json.runs[2].search.tuning_seeds[0],145,"Seeded microscopic simulation, not a field trial; selection on separate tuning seeds"
benchmarks\original_simulation.json.runs[2].search.tuning_seeds[1],255,"Seeded microscopic simulation, not a field trial; selection on separate tuning seeds"
benchmarks\original_simulation.json.runs[2].search.selected.greens[0],30,"Seeded microscopic simulation, not a field trial; selection on separate tuning seeds"
benchmarks\original_simulation.json.runs[2].search.selected.greens[1],12,"Seeded microscopic simulation, not a field trial; selection on separate tuning seeds"
benchmarks\original_simulation.json.runs[2].search.selected.objective,50.168,"Seeded microscopic simulation, not a field trial; selection on separate tuning seeds"
benchmarks\original_simulation.json.runs[2].runs[0].greens[0],30,"Seeded microscopic simulation, not a field trial; selection on separate tuning seeds"
benchmarks\original_simulation.json.runs[2].runs[0].greens[1],30,"Seeded microscopic simulation, not a field trial; selection on separate tuning seeds"
benchmarks\original_simulation.json.runs[2].runs[0].metrics.delay,51.446,"Seeded microscopic simulation, not a field trial; selection on separate tuning seeds"
benchmarks\original_simulation.json.runs[2].runs[0].metrics.throughput,199,"Seeded microscopic simulation, not a field trial; selection on separate tuning seeds"
benchmarks\original_simulation.json.runs[2].runs[0].metrics.mean_queue,43.256,"Seeded microscopic simulation, not a field trial; selection on separate tuning seeds"
benchmarks\original_simulation.json.runs[2].runs[0].metrics.max_queue,101,"Seeded microscopic simulation, not a field trial; selection on separate tuning seeds"
benchmarks\original_simulation.json.runs[2].runs[0].metrics.stops,0.406,"Seeded microscopic simulation, not a field trial; selection on separate tuning seeds"
benchmarks\original_simulation.json.runs[2].runs[0].metrics.pedestrian_wait,34.889,"Seeded microscopic simulation, not a field trial; selection on separate tuning seeds"
benchmarks\original_simulation.json.runs[2].runs[0].metrics.arrived,308,"Seeded microscopic simulation, not a field trial; selection on separate tuning seeds"
benchmarks\original_simulation.json.runs[2].runs[0].metrics.unfinished,109,"Seeded microscopic simulation, not a field trial; selection on separate tuning seeds"
benchmarks\original_simulation.json.runs[2].runs[0].metrics.pedestrians_served,31,"Seeded microscopic simulation, not a field trial; selection on separate tuning seeds"
benchmarks\original_simulation.json.runs[2].runs[0].metrics.pedestrians_unserved,5,"Seeded microscopic simulation, not a field trial; selection on separate tuning seeds"
benchmarks\original_simulation.json.runs[2].runs[0].metrics.approach_delay[0],61.054,"Seeded microscopic simulation, not a field trial; selection on separate tuning seeds"
benchmarks\original_simulation.json.runs[2].runs[0].metrics.approach_delay[1],17.239,"Seeded microscopic simulation, not a field trial; selection on separate tuning seeds"
benchmarks\original_simulation.json.runs[2].runs[0].metrics.approach_delay[2],60.489,"Seeded microscopic simulation, not a field trial; selection on separate tuning seeds"
benchmarks\original_simulation.json.runs[2].runs[0].metrics.approach_delay[3],22.98,"Seeded microscopic simulation, not a field trial; selection on separate tuning seeds"
benchmarks\original_simulation.json.runs[2].runs[0].metrics.objective,79.679,"Seeded microscopic simulation, not a field trial; selection on separate tuning seeds"
benchmarks\original_simulation.json.runs[2].runs[1].metrics.delay,34.779,"Seeded microscopic simulation, not a field trial; selection on separate tuning seeds"
benchmarks\original_simulation.json.runs[2].runs[1].metrics.throughput,238,"Seeded microscopic simulation, not a field trial; selection on separate tuning seeds"
benchmarks\original_simulation.json.runs[2].runs[1].metrics.mean_queue,24.246,"Seeded microscopic simulation, not a field trial; selection on separate tuning seeds"
benchmarks\original_simulation.json.runs[2].runs[1].metrics.max_queue,56,"Seeded microscopic simulation, not a field trial; selection on separate tuning seeds"
benchmarks\original_simulation.json.runs[2].runs[1].metrics.stops,0.578,"Seeded microscopic simulation, not a field trial; selection on separate tuning seeds"
benchmarks\original_simulation.json.runs[2].runs[1].metrics.pedestrian_wait,28.639,"Seeded microscopic simulation, not a field trial; selection on separate tuning seeds"
benchmarks\original_simulation.json.runs[2].runs[1].metrics.arrived,308,"Seeded microscopic simulation, not a field trial; selection on separate tuning seeds"
benchmarks\original_simulation.json.runs[2].runs[1].metrics.unfinished,70,"Seeded microscopic simulation, not a field trial; selection on separate tuning seeds"
benchmarks\original_simulation.json.runs[2].runs[1].metrics.pedestrians_served,31,"Seeded microscopic simulation, not a field trial; selection on separate tuning seeds"
benchmarks\original_simulation.json.runs[2].runs[1].metrics.pedestrians_unserved,5,"Seeded microscopic simulation, not a field trial; selection on separate tuning seeds"
benchmarks\original_simulation.json.runs[2].runs[1].metrics.approach_delay[0],32.558,"Seeded microscopic simulation, not a field trial; selection on separate tuning seeds"
benchmarks\original_simulation.json.runs[2].runs[1].metrics.approach_delay[1],37.296,"Seeded microscopic simulation, not a field trial; selection on separate tuning seeds"
benchmarks\original_simulation.json.runs[2].runs[1].metrics.approach_delay[2],29.436,"Seeded microscopic simulation, not a field trial; selection on separate tuning seeds"
benchmarks\original_simulation.json.runs[2].runs[1].metrics.approach_delay[3],56.14,"Seeded microscopic simulation, not a field trial; selection on separate tuning seeds"
benchmarks\original_simulation.json.runs[2].runs[1].metrics.objective,54.521,"Seeded microscopic simulation, not a field trial; selection on separate tuning seeds"
benchmarks\original_simulation.json.runs[2].runs[2].greens[0],30,"Seeded microscopic simulation, not a field trial; selection on separate tuning seeds"
benchmarks\original_simulation.json.runs[2].runs[2].greens[1],12,"Seeded microscopic simulation, not a field trial; selection on separate tuning seeds"
benchmarks\original_simulation.json.runs[2].runs[2].metrics.delay,32.824,"Seeded microscopic simulation, not a field trial; selection on separate tuning seeds"
benchmarks\original_simulation.json.runs[2].runs[2].metrics.throughput,244,"Seeded microscopic simulation, not a field trial; selection on separate tuning seeds"
benchmarks\original_simulation.json.runs[2].runs[2].metrics.mean_queue,21.661,"Seeded microscopic simulation, not a field trial; selection on separate tuning seeds"
benchmarks\original_simulation.json.runs[2].runs[2].metrics.max_queue,54,"Seeded microscopic simulation, not a field trial; selection on separate tuning seeds"
benchmarks\original_simulation.json.runs[2].runs[2].metrics.stops,0.591,"Seeded microscopic simulation, not a field trial; selection on separate tuning seeds"
benchmarks\original_simulation.json.runs[2].runs[2].metrics.pedestrian_wait,26.167,"Seeded microscopic simulation, not a field trial; selection on separate tuning seeds"
benchmarks\original_simulation.json.runs[2].runs[2].metrics.arrived,308,"Seeded microscopic simulation, not a field trial; selection on separate tuning seeds"
benchmarks\original_simulation.json.runs[2].runs[2].metrics.unfinished,64,"Seeded microscopic simulation, not a field trial; selection on separate tuning seeds"
benchmarks\original_simulation.json.runs[2].runs[2].metrics.pedestrians_served,33,"Seeded microscopic simulation, not a field trial; selection on separate tuning seeds"
benchmarks\original_simulation.json.runs[2].runs[2].metrics.pedestrians_unserved,3,"Seeded microscopic simulation, not a field trial; selection on separate tuning seeds"
benchmarks\original_simulation.json.runs[2].runs[2].metrics.approach_delay[0],31.5,"Seeded microscopic simulation, not a field trial; selection on separate tuning seeds"
benchmarks\original_simulation.json.runs[2].runs[2].metrics.approach_delay[1],30.917,"Seeded microscopic simulation, not a field trial; selection on separate tuning seeds"
benchmarks\original_simulation.json.runs[2].runs[2].metrics.approach_delay[2],30.685,"Seeded microscopic simulation, not a field trial; selection on separate tuning seeds"
benchmarks\original_simulation.json.runs[2].runs[2].metrics.approach_delay[3],45.268,"Seeded microscopic simulation, not a field trial; selection on separate tuning seeds"
benchmarks\original_simulation.json.runs[2].runs[2].metrics.objective,50.684,"Seeded microscopic simulation, not a field trial; selection on separate tuning seeds"
benchmarks\original_simulation.json.runs[2].improvement_pct.delay,36.2,"Seeded microscopic simulation, not a field trial; selection on separate tuning seeds"
benchmarks\original_simulation.json.runs[2].improvement_pct.mean_queue,49.92,"Seeded microscopic simulation, not a field trial; selection on separate tuning seeds"
benchmarks\original_simulation.json.runs[2].improvement_pct.stops,-45.57,"Seeded microscopic simulation, not a field trial; selection on separate tuning seeds"
benchmarks\original_simulation.json.runs[2].improvement_pct.pedestrian_wait,25.0,"Seeded microscopic simulation, not a field trial; selection on separate tuning seeds"
benchmarks\original_simulation.json.runs[2].improvement_pct.throughput,22.61,"Seeded microscopic simulation, not a field trial; selection on separate tuning seeds"
benchmarks\original_simulation.json.mean_delay_reduction_pct,37.49666666666667,"Seeded microscopic simulation, not a field trial; selection on separate tuning seeds"
benchmarks\original_simulation.json.delay_reduction_std_pct,5.430103334396338,"Seeded microscopic simulation, not a field trial; selection on separate tuning seeds"
benchmarks\original_simulation.json.seeds[0],42,"Seeded microscopic simulation, not a field trial; selection on separate tuning seeds"
benchmarks\original_simulation.json.seeds[1],43,"Seeded microscopic simulation, not a field trial; selection on separate tuning seeds"
benchmarks\original_simulation.json.seeds[2],44,"Seeded microscopic simulation, not a field trial; selection on separate tuning seeds"
benchmarks\original_streams.json.scenarios[0].concurrent_streams,1,Actual concurrent CPU inference on the same attributed demo; process startup included
benchmarks\original_streams.json.scenarios[0].total_frames,480,Actual concurrent CPU inference on the same attributed demo; process startup included
benchmarks\original_streams.json.scenarios[0].wall_seconds,25.16821760009043,Actual concurrent CPU inference on the same attributed demo; process startup included
benchmarks\original_streams.json.scenarios[0].aggregate_fps,19.071672361823325,Actual concurrent CPU inference on the same attributed demo; process startup included
benchmarks\original_streams.json.scenarios[0].runs[0].resolution,960,Actual concurrent CPU inference on the same attributed demo; process startup included
benchmarks\original_streams.json.scenarios[0].runs[0].sample_every,1,Actual concurrent CPU inference on the same attributed demo; process startup included
benchmarks\original_streams.json.scenarios[0].runs[0].processed_frames,480,Actual concurrent CPU inference on the same attributed demo; process startup included
benchmarks\original_streams.json.scenarios[0].runs[0].decoded_frames,480,Actual concurrent CPU inference on the same attributed demo; process startup included
benchmarks\original_streams.json.scenarios[0].runs[0].wall_seconds,23.085,Actual concurrent CPU inference on the same attributed demo; process startup included
benchmarks\original_streams.json.scenarios[0].runs[0].processed_fps,20.793,Actual concurrent CPU inference on the same attributed demo; process startup included
benchmarks\original_streams.json.scenarios[0].runs[0].video_seconds_per_wall_second,0.867,Actual concurrent CPU inference on the same attributed demo; process startup included
benchmarks\original_streams.json.scenarios[0].runs[0].inference_ms.p50,39.084,Actual concurrent CPU inference on the same attributed demo; process startup included
benchmarks\original_streams.json.scenarios[0].runs[0].inference_ms.p95,49.814,Actual concurrent CPU inference on the same attributed demo; process startup included
benchmarks\original_streams.json.scenarios[0].runs[0].inference_ms.p99,54.979,Actual concurrent CPU inference on the same attributed demo; process startup included
benchmarks\original_streams.json.scenarios[0].runs[0].memory_rss_mb,585.02,Actual concurrent CPU inference on the same attributed demo; process startup included
benchmarks\original_streams.json.scenarios[0].runs[0].first_result_seconds,2.41,Actual concurrent CPU inference on the same attributed demo; process startup included
benchmarks\original_streams.json.scenarios[0].runs[0].source_size_bytes,7867428,Actual concurrent CPU inference on the same attributed demo; process startup included
benchmarks\original_streams.json.scenarios[0].runs[0].result_size_bytes,6763343,Actual concurrent CPU inference on the same attributed demo; process startup included
benchmarks\original_streams.json.scenarios[1].concurrent_streams,2,Actual concurrent CPU inference on the same attributed demo; process startup included
benchmarks\original_streams.json.scenarios[1].total_frames,960,Actual concurrent CPU inference on the same attributed demo; process startup included
benchmarks\original_streams.json.scenarios[1].wall_seconds,41.64118349994533,Actual concurrent CPU inference on the same attributed demo; process startup included
benchmarks\original_streams.json.scenarios[1].aggregate_fps,23.054099795248625,Actual concurrent CPU inference on the same attributed demo; process startup included
benchmarks\original_streams.json.scenarios[1].runs[0].resolution,960,Actual concurrent CPU inference on the same attributed demo; process startup included
benchmarks\original_streams.json.scenarios[1].runs[0].sample_every,1,Actual concurrent CPU inference on the same attributed demo; process startup included
benchmarks\original_streams.json.scenarios[1].runs[0].processed_frames,480,Actual concurrent CPU inference on the same attributed demo; process startup included
benchmarks\original_streams.json.scenarios[1].runs[0].decoded_frames,480,Actual concurrent CPU inference on the same attributed demo; process startup included
benchmarks\original_streams.json.scenarios[1].runs[0].wall_seconds,39.281,Actual concurrent CPU inference on the same attributed demo; process startup included
benchmarks\original_streams.json.scenarios[1].runs[0].processed_fps,12.22,Actual concurrent CPU inference on the same attributed demo; process startup included
benchmarks\original_streams.json.scenarios[1].runs[0].video_seconds_per_wall_second,0.51,Actual concurrent CPU inference on the same attributed demo; process startup included
benchmarks\original_streams.json.scenarios[1].runs[0].inference_ms.p50,69.988,Actual concurrent CPU inference on the same attributed demo; process startup included
benchmarks\original_streams.json.scenarios[1].runs[0].inference_ms.p95,79.657,Actual concurrent CPU inference on the same attributed demo; process startup included
benchmarks\original_streams.json.scenarios[1].runs[0].inference_ms.p99,85.033,Actual concurrent CPU inference on the same attributed demo; process startup included
benchmarks\original_streams.json.scenarios[1].runs[0].memory_rss_mb,579.33,Actual concurrent CPU inference on the same attributed demo; process startup included
benchmarks\original_streams.json.scenarios[1].runs[0].first_result_seconds,2.795,Actual concurrent CPU inference on the same attributed demo; process startup included
benchmarks\original_streams.json.scenarios[1].runs[0].source_size_bytes,7867428,Actual concurrent CPU inference on the same attributed demo; process startup included
benchmarks\original_streams.json.scenarios[1].runs[0].result_size_bytes,6763347,Actual concurrent CPU inference on the same attributed demo; process startup included
benchmarks\original_streams.json.scenarios[1].runs[1].resolution,960,Actual concurrent CPU inference on the same attributed demo; process startup included
benchmarks\original_streams.json.scenarios[1].runs[1].sample_every,1,Actual concurrent CPU inference on the same attributed demo; process startup included
benchmarks\original_streams.json.scenarios[1].runs[1].processed_frames,480,Actual concurrent CPU inference on the same attributed demo; process startup included
benchmarks\original_streams.json.scenarios[1].runs[1].decoded_frames,480,Actual concurrent CPU inference on the same attributed demo; process startup included
benchmarks\original_streams.json.scenarios[1].runs[1].wall_seconds,38.999,Actual concurrent CPU inference on the same attributed demo; process startup included
benchmarks\original_streams.json.scenarios[1].runs[1].processed_fps,12.308,Actual concurrent CPU inference on the same attributed demo; process startup included
benchmarks\original_streams.json.scenarios[1].runs[1].video_seconds_per_wall_second,0.513,Actual concurrent CPU inference on the same attributed demo; process startup included
benchmarks\original_streams.json.scenarios[1].runs[1].inference_ms.p50,69.152,Actual concurrent CPU inference on the same attributed demo; process startup included
benchmarks\original_streams.json.scenarios[1].runs[1].inference_ms.p95,78.563,Actual concurrent CPU inference on the same attributed demo; process startup included
benchmarks\original_streams.json.scenarios[1].runs[1].inference_ms.p99,85.078,Actual concurrent CPU inference on the same attributed demo; process startup included
benchmarks\original_streams.json.scenarios[1].runs[1].memory_rss_mb,580.42,Actual concurrent CPU inference on the same attributed demo; process startup included
benchmarks\original_streams.json.scenarios[1].runs[1].first_result_seconds,2.793,Actual concurrent CPU inference on the same attributed demo; process startup included
benchmarks\original_streams.json.scenarios[1].runs[1].source_size_bytes,7867428,Actual concurrent CPU inference on the same attributed demo; process startup included
benchmarks\original_streams.json.scenarios[1].runs[1].result_size_bytes,6763359,Actual concurrent CPU inference on the same attributed demo; process startup included
benchmarks\original_sumo.json.seed,42,"Independent SUMO cross-check using matched seeded arrivals and vehicle mix. ATLAS timing selected in the portable simulator, not optimized directly in SUMO. Includes reported unfinished trips; not-inserted demand listed separately. No pedestrians or turns in this validation network."
benchmarks\original_sumo.json.runs.baseline.greens[0],30,"Independent SUMO cross-check using matched seeded arrivals and vehicle mix. ATLAS timing selected in the portable simulator, not optimized directly in SUMO. Includes reported unfinished trips; not-inserted demand listed separately. No pedestrians or turns in this validation network."
benchmarks\original_sumo.json.runs.baseline.greens[1],30,"Independent SUMO cross-check using matched seeded arrivals and vehicle mix. ATLAS timing selected in the portable simulator, not optimized directly in SUMO. Includes reported unfinished trips; not-inserted demand listed separately. No pedestrians or turns in this validation network."
benchmarks\original_sumo.json.runs.baseline.mean_delay_s,49.18220264317182,"Independent SUMO cross-check using matched seeded arrivals and vehicle mix. ATLAS timing selected in the portable simulator, not optimized directly in SUMO. Includes reported unfinished trips; not-inserted demand listed separately. No pedestrians or turns in this validation network."
benchmarks\original_sumo.json.runs.baseline.vehicles_cleared,190,"Independent SUMO cross-check using matched seeded arrivals and vehicle mix. ATLAS timing selected in the portable simulator, not optimized directly in SUMO. Includes reported unfinished trips; not-inserted demand listed separately. No pedestrians or turns in this validation network."
benchmarks\original_sumo.json.runs.baseline.vehicles_reported,227,"Independent SUMO cross-check using matched seeded arrivals and vehicle mix. ATLAS timing selected in the portable simulator, not optimized directly in SUMO. Includes reported unfinished trips; not-inserted demand listed separately. No pedestrians or turns in this validation network."
benchmarks\original_sumo.json.runs.baseline.scheduled_demand,291,"Independent SUMO cross-check using matched seeded arrivals and vehicle mix. ATLAS timing selected in the portable simulator, not optimized directly in SUMO. Includes reported unfinished trips; not-inserted demand listed separately. No pedestrians or turns in this validation network."
benchmarks\original_sumo.json.runs.baseline.unfinished_or_not_inserted,101,"Independent SUMO cross-check using matched seeded arrivals and vehicle mix. ATLAS timing selected in the portable simulator, not optimized directly in SUMO. Includes reported unfinished trips; not-inserted demand listed separately. No pedestrians or turns in this validation network."
benchmarks\original_sumo.json.runs.baseline.mean_wait_s,17.74229074889868,"Independent SUMO cross-check using matched seeded arrivals and vehicle mix. ATLAS timing selected in the portable simulator, not optimized directly in SUMO. Includes reported unfinished trips; not-inserted demand listed separately. No pedestrians or turns in this validation network."
benchmarks\original_sumo.json.runs.atlas_surrogate.greens[0],30,"Independent SUMO cross-check using matched seeded arrivals and vehicle mix. ATLAS timing selected in the portable simulator, not optimized directly in SUMO. Includes reported unfinished trips; not-inserted demand listed separately. No pedestrians or turns in this validation network."
benchmarks\original_sumo.json.runs.atlas_surrogate.greens[1],12,"Independent SUMO cross-check using matched seeded arrivals and vehicle mix. ATLAS timing selected in the portable simulator, not optimized directly in SUMO. Includes reported unfinished trips; not-inserted demand listed separately. No pedestrians or turns in this validation network."
benchmarks\original_sumo.json.runs.atlas_surrogate.mean_delay_s,31.114649446494465,"Independent SUMO cross-check using matched seeded arrivals and vehicle mix. ATLAS timing selected in the portable simulator, not optimized directly in SUMO. Includes reported unfinished trips; not-inserted demand listed separately. No pedestrians or turns in this validation network."
benchmarks\original_sumo.json.runs.atlas_surrogate.vehicles_cleared,235,"Independent SUMO cross-check using matched seeded arrivals and vehicle mix. ATLAS timing selected in the portable simulator, not optimized directly in SUMO. Includes reported unfinished trips; not-inserted demand listed separately. No pedestrians or turns in this validation network."
benchmarks\original_sumo.json.runs.atlas_surrogate.vehicles_reported,271,"Independent SUMO cross-check using matched seeded arrivals and vehicle mix. ATLAS timing selected in the portable simulator, not optimized directly in SUMO. Includes reported unfinished trips; not-inserted demand listed separately. No pedestrians or turns in this validation network."
benchmarks\original_sumo.json.runs.atlas_surrogate.scheduled_demand,291,"Independent SUMO cross-check using matched seeded arrivals and vehicle mix. ATLAS timing selected in the portable simulator, not optimized directly in SUMO. Includes reported unfinished trips; not-inserted demand listed separately. No pedestrians or turns in this validation network."
benchmarks\original_sumo.json.runs.atlas_surrogate.unfinished_or_not_inserted,56,"Independent SUMO cross-check using matched seeded arrivals and vehicle mix. ATLAS timing selected in the portable simulator, not optimized directly in SUMO. Includes reported unfinished trips; not-inserted demand listed separately. No pedestrians or turns in this validation network."
benchmarks\original_sumo.json.runs.atlas_surrogate.mean_wait_s,11.22509225092251,"Independent SUMO cross-check using matched seeded arrivals and vehicle mix. ATLAS timing selected in the portable simulator, not optimized directly in SUMO. Includes reported unfinished trips; not-inserted demand listed separately. No pedestrians or turns in this validation network."
benchmarks\original_sumo.json.delay_reduction_pct,36.73595777676247,"Independent SUMO cross-check using matched seeded arrivals and vehicle mix. ATLAS timing selected in the portable simulator, not optimized directly in SUMO. Includes reported unfinished trips; not-inserted demand listed separately. No pedestrians or turns in this validation network."
benchmarks\original_tracking_metric_validation.json.metrics.HOTA,0.7071067811865476,"Synthetic analytic evaluator checks, not tracking accuracy on footage. One known identity switch."
benchmarks\original_tracking_metric_validation.json.metrics.MOTA,0.95,"Synthetic analytic evaluator checks, not tracking accuracy on footage. One known identity switch."
benchmarks\original_tracking_metric_validation.json.metrics.IDSW,1.0,"Synthetic analytic evaluator checks, not tracking accuracy on footage. One known identity switch."
benchmarks\original_tracking_metric_validation.json.metrics.Frag,0.0,"Synthetic analytic evaluator checks, not tracking accuracy on footage. One known identity switch."
benchmarks\original_tracking_metric_validation.json.metrics.IDF1,0.5,"Synthetic analytic evaluator checks, not tracking accuracy on footage. One known identity switch."
benchmarks\realistic_signal_control.json.controllers.fixed.mean_delay_s.mean,57.451916010498685,"Published Cologne SUMO network and modeled demand derived from real-world data; simulated interventions, not measured field delay improvements. Held-out demand period and seeds."
benchmarks\realistic_signal_control.json.controllers.fixed.mean_delay_s.std,0.5305457365190211,"Published Cologne SUMO network and modeled demand derived from real-world data; simulated interventions, not measured field delay improvements. Held-out demand period and seeds."
benchmarks\realistic_signal_control.json.controllers.fixed.median_delay_s.mean,54.46666666666666,"Published Cologne SUMO network and modeled demand derived from real-world data; simulated interventions, not measured field delay improvements. Held-out demand period and seeds."
benchmarks\realistic_signal_control.json.controllers.fixed.median_delay_s.std,0.5311622476544566,"Published Cologne SUMO network and modeled demand derived from real-world data; simulated interventions, not measured field delay improvements. Held-out demand period and seeds."
benchmarks\realistic_signal_control.json.controllers.fixed.completed_trips.mean,856.6666666666666,"Published Cologne SUMO network and modeled demand derived from real-world data; simulated interventions, not measured field delay improvements. Held-out demand period and seeds."
benchmarks\realistic_signal_control.json.controllers.fixed.completed_trips.std,1.1547005383792517,"Published Cologne SUMO network and modeled demand derived from real-world data; simulated interventions, not measured field delay improvements. Held-out demand period and seeds."
benchmarks\realistic_signal_control.json.controllers.fixed.throughput_vehicles_per_hour.mean,1713.3333333333333,"Published Cologne SUMO network and modeled demand derived from real-world data; simulated interventions, not measured field delay improvements. Held-out demand period and seeds."
benchmarks\realistic_signal_control.json.controllers.fixed.throughput_vehicles_per_hour.std,2.3094010767585034,"Published Cologne SUMO network and modeled demand derived from real-world data; simulated interventions, not measured field delay improvements. Held-out demand period and seeds."
benchmarks\realistic_signal_control.json.controllers.fixed.mean_queue.mean,18.979259259259262,"Published Cologne SUMO network and modeled demand derived from real-world data; simulated interventions, not measured field delay improvements. Held-out demand period and seeds."
benchmarks\realistic_signal_control.json.controllers.fixed.mean_queue.std,0.09329584785153774,"Published Cologne SUMO network and modeled demand derived from real-world data; simulated interventions, not measured field delay improvements. Held-out demand period and seeds."
benchmarks\realistic_signal_control.json.controllers.fixed.max_queue.mean,55.0,"Published Cologne SUMO network and modeled demand derived from real-world data; simulated interventions, not measured field delay improvements. Held-out demand period and seeds."
benchmarks\realistic_signal_control.json.controllers.fixed.max_queue.std,1.0,"Published Cologne SUMO network and modeled demand derived from real-world data; simulated interventions, not measured field delay improvements. Held-out demand period and seeds."
benchmarks\realistic_signal_control.json.controllers.fixed.stops_per_vehicle.mean,1.0641169853768278,"Published Cologne SUMO network and modeled demand derived from real-world data; simulated interventions, not measured field delay improvements. Held-out demand period and seeds."
benchmarks\realistic_signal_control.json.controllers.fixed.stops_per_vehicle.std,0.007874015748031513,"Published Cologne SUMO network and modeled demand derived from real-world data; simulated interventions, not measured field delay improvements. Held-out demand period and seeds."
benchmarks\realistic_signal_control.json.controllers.fixed.completed_mean_travel_time_s.mean,80.18604993137704,"Published Cologne SUMO network and modeled demand derived from real-world data; simulated interventions, not measured field delay improvements. Held-out demand period and seeds."
benchmarks\realistic_signal_control.json.controllers.fixed.completed_mean_travel_time_s.std,0.5826691272866512,"Published Cologne SUMO network and modeled demand derived from real-world data; simulated interventions, not measured field delay improvements. Held-out demand period and seeds."
benchmarks\realistic_signal_control.json.controllers.fixed.worst_observed_approach_delay_s.mean,69.80590594744122,"Published Cologne SUMO network and modeled demand derived from real-world data; simulated interventions, not measured field delay improvements. Held-out demand period and seeds."
benchmarks\realistic_signal_control.json.controllers.fixed.worst_observed_approach_delay_s.std,0.7792184119615954,"Published Cologne SUMO network and modeled demand derived from real-world data; simulated interventions, not measured field delay improvements. Held-out demand period and seeds."
benchmarks\realistic_signal_control.json.controllers.adaptive.mean_delay_s.mean,84.00712785901761,"Published Cologne SUMO network and modeled demand derived from real-world data; simulated interventions, not measured field delay improvements. Held-out demand period and seeds."
benchmarks\realistic_signal_control.json.controllers.adaptive.mean_delay_s.std,1.7211381461522848,"Published Cologne SUMO network and modeled demand derived from real-world data; simulated interventions, not measured field delay improvements. Held-out demand period and seeds."
benchmarks\realistic_signal_control.json.controllers.adaptive.median_delay_s.mean,65.13,"Published Cologne SUMO network and modeled demand derived from real-world data; simulated interventions, not measured field delay improvements. Held-out demand period and seeds."
benchmarks\realistic_signal_control.json.controllers.adaptive.median_delay_s.std,0.1905255888325755,"Published Cologne SUMO network and modeled demand derived from real-world data; simulated interventions, not measured field delay improvements. Held-out demand period and seeds."
benchmarks\realistic_signal_control.json.controllers.adaptive.completed_trips.mean,836.3333333333334,"Published Cologne SUMO network and modeled demand derived from real-world data; simulated interventions, not measured field delay improvements. Held-out demand period and seeds."
benchmarks\realistic_signal_control.json.controllers.adaptive.completed_trips.std,1.5275252316519468,"Published Cologne SUMO network and modeled demand derived from real-world data; simulated interventions, not measured field delay improvements. Held-out demand period and seeds."
benchmarks\realistic_signal_control.json.controllers.adaptive.throughput_vehicles_per_hour.mean,1672.6666666666667,"Published Cologne SUMO network and modeled demand derived from real-world data; simulated interventions, not measured field delay improvements. Held-out demand period and seeds."
benchmarks\realistic_signal_control.json.controllers.adaptive.throughput_vehicles_per_hour.std,3.0550504633038935,"Published Cologne SUMO network and modeled demand derived from real-world data; simulated interventions, not measured field delay improvements. Held-out demand period and seeds."
benchmarks\realistic_signal_control.json.controllers.adaptive.mean_queue.mean,28.08037037037037,"Published Cologne SUMO network and modeled demand derived from real-world data; simulated interventions, not measured field delay improvements. Held-out demand period and seeds."
benchmarks\realistic_signal_control.json.controllers.adaptive.mean_queue.std,0.6244440325555511,"Published Cologne SUMO network and modeled demand derived from real-world data; simulated interventions, not measured field delay improvements. Held-out demand period and seeds."
benchmarks\realistic_signal_control.json.controllers.adaptive.max_queue.mean,77.33333333333333,"Published Cologne SUMO network and modeled demand derived from real-world data; simulated interventions, not measured field delay improvements. Held-out demand period and seeds."
benchmarks\realistic_signal_control.json.controllers.adaptive.max_queue.std,4.618802153517006,"Published Cologne SUMO network and modeled demand derived from real-world data; simulated interventions, not measured field delay improvements. Held-out demand period and seeds."
benchmarks\realistic_signal_control.json.controllers.adaptive.stops_per_vehicle.mean,1.7086614173228345,"Published Cologne SUMO network and modeled demand derived from real-world data; simulated interventions, not measured field delay improvements. Held-out demand period and seeds."
benchmarks\realistic_signal_control.json.controllers.adaptive.stops_per_vehicle.std,0.03829481334206802,"Published Cologne SUMO network and modeled demand derived from real-world data; simulated interventions, not measured field delay improvements. Held-out demand period and seeds."
benchmarks\realistic_signal_control.json.controllers.adaptive.completed_mean_travel_time_s.mean,107.62373001197022,"Published Cologne SUMO network and modeled demand derived from real-world data; simulated interventions, not measured field delay improvements. Held-out demand period and seeds."
benchmarks\realistic_signal_control.json.controllers.adaptive.completed_mean_travel_time_s.std,1.7351851777340663,"Published Cologne SUMO network and modeled demand derived from real-world data; simulated interventions, not measured field delay improvements. Held-out demand period and seeds."
benchmarks\realistic_signal_control.json.controllers.adaptive.worst_observed_approach_delay_s.mean,147.74015214384508,"Published Cologne SUMO network and modeled demand derived from real-world data; simulated interventions, not measured field delay improvements. Held-out demand period and seeds."
benchmarks\realistic_signal_control.json.controllers.adaptive.worst_observed_approach_delay_s.std,6.392153421590497,"Published Cologne SUMO network and modeled demand derived from real-world data; simulated interventions, not measured field delay improvements. Held-out demand period and seeds."
benchmarks\realistic_signal_control.json.controllers.max_pressure.mean_delay_s.mean,37.99166104236971,"Published Cologne SUMO network and modeled demand derived from real-world data; simulated interventions, not measured field delay improvements. Held-out demand period and seeds."
benchmarks\realistic_signal_control.json.controllers.max_pressure.mean_delay_s.std,1.750214321316824,"Published Cologne SUMO network and modeled demand derived from real-world data; simulated interventions, not measured field delay improvements. Held-out demand period and seeds."
benchmarks\realistic_signal_control.json.controllers.max_pressure.median_delay_s.mean,28.613333333333333,"Published Cologne SUMO network and modeled demand derived from real-world data; simulated interventions, not measured field delay improvements. Held-out demand period and seeds."
benchmarks\realistic_signal_control.json.controllers.max_pressure.median_delay_s.std,2.195229676670151,"Published Cologne SUMO network and modeled demand derived from real-world data; simulated interventions, not measured field delay improvements. Held-out demand period and seeds."
benchmarks\realistic_signal_control.json.controllers.max_pressure.completed_trips.mean,863.6666666666666,"Published Cologne SUMO network and modeled demand derived from real-world data; simulated interventions, not measured field delay improvements. Held-out demand period and seeds."
benchmarks\realistic_signal_control.json.controllers.max_pressure.completed_trips.std,7.571877794400366,"Published Cologne SUMO network and modeled demand derived from real-world data; simulated interventions, not measured field delay improvements. Held-out demand period and seeds."
benchmarks\realistic_signal_control.json.controllers.max_pressure.throughput_vehicles_per_hour.mean,1727.3333333333333,"Published Cologne SUMO network and modeled demand derived from real-world data; simulated interventions, not measured field delay improvements. Held-out demand period and seeds."
benchmarks\realistic_signal_control.json.controllers.max_pressure.throughput_vehicles_per_hour.std,15.143755588800731,"Published Cologne SUMO network and modeled demand derived from real-world data; simulated interventions, not measured field delay improvements. Held-out demand period and seeds."
benchmarks\realistic_signal_control.json.controllers.max_pressure.mean_queue.mean,11.372407407407406,"Published Cologne SUMO network and modeled demand derived from real-world data; simulated interventions, not measured field delay improvements. Held-out demand period and seeds."
benchmarks\realistic_signal_control.json.controllers.max_pressure.mean_queue.std,0.5186349406336705,"Published Cologne SUMO network and modeled demand derived from real-world data; simulated interventions, not measured field delay improvements. Held-out demand period and seeds."
benchmarks\realistic_signal_control.json.controllers.max_pressure.max_queue.mean,45.333333333333336,"Published Cologne SUMO network and modeled demand derived from real-world data; simulated interventions, not measured field delay improvements. Held-out demand period and seeds."
benchmarks\realistic_signal_control.json.controllers.max_pressure.max_queue.std,3.0550504633038935,"Published Cologne SUMO network and modeled demand derived from real-world data; simulated interventions, not measured field delay improvements. Held-out demand period and seeds."
benchmarks\realistic_signal_control.json.controllers.max_pressure.stops_per_vehicle.mean,1.1432320959880016,"Published Cologne SUMO network and modeled demand derived from real-world data; simulated interventions, not measured field delay improvements. Held-out demand period and seeds."
benchmarks\realistic_signal_control.json.controllers.max_pressure.stops_per_vehicle.std,0.04612380746811185,"Published Cologne SUMO network and modeled demand derived from real-world data; simulated interventions, not measured field delay improvements. Held-out demand period and seeds."
benchmarks\realistic_signal_control.json.controllers.max_pressure.completed_mean_travel_time_s.mean,60.08857325963523,"Published Cologne SUMO network and modeled demand derived from real-world data; simulated interventions, not measured field delay improvements. Held-out demand period and seeds."
benchmarks\realistic_signal_control.json.controllers.max_pressure.completed_mean_travel_time_s.std,1.557208599471406,"Published Cologne SUMO network and modeled demand derived from real-world data; simulated interventions, not measured field delay improvements. Held-out demand period and seeds."
benchmarks\realistic_signal_control.json.controllers.max_pressure.worst_observed_approach_delay_s.mean,54.76096818810512,"Published Cologne SUMO network and modeled demand derived from real-world data; simulated interventions, not measured field delay improvements. Held-out demand period and seeds."
benchmarks\realistic_signal_control.json.controllers.max_pressure.worst_observed_approach_delay_s.std,2.61893284690785,"Published Cologne SUMO network and modeled demand derived from real-world data; simulated interventions, not measured field delay improvements. Held-out demand period and seeds."
benchmarks\realistic_signal_control.json.controllers.atlas.mean_delay_s.mean,66.4497787776528,"Published Cologne SUMO network and modeled demand derived from real-world data; simulated interventions, not measured field delay improvements. Held-out demand period and seeds."
benchmarks\realistic_signal_control.json.controllers.atlas.mean_delay_s.std,0.6629416819589687,"Published Cologne SUMO network and modeled demand derived from real-world data; simulated interventions, not measured field delay improvements. Held-out demand period and seeds."
benchmarks\realistic_signal_control.json.controllers.atlas.median_delay_s.mean,61.843333333333334,"Published Cologne SUMO network and modeled demand derived from real-world data; simulated interventions, not measured field delay improvements. Held-out demand period and seeds."
benchmarks\realistic_signal_control.json.controllers.atlas.median_delay_s.std,0.7900843836789418,"Published Cologne SUMO network and modeled demand derived from real-world data; simulated interventions, not measured field delay improvements. Held-out demand period and seeds."
benchmarks\realistic_signal_control.json.controllers.atlas.completed_trips.mean,854.3333333333334,"Published Cologne SUMO network and modeled demand derived from real-world data; simulated interventions, not measured field delay improvements. Held-out demand period and seeds."
benchmarks\realistic_signal_control.json.controllers.atlas.completed_trips.std,1.5275252316519468,"Published Cologne SUMO network and modeled demand derived from real-world data; simulated interventions, not measured field delay improvements. Held-out demand period and seeds."
benchmarks\realistic_signal_control.json.controllers.atlas.throughput_vehicles_per_hour.mean,1708.6666666666667,"Published Cologne SUMO network and modeled demand derived from real-world data; simulated interventions, not measured field delay improvements. Held-out demand period and seeds."
benchmarks\realistic_signal_control.json.controllers.atlas.throughput_vehicles_per_hour.std,3.0550504633038935,"Published Cologne SUMO network and modeled demand derived from real-world data; simulated interventions, not measured field delay improvements. Held-out demand period and seeds."
benchmarks\realistic_signal_control.json.controllers.atlas.mean_queue.mean,23.499259259259258,"Published Cologne SUMO network and modeled demand derived from real-world data; simulated interventions, not measured field delay improvements. Held-out demand period and seeds."
benchmarks\realistic_signal_control.json.controllers.atlas.mean_queue.std,0.2411945153577974,"Published Cologne SUMO network and modeled demand derived from real-world data; simulated interventions, not measured field delay improvements. Held-out demand period and seeds."
benchmarks\realistic_signal_control.json.controllers.atlas.max_queue.mean,63.666666666666664,"Published Cologne SUMO network and modeled demand derived from real-world data; simulated interventions, not measured field delay improvements. Held-out demand period and seeds."
benchmarks\realistic_signal_control.json.controllers.atlas.max_queue.std,1.5275252316519465,"Published Cologne SUMO network and modeled demand derived from real-world data; simulated interventions, not measured field delay improvements. Held-out demand period and seeds."
benchmarks\realistic_signal_control.json.controllers.atlas.stops_per_vehicle.mean,1.081739782527184,"Published Cologne SUMO network and modeled demand derived from real-world data; simulated interventions, not measured field delay improvements. Held-out demand period and seeds."
benchmarks\realistic_signal_control.json.controllers.atlas.stops_per_vehicle.std,0.013037374316245801,"Published Cologne SUMO network and modeled demand derived from real-world data; simulated interventions, not measured field delay improvements. Held-out demand period and seeds."
benchmarks\realistic_signal_control.json.controllers.atlas.completed_mean_travel_time_s.mean,89.08481547916371,"Published Cologne SUMO network and modeled demand derived from real-world data; simulated interventions, not measured field delay improvements. Held-out demand period and seeds."
benchmarks\realistic_signal_control.json.controllers.atlas.completed_mean_travel_time_s.std,0.7882477026305693,"Published Cologne SUMO network and modeled demand derived from real-world data; simulated interventions, not measured field delay improvements. Held-out demand period and seeds."
benchmarks\realistic_signal_control.json.controllers.atlas.worst_observed_approach_delay_s.mean,96.86275242047026,"Published Cologne SUMO network and modeled demand derived from real-world data; simulated interventions, not measured field delay improvements. Held-out demand period and seeds."
benchmarks\realistic_signal_control.json.controllers.atlas.worst_observed_approach_delay_s.std,2.1305524444747364,"Published Cologne SUMO network and modeled demand derived from real-world data; simulated interventions, not measured field delay improvements. Held-out demand period and seeds."
benchmarks\realistic_signal_control.json.mean_delay_reduction_pct,-15.667598984555367,"Published Cologne SUMO network and modeled demand derived from real-world data; simulated interventions, not measured field delay improvements. Held-out demand period and seeds."
benchmarks\realistic_signal_control.json.delay_reduction_std_pct,1.5151730448795147,"Published Cologne SUMO network and modeled demand derived from real-world data; simulated interventions, not measured field delay improvements. Held-out demand period and seeds."
benchmarks\realistic_signal_control.json.runs_per_controller,3,"Published Cologne SUMO network and modeled demand derived from real-world data; simulated interventions, not measured field delay improvements. Held-out demand period and seeds."
benchmarks\real_analytics.json.active_vehicle_count_mae,1.302112676056338,"Real annotated traffic, predeclared UA-DETRAC subset. Not a full UA-DETRAC challenge score or its PR-MOTA protocol."
benchmarks\real_analytics.json.active_vehicle_count_rmse,2.0158410213789626,"Real annotated traffic, predeclared UA-DETRAC subset. Not a full UA-DETRAC challenge score or its PR-MOTA protocol."
benchmarks\real_analytics_pilot900.json.active_vehicle_count_mae,1.23,"Real annotated traffic, predeclared UA-DETRAC subset. Not a full UA-DETRAC challenge score or its PR-MOTA protocol."
benchmarks\real_analytics_pilot900.json.active_vehicle_count_rmse,2.0322401432901573,"Real annotated traffic, predeclared UA-DETRAC subset. Not a full UA-DETRAC challenge score or its PR-MOTA protocol."
benchmarks\real_detection.json.map50_95,0.626218728485311,"Real annotated traffic, predeclared UA-DETRAC subset. Not a full UA-DETRAC challenge score or its PR-MOTA protocol."
benchmarks\real_detection.json.map50,0.898212478180169,"Real annotated traffic, predeclared UA-DETRAC subset. Not a full UA-DETRAC challenge score or its PR-MOTA protocol."
benchmarks\real_detection.json.per_class_ap.vehicle,0.626218728485311,"Real annotated traffic, predeclared UA-DETRAC subset. Not a full UA-DETRAC challenge score or its PR-MOTA protocol."
benchmarks\real_detection.json.precision,0.8315830165582114,"Real annotated traffic, predeclared UA-DETRAC subset. Not a full UA-DETRAC challenge score or its PR-MOTA protocol."
benchmarks\real_detection.json.recall,0.8446436751521498,"Real annotated traffic, predeclared UA-DETRAC subset. Not a full UA-DETRAC challenge score or its PR-MOTA protocol."
benchmarks\real_detection.json.f1,0.8380624634763977,"Real annotated traffic, predeclared UA-DETRAC subset. Not a full UA-DETRAC challenge score or its PR-MOTA protocol."
benchmarks\real_detection.json.tp,25814,"Real annotated traffic, predeclared UA-DETRAC subset. Not a full UA-DETRAC challenge score or its PR-MOTA protocol."
benchmarks\real_detection.json.fp,5228,"Real annotated traffic, predeclared UA-DETRAC subset. Not a full UA-DETRAC challenge score or its PR-MOTA protocol."
benchmarks\real_detection.json.fn,4748,"Real annotated traffic, predeclared UA-DETRAC subset. Not a full UA-DETRAC challenge score or its PR-MOTA protocol."
benchmarks\real_detection_pilot900.json.map50_95,0.663750357892999,"Real annotated traffic, predeclared UA-DETRAC subset. Not a full UA-DETRAC challenge score or its PR-MOTA protocol."
benchmarks\real_detection_pilot900.json.map50,0.9166086901615987,"Real annotated traffic, predeclared UA-DETRAC subset. Not a full UA-DETRAC challenge score or its PR-MOTA protocol."
benchmarks\real_detection_pilot900.json.per_class_ap.vehicle,0.663750357892999,"Real annotated traffic, predeclared UA-DETRAC subset. Not a full UA-DETRAC challenge score or its PR-MOTA protocol."
benchmarks\real_detection_pilot900.json.precision,0.8245644004099761,"Real annotated traffic, predeclared UA-DETRAC subset. Not a full UA-DETRAC challenge score or its PR-MOTA protocol."
benchmarks\real_detection_pilot900.json.recall,0.8705139765554554,"Real annotated traffic, predeclared UA-DETRAC subset. Not a full UA-DETRAC challenge score or its PR-MOTA protocol."
benchmarks\real_detection_pilot900.json.f1,0.8469163961751032,"Real annotated traffic, predeclared UA-DETRAC subset. Not a full UA-DETRAC challenge score or its PR-MOTA protocol."
benchmarks\real_detection_pilot900.json.tp,4827,"Real annotated traffic, predeclared UA-DETRAC subset. Not a full UA-DETRAC challenge score or its PR-MOTA protocol."
benchmarks\real_detection_pilot900.json.fp,1027,"Real annotated traffic, predeclared UA-DETRAC subset. Not a full UA-DETRAC challenge score or its PR-MOTA protocol."
benchmarks\real_detection_pilot900.json.fn,718,"Real annotated traffic, predeclared UA-DETRAC subset. Not a full UA-DETRAC challenge score or its PR-MOTA protocol."
benchmarks\real_forecasting.json.horizons.5.persistence.mae,2.813182668397252,"Real highway speed observations in mph; all 207 sensors. Temporal univariate models, not a graph-network benchmark or intersection-count forecasting validation."
benchmarks\real_forecasting.json.horizons.5.persistence.rmse,4.625025912151068,"Real highway speed observations in mph; all 207 sensors. Temporal univariate models, not a graph-network benchmark or intersection-count forecasting validation."
benchmarks\real_forecasting.json.horizons.5.persistence.mape_pct,6.414985836621652,"Real highway speed observations in mph; all 207 sensors. Temporal univariate models, not a graph-network benchmark or intersection-count forecasting validation."
benchmarks\real_forecasting.json.horizons.5.persistence.smape_pct,6.223281556568659,"Real highway speed observations in mph; all 207 sensors. Temporal univariate models, not a graph-network benchmark or intersection-count forecasting validation."
benchmarks\real_forecasting.json.horizons.5.persistence.valid_targets,1247252,"Real highway speed observations in mph; all 207 sensors. Temporal univariate models, not a graph-network benchmark or intersection-count forecasting validation."
benchmarks\real_forecasting.json.horizons.5.persistence.mape_targets,1246656,"Real highway speed observations in mph; all 207 sensors. Temporal univariate models, not a graph-network benchmark or intersection-count forecasting validation."
benchmarks\real_forecasting.json.horizons.5.persistence.mape_min_target_mph,5,"Real highway speed observations in mph; all 207 sensors. Temporal univariate models, not a graph-network benchmark or intersection-count forecasting validation."
benchmarks\real_forecasting.json.horizons.5.historical_mean.mae,7.515358943003926,"Real highway speed observations in mph; all 207 sensors. Temporal univariate models, not a graph-network benchmark or intersection-count forecasting validation."
benchmarks\real_forecasting.json.horizons.5.historical_mean.rmse,11.932396684197885,"Real highway speed observations in mph; all 207 sensors. Temporal univariate models, not a graph-network benchmark or intersection-count forecasting validation."
benchmarks\real_forecasting.json.horizons.5.historical_mean.mape_pct,24.185332302297425,"Real highway speed observations in mph; all 207 sensors. Temporal univariate models, not a graph-network benchmark or intersection-count forecasting validation."
benchmarks\real_forecasting.json.horizons.5.historical_mean.smape_pct,15.837075733488831,"Real highway speed observations in mph; all 207 sensors. Temporal univariate models, not a graph-network benchmark or intersection-count forecasting validation."
benchmarks\real_forecasting.json.horizons.5.historical_mean.valid_targets,1247252,"Real highway speed observations in mph; all 207 sensors. Temporal univariate models, not a graph-network benchmark or intersection-count forecasting validation."
benchmarks\real_forecasting.json.horizons.5.historical_mean.mape_targets,1246656,"Real highway speed observations in mph; all 207 sensors. Temporal univariate models, not a graph-network benchmark or intersection-count forecasting validation."
benchmarks\real_forecasting.json.horizons.5.historical_mean.mape_min_target_mph,5,"Real highway speed observations in mph; all 207 sensors. Temporal univariate models, not a graph-network benchmark or intersection-count forecasting validation."
benchmarks\real_forecasting.json.horizons.5.moving_average_3bin.mae,2.724124972424033,"Real highway speed observations in mph; all 207 sensors. Temporal univariate models, not a graph-network benchmark or intersection-count forecasting validation."
benchmarks\real_forecasting.json.horizons.5.moving_average_3bin.rmse,4.8317150493850685,"Real highway speed observations in mph; all 207 sensors. Temporal univariate models, not a graph-network benchmark or intersection-count forecasting validation."
benchmarks\real_forecasting.json.horizons.5.moving_average_3bin.mape_pct,6.507049559838637,"Real highway speed observations in mph; all 207 sensors. Temporal univariate models, not a graph-network benchmark or intersection-count forecasting validation."
benchmarks\real_forecasting.json.horizons.5.moving_average_3bin.smape_pct,6.099862182569398,"Real highway speed observations in mph; all 207 sensors. Temporal univariate models, not a graph-network benchmark or intersection-count forecasting validation."
benchmarks\real_forecasting.json.horizons.5.moving_average_3bin.valid_targets,1247252,"Real highway speed observations in mph; all 207 sensors. Temporal univariate models, not a graph-network benchmark or intersection-count forecasting validation."
benchmarks\real_forecasting.json.horizons.5.moving_average_3bin.mape_targets,1246656,"Real highway speed observations in mph; all 207 sensors. Temporal univariate models, not a graph-network benchmark or intersection-count forecasting validation."
benchmarks\real_forecasting.json.horizons.5.moving_average_3bin.mape_min_target_mph,5,"Real highway speed observations in mph; all 207 sensors. Temporal univariate models, not a graph-network benchmark or intersection-count forecasting validation."
benchmarks\real_forecasting.json.horizons.5.atlas_current_5bin.mae,2.8679983611845294,"Real highway speed observations in mph; all 207 sensors. Temporal univariate models, not a graph-network benchmark or intersection-count forecasting validation."
benchmarks\real_forecasting.json.horizons.5.atlas_current_5bin.rmse,5.27692469720693,"Real highway speed observations in mph; all 207 sensors. Temporal univariate models, not a graph-network benchmark or intersection-count forecasting validation."
benchmarks\real_forecasting.json.horizons.5.atlas_current_5bin.mape_pct,7.05605240398831,"Real highway speed observations in mph; all 207 sensors. Temporal univariate models, not a graph-network benchmark or intersection-count forecasting validation."
benchmarks\real_forecasting.json.horizons.5.atlas_current_5bin.smape_pct,6.466474836560162,"Real highway speed observations in mph; all 207 sensors. Temporal univariate models, not a graph-network benchmark or intersection-count forecasting validation."
benchmarks\real_forecasting.json.horizons.5.atlas_current_5bin.valid_targets,1247252,"Real highway speed observations in mph; all 207 sensors. Temporal univariate models, not a graph-network benchmark or intersection-count forecasting validation."
benchmarks\real_forecasting.json.horizons.5.atlas_current_5bin.mape_targets,1246656,"Real highway speed observations in mph; all 207 sensors. Temporal univariate models, not a graph-network benchmark or intersection-count forecasting validation."
benchmarks\real_forecasting.json.horizons.5.atlas_current_5bin.mape_min_target_mph,5,"Real highway speed observations in mph; all 207 sensors. Temporal univariate models, not a graph-network benchmark or intersection-count forecasting validation."
benchmarks\real_forecasting.json.horizons.5.atlas_gradient_boosting.mae,2.489725682308857,"Real highway speed observations in mph; all 207 sensors. Temporal univariate models, not a graph-network benchmark or intersection-count forecasting validation."
benchmarks\real_forecasting.json.horizons.5.atlas_gradient_boosting.rmse,4.20755868987954,"Real highway speed observations in mph; all 207 sensors. Temporal univariate models, not a graph-network benchmark or intersection-count forecasting validation."
benchmarks\real_forecasting.json.horizons.5.atlas_gradient_boosting.mape_pct,6.001410645420411,"Real highway speed observations in mph; all 207 sensors. Temporal univariate models, not a graph-network benchmark or intersection-count forecasting validation."
benchmarks\real_forecasting.json.horizons.5.atlas_gradient_boosting.smape_pct,5.6159927451739655,"Real highway speed observations in mph; all 207 sensors. Temporal univariate models, not a graph-network benchmark or intersection-count forecasting validation."
benchmarks\real_forecasting.json.horizons.5.atlas_gradient_boosting.valid_targets,1247252,"Real highway speed observations in mph; all 207 sensors. Temporal univariate models, not a graph-network benchmark or intersection-count forecasting validation."
benchmarks\real_forecasting.json.horizons.5.atlas_gradient_boosting.mape_targets,1246656,"Real highway speed observations in mph; all 207 sensors. Temporal univariate models, not a graph-network benchmark or intersection-count forecasting validation."
benchmarks\real_forecasting.json.horizons.5.atlas_gradient_boosting.mape_min_target_mph,5,"Real highway speed observations in mph; all 207 sensors. Temporal univariate models, not a graph-network benchmark or intersection-count forecasting validation."
benchmarks\real_forecasting.json.horizons.10.persistence.mae,3.2070384714108764,"Real highway speed observations in mph; all 207 sensors. Temporal univariate models, not a graph-network benchmark or intersection-count forecasting validation."
benchmarks\real_forecasting.json.horizons.10.persistence.rmse,5.673456846753632,"Real highway speed observations in mph; all 207 sensors. Temporal univariate models, not a graph-network benchmark or intersection-count forecasting validation."
benchmarks\real_forecasting.json.horizons.10.persistence.mape_pct,7.592669943437366,"Real highway speed observations in mph; all 207 sensors. Temporal univariate models, not a graph-network benchmark or intersection-count forecasting validation."
benchmarks\real_forecasting.json.horizons.10.persistence.smape_pct,7.175511381002043,"Real highway speed observations in mph; all 207 sensors. Temporal univariate models, not a graph-network benchmark or intersection-count forecasting validation."
benchmarks\real_forecasting.json.horizons.10.persistence.valid_targets,1247046,"Real highway speed observations in mph; all 207 sensors. Temporal univariate models, not a graph-network benchmark or intersection-count forecasting validation."
benchmarks\real_forecasting.json.horizons.10.persistence.mape_targets,1246450,"Real highway speed observations in mph; all 207 sensors. Temporal univariate models, not a graph-network benchmark or intersection-count forecasting validation."
benchmarks\real_forecasting.json.horizons.10.persistence.mape_min_target_mph,5,"Real highway speed observations in mph; all 207 sensors. Temporal univariate models, not a graph-network benchmark or intersection-count forecasting validation."
benchmarks\real_forecasting.json.horizons.10.historical_mean.mae,7.51580426953592,"Real highway speed observations in mph; all 207 sensors. Temporal univariate models, not a graph-network benchmark or intersection-count forecasting validation."
benchmarks\real_forecasting.json.horizons.10.historical_mean.rmse,11.933090545649545,"Real highway speed observations in mph; all 207 sensors. Temporal univariate models, not a graph-network benchmark or intersection-count forecasting validation."
benchmarks\real_forecasting.json.horizons.10.historical_mean.mape_pct,24.188017685636666,"Real highway speed observations in mph; all 207 sensors. Temporal univariate models, not a graph-network benchmark or intersection-count forecasting validation."
benchmarks\real_forecasting.json.horizons.10.historical_mean.smape_pct,15.838323168125488,"Real highway speed observations in mph; all 207 sensors. Temporal univariate models, not a graph-network benchmark or intersection-count forecasting validation."
benchmarks\real_forecasting.json.horizons.10.historical_mean.valid_targets,1247046,"Real highway speed observations in mph; all 207 sensors. Temporal univariate models, not a graph-network benchmark or intersection-count forecasting validation."
benchmarks\real_forecasting.json.horizons.10.historical_mean.mape_targets,1246450,"Real highway speed observations in mph; all 207 sensors. Temporal univariate models, not a graph-network benchmark or intersection-count forecasting validation."
benchmarks\real_forecasting.json.horizons.10.historical_mean.mape_min_target_mph,5,"Real highway speed observations in mph; all 207 sensors. Temporal univariate models, not a graph-network benchmark or intersection-count forecasting validation."
benchmarks\real_forecasting.json.horizons.10.moving_average_3bin.mae,3.0544056448590844,"Real highway speed observations in mph; all 207 sensors. Temporal univariate models, not a graph-network benchmark or intersection-count forecasting validation."
benchmarks\real_forecasting.json.horizons.10.moving_average_3bin.rmse,5.719236909171733,"Real highway speed observations in mph; all 207 sensors. Temporal univariate models, not a graph-network benchmark or intersection-count forecasting validation."
benchmarks\real_forecasting.json.horizons.10.moving_average_3bin.mape_pct,7.499873251581879,"Real highway speed observations in mph; all 207 sensors. Temporal univariate models, not a graph-network benchmark or intersection-count forecasting validation."
benchmarks\real_forecasting.json.horizons.10.moving_average_3bin.smape_pct,6.882441546352845,"Real highway speed observations in mph; all 207 sensors. Temporal univariate models, not a graph-network benchmark or intersection-count forecasting validation."
benchmarks\real_forecasting.json.horizons.10.moving_average_3bin.valid_targets,1247046,"Real highway speed observations in mph; all 207 sensors. Temporal univariate models, not a graph-network benchmark or intersection-count forecasting validation."
benchmarks\real_forecasting.json.horizons.10.moving_average_3bin.mape_targets,1246450,"Real highway speed observations in mph; all 207 sensors. Temporal univariate models, not a graph-network benchmark or intersection-count forecasting validation."
benchmarks\real_forecasting.json.horizons.10.moving_average_3bin.mape_min_target_mph,5,"Real highway speed observations in mph; all 207 sensors. Temporal univariate models, not a graph-network benchmark or intersection-count forecasting validation."
benchmarks\real_forecasting.json.horizons.10.atlas_current_5bin.mae,3.165742663061346,"Real highway speed observations in mph; all 207 sensors. Temporal univariate models, not a graph-network benchmark or intersection-count forecasting validation."
benchmarks\real_forecasting.json.horizons.10.atlas_current_5bin.rmse,6.04640598263009,"Real highway speed observations in mph; all 207 sensors. Temporal univariate models, not a graph-network benchmark or intersection-count forecasting validation."
benchmarks\real_forecasting.json.horizons.10.atlas_current_5bin.mape_pct,7.954747179302508,"Real highway speed observations in mph; all 207 sensors. Temporal univariate models, not a graph-network benchmark or intersection-count forecasting validation."
benchmarks\real_forecasting.json.horizons.10.atlas_current_5bin.smape_pct,7.165275224373814,"Real highway speed observations in mph; all 207 sensors. Temporal univariate models, not a graph-network benchmark or intersection-count forecasting validation."
benchmarks\real_forecasting.json.horizons.10.atlas_current_5bin.valid_targets,1247046,"Real highway speed observations in mph; all 207 sensors. Temporal univariate models, not a graph-network benchmark or intersection-count forecasting validation."
benchmarks\real_forecasting.json.horizons.10.atlas_current_5bin.mape_targets,1246450,"Real highway speed observations in mph; all 207 sensors. Temporal univariate models, not a graph-network benchmark or intersection-count forecasting validation."
benchmarks\real_forecasting.json.horizons.10.atlas_current_5bin.mape_min_target_mph,5,"Real highway speed observations in mph; all 207 sensors. Temporal univariate models, not a graph-network benchmark or intersection-count forecasting validation."
benchmarks\real_forecasting.json.horizons.10.atlas_gradient_boosting.mae,2.8947877370049473,"Real highway speed observations in mph; all 207 sensors. Temporal univariate models, not a graph-network benchmark or intersection-count forecasting validation."
benchmarks\real_forecasting.json.horizons.10.atlas_gradient_boosting.rmse,5.184876591875352,"Real highway speed observations in mph; all 207 sensors. Temporal univariate models, not a graph-network benchmark or intersection-count forecasting validation."
benchmarks\real_forecasting.json.horizons.10.atlas_gradient_boosting.mape_pct,7.3900214029662274,"Real highway speed observations in mph; all 207 sensors. Temporal univariate models, not a graph-network benchmark or intersection-count forecasting validation."
benchmarks\real_forecasting.json.horizons.10.atlas_gradient_boosting.smape_pct,6.582456520547418,"Real highway speed observations in mph; all 207 sensors. Temporal univariate models, not a graph-network benchmark or intersection-count forecasting validation."
benchmarks\real_forecasting.json.horizons.10.atlas_gradient_boosting.valid_targets,1247046,"Real highway speed observations in mph; all 207 sensors. Temporal univariate models, not a graph-network benchmark or intersection-count forecasting validation."
benchmarks\real_forecasting.json.horizons.10.atlas_gradient_boosting.mape_targets,1246450,"Real highway speed observations in mph; all 207 sensors. Temporal univariate models, not a graph-network benchmark or intersection-count forecasting validation."
benchmarks\real_forecasting.json.horizons.10.atlas_gradient_boosting.mape_min_target_mph,5,"Real highway speed observations in mph; all 207 sensors. Temporal univariate models, not a graph-network benchmark or intersection-count forecasting validation."
benchmarks\real_forecasting.json.horizons.15.persistence.mae,3.497609859311641,"Real highway speed observations in mph; all 207 sensors. Temporal univariate models, not a graph-network benchmark or intersection-count forecasting validation."
benchmarks\real_forecasting.json.horizons.15.persistence.rmse,6.415062752534187,"Real highway speed observations in mph; all 207 sensors. Temporal univariate models, not a graph-network benchmark or intersection-count forecasting validation."
benchmarks\real_forecasting.json.horizons.15.persistence.mape_pct,8.473965979988504,"Real highway speed observations in mph; all 207 sensors. Temporal univariate models, not a graph-network benchmark or intersection-count forecasting validation."
benchmarks\real_forecasting.json.horizons.15.persistence.smape_pct,7.856875745332053,"Real highway speed observations in mph; all 207 sensors. Temporal univariate models, not a graph-network benchmark or intersection-count forecasting validation."
benchmarks\real_forecasting.json.horizons.15.persistence.valid_targets,1246840,"Real highway speed observations in mph; all 207 sensors. Temporal univariate models, not a graph-network benchmark or intersection-count forecasting validation."
benchmarks\real_forecasting.json.horizons.15.persistence.mape_targets,1246244,"Real highway speed observations in mph; all 207 sensors. Temporal univariate models, not a graph-network benchmark or intersection-count forecasting validation."
benchmarks\real_forecasting.json.horizons.15.persistence.mape_min_target_mph,5,"Real highway speed observations in mph; all 207 sensors. Temporal univariate models, not a graph-network benchmark or intersection-count forecasting validation."
benchmarks\real_forecasting.json.horizons.15.historical_mean.mae,7.516164972374085,"Real highway speed observations in mph; all 207 sensors. Temporal univariate models, not a graph-network benchmark or intersection-count forecasting validation."
benchmarks\real_forecasting.json.horizons.15.historical_mean.rmse,11.933742519596443,"Real highway speed observations in mph; all 207 sensors. Temporal univariate models, not a graph-network benchmark or intersection-count forecasting validation."
benchmarks\real_forecasting.json.horizons.15.historical_mean.mape_pct,24.190562438764555,"Real highway speed observations in mph; all 207 sensors. Temporal univariate models, not a graph-network benchmark or intersection-count forecasting validation."
benchmarks\real_forecasting.json.horizons.15.historical_mean.smape_pct,15.839429473009659,"Real highway speed observations in mph; all 207 sensors. Temporal univariate models, not a graph-network benchmark or intersection-count forecasting validation."
benchmarks\real_forecasting.json.horizons.15.historical_mean.valid_targets,1246840,"Real highway speed observations in mph; all 207 sensors. Temporal univariate models, not a graph-network benchmark or intersection-count forecasting validation."
benchmarks\real_forecasting.json.horizons.15.historical_mean.mape_targets,1246244,"Real highway speed observations in mph; all 207 sensors. Temporal univariate models, not a graph-network benchmark or intersection-count forecasting validation."
benchmarks\real_forecasting.json.horizons.15.historical_mean.mape_min_target_mph,5,"Real highway speed observations in mph; all 207 sensors. Temporal univariate models, not a graph-network benchmark or intersection-count forecasting validation."
benchmarks\real_forecasting.json.horizons.15.moving_average_3bin.mae,3.3255596149181534,"Real highway speed observations in mph; all 207 sensors. Temporal univariate models, not a graph-network benchmark or intersection-count forecasting validation."
benchmarks\real_forecasting.json.horizons.15.moving_average_3bin.rmse,6.406836475770959,"Real highway speed observations in mph; all 207 sensors. Temporal univariate models, not a graph-network benchmark or intersection-count forecasting validation."
benchmarks\real_forecasting.json.horizons.15.moving_average_3bin.mape_pct,8.323607336500217,"Real highway speed observations in mph; all 207 sensors. Temporal univariate models, not a graph-network benchmark or intersection-count forecasting validation."
benchmarks\real_forecasting.json.horizons.15.moving_average_3bin.smape_pct,7.515499052175318,"Real highway speed observations in mph; all 207 sensors. Temporal univariate models, not a graph-network benchmark or intersection-count forecasting validation."
benchmarks\real_forecasting.json.horizons.15.moving_average_3bin.valid_targets,1246840,"Real highway speed observations in mph; all 207 sensors. Temporal univariate models, not a graph-network benchmark or intersection-count forecasting validation."
benchmarks\real_forecasting.json.horizons.15.moving_average_3bin.mape_targets,1246244,"Real highway speed observations in mph; all 207 sensors. Temporal univariate models, not a graph-network benchmark or intersection-count forecasting validation."
benchmarks\real_forecasting.json.horizons.15.moving_average_3bin.mape_min_target_mph,5,"Real highway speed observations in mph; all 207 sensors. Temporal univariate models, not a graph-network benchmark or intersection-count forecasting validation."
benchmarks\real_forecasting.json.horizons.15.atlas_current_5bin.mae,3.425923225087624,"Real highway speed observations in mph; all 207 sensors. Temporal univariate models, not a graph-network benchmark or intersection-count forecasting validation."
benchmarks\real_forecasting.json.horizons.15.atlas_current_5bin.rmse,6.67737718934744,"Real highway speed observations in mph; all 207 sensors. Temporal univariate models, not a graph-network benchmark or intersection-count forecasting validation."
benchmarks\real_forecasting.json.horizons.15.atlas_current_5bin.mape_pct,8.744818197346529,"Real highway speed observations in mph; all 207 sensors. Temporal univariate models, not a graph-network benchmark or intersection-count forecasting validation."
benchmarks\real_forecasting.json.horizons.15.atlas_current_5bin.smape_pct,7.768935795587067,"Real highway speed observations in mph; all 207 sensors. Temporal univariate models, not a graph-network benchmark or intersection-count forecasting validation."
benchmarks\real_forecasting.json.horizons.15.atlas_current_5bin.valid_targets,1246840,"Real highway speed observations in mph; all 207 sensors. Temporal univariate models, not a graph-network benchmark or intersection-count forecasting validation."
benchmarks\real_forecasting.json.horizons.15.atlas_current_5bin.mape_targets,1246244,"Real highway speed observations in mph; all 207 sensors. Temporal univariate models, not a graph-network benchmark or intersection-count forecasting validation."
benchmarks\real_forecasting.json.horizons.15.atlas_current_5bin.mape_min_target_mph,5,"Real highway speed observations in mph; all 207 sensors. Temporal univariate models, not a graph-network benchmark or intersection-count forecasting validation."
benchmarks\real_forecasting.json.horizons.15.atlas_gradient_boosting.mae,3.214339402465728,"Real highway speed observations in mph; all 207 sensors. Temporal univariate models, not a graph-network benchmark or intersection-count forecasting validation."
benchmarks\real_forecasting.json.horizons.15.atlas_gradient_boosting.rmse,5.838488000740395,"Real highway speed observations in mph; all 207 sensors. Temporal univariate models, not a graph-network benchmark or intersection-count forecasting validation."
benchmarks\real_forecasting.json.horizons.15.atlas_gradient_boosting.mape_pct,8.489068132600462,"Real highway speed observations in mph; all 207 sensors. Temporal univariate models, not a graph-network benchmark or intersection-count forecasting validation."
benchmarks\real_forecasting.json.horizons.15.atlas_gradient_boosting.smape_pct,7.315151726227147,"Real highway speed observations in mph; all 207 sensors. Temporal univariate models, not a graph-network benchmark or intersection-count forecasting validation."
benchmarks\real_forecasting.json.horizons.15.atlas_gradient_boosting.valid_targets,1246840,"Real highway speed observations in mph; all 207 sensors. Temporal univariate models, not a graph-network benchmark or intersection-count forecasting validation."
benchmarks\real_forecasting.json.horizons.15.atlas_gradient_boosting.mape_targets,1246244,"Real highway speed observations in mph; all 207 sensors. Temporal univariate models, not a graph-network benchmark or intersection-count forecasting validation."
benchmarks\real_forecasting.json.horizons.15.atlas_gradient_boosting.mape_min_target_mph,5,"Real highway speed observations in mph; all 207 sensors. Temporal univariate models, not a graph-network benchmark or intersection-count forecasting validation."
benchmarks\real_forecasting.json.sensors,207,"Real highway speed observations in mph; all 207 sensors. Temporal univariate models, not a graph-network benchmark or intersection-count forecasting validation."
benchmarks\real_forecasting.json.timestamps,34272,"Real highway speed observations in mph; all 207 sensors. Temporal univariate models, not a graph-network benchmark or intersection-count forecasting validation."
benchmarks\real_safety_qualitative.json.frames,4260,Real-world qualitative / trajectory-based validation is limited to verifying the calibration gate on real footage. No real conflict accuracy or physical trajectory validation is claimed.
benchmarks\real_safety_qualitative.json.generated_events,0,Real-world qualitative / trajectory-based validation is limited to verifying the calibration gate on real footage. No real conflict accuracy or physical trajectory validation is claimed.
benchmarks\real_tracking.json.HOTA,0.6397410013438133,"Real annotated traffic, predeclared UA-DETRAC subset. Not a full UA-DETRAC challenge score or its PR-MOTA protocol."
benchmarks\real_tracking.json.DetA,0.6043472084466253,"Real annotated traffic, predeclared UA-DETRAC subset. Not a full UA-DETRAC challenge score or its PR-MOTA protocol."
benchmarks\real_tracking.json.AssA,0.6801160190864709,"Real annotated traffic, predeclared UA-DETRAC subset. Not a full UA-DETRAC challenge score or its PR-MOTA protocol."
benchmarks\real_tracking.json.MOTA,0.6832013611674629,"Real annotated traffic, predeclared UA-DETRAC subset. Not a full UA-DETRAC challenge score or its PR-MOTA protocol."
benchmarks\real_tracking.json.MOTP,0.8339855446529554,"Real annotated traffic, predeclared UA-DETRAC subset. Not a full UA-DETRAC challenge score or its PR-MOTA protocol."
benchmarks\real_tracking.json.IDSW,151.0,"Real annotated traffic, predeclared UA-DETRAC subset. Not a full UA-DETRAC challenge score or its PR-MOTA protocol."
benchmarks\real_tracking.json.CLR_FP,4081.0,"Real annotated traffic, predeclared UA-DETRAC subset. Not a full UA-DETRAC challenge score or its PR-MOTA protocol."
benchmarks\real_tracking.json.CLR_FN,5450.0,"Real annotated traffic, predeclared UA-DETRAC subset. Not a full UA-DETRAC challenge score or its PR-MOTA protocol."
benchmarks\real_tracking.json.Frag,445.0,"Real annotated traffic, predeclared UA-DETRAC subset. Not a full UA-DETRAC challenge score or its PR-MOTA protocol."
benchmarks\real_tracking.json.IDF1,0.792770479457786,"Real annotated traffic, predeclared UA-DETRAC subset. Not a full UA-DETRAC challenge score or its PR-MOTA protocol."
benchmarks\real_tracking_pilot900.json.HOTA,0.6813024900741804,"Real annotated traffic, predeclared UA-DETRAC subset. Not a full UA-DETRAC challenge score or its PR-MOTA protocol."
benchmarks\real_tracking_pilot900.json.DetA,0.62515025919433,"Real annotated traffic, predeclared UA-DETRAC subset. Not a full UA-DETRAC challenge score or its PR-MOTA protocol."
benchmarks\real_tracking_pilot900.json.AssA,0.7480464791410015,"Real annotated traffic, predeclared UA-DETRAC subset. Not a full UA-DETRAC challenge score or its PR-MOTA protocol."
benchmarks\real_tracking_pilot900.json.MOTA,0.703155996393147,"Real annotated traffic, predeclared UA-DETRAC subset. Not a full UA-DETRAC challenge score or its PR-MOTA protocol."
benchmarks\real_tracking_pilot900.json.MOTP,0.8438549029011184,"Real annotated traffic, predeclared UA-DETRAC subset. Not a full UA-DETRAC challenge score or its PR-MOTA protocol."
benchmarks\real_tracking_pilot900.json.IDSW,19.0,"Real annotated traffic, predeclared UA-DETRAC subset. Not a full UA-DETRAC challenge score or its PR-MOTA protocol."
benchmarks\real_tracking_pilot900.json.CLR_FP,799.0,"Real annotated traffic, predeclared UA-DETRAC subset. Not a full UA-DETRAC challenge score or its PR-MOTA protocol."
benchmarks\real_tracking_pilot900.json.CLR_FN,828.0,"Real annotated traffic, predeclared UA-DETRAC subset. Not a full UA-DETRAC challenge score or its PR-MOTA protocol."
benchmarks\real_tracking_pilot900.json.Frag,65.0,"Real annotated traffic, predeclared UA-DETRAC subset. Not a full UA-DETRAC challenge score or its PR-MOTA protocol."
benchmarks\real_tracking_pilot900.json.IDF1,0.7988427809420486,"Real annotated traffic, predeclared UA-DETRAC subset. Not a full UA-DETRAC challenge score or its PR-MOTA protocol."
benchmarks\real_video_pipeline.json.pipeline_fps,29.418564326441963,"Actual annotated traffic frames encoded losslessly at the published 25 FPS. Fresh complete production pipeline runs; includes initialization, analytics, SQLite and JSON persistence. CPU only."
benchmarks\real_video_pipeline.json.frames,4260,"Actual annotated traffic frames encoded losslessly at the published 25 FPS. Fresh complete production pipeline runs; includes initialization, analytics, SQLite and JSON persistence. CPU only."
benchmarks\real_video_pipeline.json.total_pipeline_wall_seconds,144.80652260011993,"Actual annotated traffic frames encoded losslessly at the published 25 FPS. Fresh complete production pipeline runs; includes initialization, analytics, SQLite and JSON persistence. CPU only."
benchmarks\real_video_pipeline.json.inference_ms.p50,28.7765,"Actual annotated traffic frames encoded losslessly at the published 25 FPS. Fresh complete production pipeline runs; includes initialization, analytics, SQLite and JSON persistence. CPU only."
benchmarks\real_video_pipeline.json.inference_ms.p95,35.69434999999999,"Actual annotated traffic frames encoded losslessly at the published 25 FPS. Fresh complete production pipeline runs; includes initialization, analytics, SQLite and JSON persistence. CPU only."
benchmarks\real_video_pipeline.json.inference_ms.p99,40.85038,"Actual annotated traffic frames encoded losslessly at the published 25 FPS. Fresh complete production pipeline runs; includes initialization, analytics, SQLite and JSON persistence. CPU only."
benchmarks\real_video_pipeline.json.seconds_per_minute_video,50.98821218314082,"Actual annotated traffic frames encoded losslessly at the published 25 FPS. Fresh complete production pipeline runs; includes initialization, analytics, SQLite and JSON persistence. CPU only."
benchmarks\real_video_pipeline.json.memory_peak_rss_mb,634.79296875,"Actual annotated traffic frames encoded losslessly at the published 25 FPS. Fresh complete production pipeline runs; includes initialization, analytics, SQLite and JSON persistence. CPU only."
benchmarks\real_video_pipeline.json.cpu_process_percent,822.9946956816245,"Actual annotated traffic frames encoded losslessly at the published 25 FPS. Fresh complete production pipeline runs; includes initialization, analytics, SQLite and JSON persistence. CPU only."
benchmarks\real_video_pipeline.json.cpu_machine_capacity_percent,29.392667702915166,"Actual annotated traffic frames encoded losslessly at the published 25 FPS. Fresh complete production pipeline runs; includes initialization, analytics, SQLite and JSON persistence. CPU only."
benchmarks\real_video_pipeline.json.events_per_second,0,"Actual annotated traffic frames encoded losslessly at the published 25 FPS. Fresh complete production pipeline runs; includes initialization, analytics, SQLite and JSON persistence. CPU only."
benchmarks\real_video_systems.json.frames,4260,Actual real annotated frames. Separate detector and production detector+tracker passes; wall/RSS/CPU include both passes. No GPU or calibrated safety-event throughput claim.
benchmarks\real_video_systems.json.detector_tracker_fps,27.93374281446189,Actual real annotated frames. Separate detector and production detector+tracker passes; wall/RSS/CPU include both passes. No GPU or calibrated safety-event throughput claim.
benchmarks\real_video_systems.json.seconds_per_minute_video,53.69849683098744,Actual real annotated frames. Separate detector and production detector+tracker passes; wall/RSS/CPU include both passes. No GPU or calibrated safety-event throughput claim.
benchmarks\real_video_systems.json.tracking_inference_seconds,152.50373100000434,Actual real annotated frames. Separate detector and production detector+tracker passes; wall/RSS/CPU include both passes. No GPU or calibrated safety-event throughput claim.
benchmarks\real_video_systems.json.evaluation_wall_seconds,313.31044919998385,Actual real annotated frames. Separate detector and production detector+tracker passes; wall/RSS/CPU include both passes. No GPU or calibrated safety-event throughput claim.
benchmarks\real_video_systems.json.memory_peak_rss_mb,769.3203125,Actual real annotated frames. Separate detector and production detector+tracker passes; wall/RSS/CPU include both passes. No GPU or calibrated safety-event throughput claim.
benchmarks\real_video_systems_pilot900.json.frames,900,Actual real annotated frames. Separate detector and production detector+tracker passes; wall/RSS/CPU include both passes. No GPU or calibrated safety-event throughput claim.
benchmarks\real_video_systems_pilot900.json.detector_tracker_fps,33.00711860269329,Actual real annotated frames. Separate detector and production detector+tracker passes; wall/RSS/CPU include both passes. No GPU or calibrated safety-event throughput claim.
benchmarks\real_video_systems_pilot900.json.seconds_per_minute_video,45.44474233135892,Actual real annotated frames. Separate detector and production detector+tracker passes; wall/RSS/CPU include both passes. No GPU or calibrated safety-event throughput claim.
benchmarks\real_video_systems_pilot900.json.tracking_inference_seconds,27.26684539881535,Actual real annotated frames. Separate detector and production detector+tracker passes; wall/RSS/CPU include both passes. No GPU or calibrated safety-event throughput claim.
benchmarks\real_video_systems_pilot900.json.evaluation_wall_seconds,58.09491389989853,Actual real annotated frames. Separate detector and production detector+tracker passes; wall/RSS/CPU include both passes. No GPU or calibrated safety-event throughput claim.
benchmarks\real_video_systems_pilot900.json.memory_peak_rss_mb,541.87109375,Actual real annotated frames. Separate detector and production detector+tracker passes; wall/RSS/CPU include both passes. No GPU or calibrated safety-event throughput claim.
